城市,年度,全社会用电量万千瓦时,人工煤气和天然气供气总量万立方米市辖区,液化石油气供气总量吨市辖区,电折标准煤系数0.1229千克标准煤/千瓦小时=1.229吨标准煤/万千瓦小时,天然气折标准煤系数1.33千克标准煤/立方米=13.3吨标准煤/万立方米,液化石油气折标准煤系数1.7143千克标准煤/千克=1.7143吨标准煤/吨,总吨标准煤,取对数,实际GDP,能源效率
安康市,2006,74311,245,1400,1.229,13.3,1.7143,96986.739,11.48232954,1572362,0.061682195
安康市,2007,98717,245,1700,1.229,13.3,1.7143,127496.003,11.75584029,1732218.139,0.073602741
安康市,2008,99779,245,1700,1.229,13.3,1.7143,128801.201,11.76602542,1961424.78,0.065667163
安康市,2009,92858,245,2000,1.229,13.3,1.7143,120809.582,11.70197088,2323913.74,0.051985399
安康市,2010,112652,245,2121,1.229,13.3,1.7143,145343.8383,11.88685751,2557851.443,0.056822627
安康市,2011,118811,245,2500,1.229,13.3,1.7143,153562.969,11.94186598,2912287.691,0.052729327
安康市,2012,131790,245,2600,1.229,13.3,1.7143,169685.59,12.04170253,3433023.678,0.049427445
安康市,2013,165393,500,3100,1.229,13.3,1.7143,215232.327,12.27947331,4103696.688,0.0524484
安康市,2014,170968,780,2565,1.229,13.3,1.7143,224890.8515,12.32337046,4687914.459,0.047972473
安康市,2015,179373,922,2465,1.229,13.3,1.7143,236937.7665,12.3755528,5500016.092,0.043079468
安康市,2016,195357,1042,2465,1.229,13.3,1.7143,258178.1025,12.46140495,6062865.769,0.04258351
安康市,2017,437136,1162,2465,1.229,13.3,1.7143,556920.4935,13.23017777,6703320.601,0.083081286
安康市,2018,516056,1317,2413,1.229,13.3,1.7143,655885.5299,13.39374156,7560172.746,0.086755363
安康市,2019,540882,1317,2413,1.229,13.3,1.7143,686396.6839,13.439211,7755029.763,0.088509871
安康市,2020,540900,4259,5115,1.229,13.3,1.7143,730179.4445,13.5010456,7193642.485,0.101503438
安康市,2021,579750,5334,5173,1.229,13.3,1.7143,792323.0239,13.58272445,7399905.097,0.107072052
安庆市,2006,219000,1061,335900,1.229,13.3,1.7143,859095.67,13.66363557,4942100,0.17383211
安庆市,2007,251850,1036,346394,1.229,13.3,1.7143,917125.6842,13.7289998,5488302.522,0.167105527
安庆市,2008,264500,1437,347865,1.229,13.3,1.7143,940527.5695,13.75419624,6183586.99,0.152100645
安庆市,2009,286422,2032,356381,1.229,13.3,1.7143,989982.1863,13.80544223,6699850.339,0.147761836
安庆市,2010,324125,918,361594,1.229,13.3,1.7143,1030439.619,13.84549608,8051230.108,0.127985364
安庆市,2011,385511,3678,360072,1.229,13.3,1.7143,1139981.849,13.9465229,9139762.878,0.124727727
安庆市,2012,355056,4357,327408,1.229,13.3,1.7143,1055587.458,13.869608,10092261.21,0.104593751
安庆市,2013,408002,5292,449177,1.229,13.3,1.7143,1341842.189,14.109554,10346083.55,0.129695665
安庆市,2014,386258,6045,605744,1.229,13.3,1.7143,1593536.521,14.28146633,11244913.16,0.141711768
安庆市,2015,372226,6058,597844,1.229,13.3,1.7143,1562921.123,14.26206714,10601504.87,0.147424459
安庆市,2016,386865,7238,597844,1.229,13.3,1.7143,1596606.454,14.28339097,11287126.45,0.141453758
安庆市,2017,961954,8385,4660,1.229,13.3,1.7143,1301750.604,14.07922054,12127216.01,0.107341256
安庆市,2018,1079200,10275,4660,1.229,13.3,1.7143,1470982.938,14.2014414,12824215.06,0.114703546
安庆市,2019,1162032,10541,10956,1.229,13.3,1.7143,1587114.499,14.27742814,15771352.61,0.100632745
安庆市,2020,1204700,10741,10950,1.229,13.3,1.7143,1642203.185,14.3115493,16179365.97,0.101499848
安庆市,2021,1360700,13266,2900,1.229,13.3,1.7143,1853709.57,14.43269936,17126699.91,0.10823507
安顺市,2006,14523,5,3680,1.229,13.3,1.7143,24223.891,10.09509466,1237372,0.019576886
安顺市,2007,38247,5,3650,1.229,13.3,1.7143,53329.258,10.88424039,1330685.921,0.040076518
安顺市,2008,22372,5,3750,1.229,13.3,1.7143,33990.313,10.43383085,1383902.462,0.024561206
安顺市,2009,201693,5,3500,1.229,13.3,1.7143,253947.247,12.44488184,1635314.418,0.155289554
安顺市,2010,264542,33,4927,1.229,13.3,1.7143,334007.3741,12.71891835,1873670.64,0.178263654
安顺市,2011,305077,36,4088,1.229,13.3,1.7143,382426.4914,12.85429173,2133143.758,0.179278349
安顺市,2012,342655,70,3883,1.229,13.3,1.7143,428710.6219,12.96853743,2479207.935,0.172922414
安顺市,2013,374607,450,4002,1.229,13.3,1.7143,473237.6316,13.06735293,2867936.522,0.1650098
安顺市,2014,360960,974,4035,1.229,13.3,1.7143,463491.2405,13.04654277,3346991.344,0.138479964
安顺市,2015,430770,1712,11939,1.229,13.3,1.7143,572652.9577,13.25803515,3877465.133,0.147687455
安顺市,2016,431595,2108,10952,1.229,13.3,1.7143,577241.6686,13.26601629,4294966.295,0.134399581
安顺市,2017,984406,2424,13723.5,1.229,13.3,1.7143,1265600.37,14.05105717,4693759.48,0.269634687
安顺市,2018,656997,2740,16495,1.229,13.3,1.7143,872168.6915,13.67873814,4803378.991,0.181573991
安顺市,2019,697295,3519,16429,1.229,13.3,1.7143,931942.4897,13.74502639,5181064.756,0.179874704
安顺市,2020,737593,4719,7160,1.229,13.3,1.7143,981538.885,13.79687691,5330110.5,0.184149819
安顺市,2021,830000,5220,10439,1.229,13.3,1.7143,1107391.578,13.91751788,5889979.871,0.188012795
安阳市,2006,736257,9422,8850,1.229,13.3,1.7143,1045344.008,13.85985658,6460021,0.161817432
安阳市,2007,866961,9094,8950,1.229,13.3,1.7143,1201788.254,13.99932122,7480009.771,0.160666669
安阳市,2008,840237,67097,7968,1.229,13.3,1.7143,1938700.915,14.47752868,8980754.723,0.215872828
安阳市,2009,958634,67503,7810,1.229,13.3,1.7143,2089339.769,14.55235867,10007866.57,0.208769747
安阳市,2010,1291473,67163,7657,1.229,13.3,1.7143,2493614.612,14.72924387,11138553.21,0.223872397
安阳市,2011,1501935,63728,7217,1.229,13.3,1.7143,2705832.618,14.81092023,12134502.77,0.222986691
安阳市,2012,1349051,59953,7256,1.229,13.3,1.7143,2467797.54,14.71883663,12796503.34,0.192849365
安阳市,2013,1458334,60397,7206,1.229,13.3,1.7143,2607925.832,14.77406576,13722163.84,0.190052084
安阳市,2014,1595877,61359,7326,1.229,13.3,1.7143,2789966.495,14.84154014,14550089.69,0.191749093
安阳市,2015,1577446,61477,6890,1.229,13.3,1.7143,2768136.761,14.833685,15465557.41,0.178987196
安阳市,2016,1515098,65130,6254,1.229,13.3,1.7143,2739005.674,14.82310552,16607121.22,0.164929589
安阳市,2017,2110328,68444,6184,1.229,13.3,1.7143,3514499.543,15.0724077,17817298.74,0.197252097
安阳市,2018,2228780,72618,6080,1.229,13.3,1.7143,3715412.964,15.12800039,18305868.81,0.202962941
安阳市,2019,2105163,76019,5710,1.229,13.3,1.7143,3608086.68,15.09868818,16927116.95,0.213154236
安阳市,2020,2151000,72641,5419,1.229,13.3,1.7143,3618994.092,15.10170667,17281786.82,0.209410875
安阳市,2021,2315200,13551,1441,1.229,13.3,1.7143,3028079.406,14.92343912,18367207.94,0.164863349
鞍山市,2006,1392059,13448,10235,1.229,13.3,1.7143,1907244.772,14.46117023,11360123,0.167889447
鞍山市,2007,1554008,14305,3143,1.229,13.3,1.7143,2105520.377,14.5600732,12365594.45,0.170272475
鞍山市,2008,1468481,15626,4109,1.229,13.3,1.7143,2019633.008,14.51842637,13890945.78,0.145392045
鞍山市,2009,1405450,15027,5321,1.229,13.3,1.7143,1936278.94,14.47627862,15631867.56,0.12386741
鞍山市,2010,1581463,14566,5321,1.229,13.3,1.7143,2146467.617,14.57933408,19526565.72,0.109925506
鞍山市,2011,1601556,14571,5628,1.229,13.3,1.7143,2171754.704,14.59104602,20638814.11,0.10522672
鞍山市,2012,1548396,18090,5100,1.229,13.3,1.7143,2152318.614,14.58205624,20857054.18,0.103193797
鞍山市,2013,1635265,16489,5100,1.229,13.3,1.7143,2237787.315,14.62099813,22747974.67,0.098373035
鞍山市,2014,1640013,19497,5100,1.229,13.3,1.7143,2283629.007,14.64127641,20976899.16,0.108863993
鞍山市,2015,1600251,19882,5100,1.229,13.3,1.7143,2239882.009,14.62193375,20929365.48,0.107021018
鞍山市,2016,2113452,15845,5204,1.229,13.3,1.7143,2817092.225,14.85121579,13040828.59,0.216020953
鞍山市,2017,2681725,18305,8407,1.229,13.3,1.7143,3553708.645,15.0835023,14094387.75,0.252136432
鞍山市,2018,2800000,18919,8978,1.229,13.3,1.7143,3708213.685,15.12606083,14907579.47,0.248746867
鞍山市,2019,3042546,17210,11130,1.229,13.3,1.7143,3987262.193,15.19861539,14811037.47,0.269208838
鞍山市,2020,552000,17644,11733,1.229,13.3,1.7143,933187.0819,13.74636098,14695130.55,0.06350315
鞍山市,2021,3198400,20910,25934,1.229,13.3,1.7143,4253395.256,15.26322811,15376794.41,0.276611311
巴彦淖尔市,2006,76800,2,13840,1.229,13.3,1.7143,118139.712,11.6796232,2782323,0.042460819
巴彦淖尔市,2007,78903,2,15483,1.229,13.3,1.7143,123540.8939,11.7243275,3375528.621,0.036598977
巴彦淖尔市,2008,97604,2,15010,1.229,13.3,1.7143,145713.559,11.88939805,4024032.011,0.036210835
巴彦淖尔市,2009,124286,2,15010,1.229,13.3,1.7143,178505.737,12.09237602,4763079.519,0.037476959
巴彦淖尔市,2010,111021,53,15010,1.229,13.3,1.7143,162881.352,12.00077731,5571582.224,0.029234308
巴彦淖尔市,2011,124920,2266,15010,1.229,13.3,1.7143,209396.123,12.25198306,6534372.454,0.03204533
巴彦淖尔市,2012,132536,3285,12000,1.229,13.3,1.7143,227148.844,12.33336078,7397324.637,0.030706891
巴彦淖尔市,2013,189971,3485,10714.286,1.229,13.3,1.7143,298192.3595,12.60549406,7585816.198,0.039309199
巴彦淖尔市,2014,120521,5225,9428.5714,1.229,13.3,1.7143,233776.209,12.36211956,7961358.602,0.029363859
巴彦淖尔市,2015,159438,5502,8142.8571,1.229,13.3,1.7143,283085.2019,12.5535032,8236081.131,0.034371347
巴彦淖尔市,2016,116387,5332,6857.1429,1.229,13.3,1.7143,225710.4231,12.32700814,8536222.247,0.026441489
巴彦淖尔市,2017,1373838,3567,5571.4286,1.229,13.3,1.7143,1745439.102,14.37251672,7758019.416,0.224985142
巴彦淖尔市,2018,1582809,3651,4285.7143,1.229,13.3,1.7143,2001177.561,14.50924635,7087458.416,0.282354752
巴彦淖尔市,2019,1570689,5197,3000,1.229,13.3,1.7143,2004639.781,14.51097494,7523768.66,0.266440912
巴彦淖尔市,2020,1435000,4428,2800,1.229,13.3,1.7143,1827307.44,14.4183541,7466305.733,0.244740506
巴彦淖尔市,2021,1174800,4522,2900,1.229,13.3,1.7143,1508943.27,14.22692014,7348829.78,0.205331096
巴中市,2006,25863,1628,890,1.229,13.3,1.7143,54963.754,10.91442923,1345233.196,0.040858161
巴中市,2007,34763,1708,1000,1.229,13.3,1.7143,67154.427,11.11475013,1490572.141,0.045052786
巴中市,2008,41048,1966,850,1.229,13.3,1.7143,78052.947,11.26514268,1862140.921,0.041915704
巴中市,2009,34773,2515,800,1.229,13.3,1.7143,77556.957,11.25876787,1968595.628,0.039397099
巴中市,2010,34695,3007,700,1.229,13.3,1.7143,83833.265,11.33658516,2183472.289,0.038394472
巴中市,2011,40397,3224,560,1.229,13.3,1.7143,93487.121,11.44557896,2623591.179,0.035633265
巴中市,2012,45460,6341,650,1.229,13.3,1.7143,141319.935,11.85878164,2959854.652,0.047745566
巴中市,2013,75282,6794,1200,1.229,13.3,1.7143,184938.938,12.12778098,3140484.561,0.058888663
巴中市,2014,99267,6520,1324,1.229,13.3,1.7143,210984.8762,12.25954173,3542424.421,0.059559457
巴中市,2015,70855,7200,4300,1.229,13.3,1.7143,190212.285,12.15589602,3838607.876,0.049552414
巴中市,2016,120323,8100,4050,1.229,13.3,1.7143,262549.882,12.47819637,3941167.353,0.066617288
巴中市,2017,300978,10275,3870,1.229,13.3,1.7143,513193.803,13.14840884,4152734.515,0.123579728
巴中市,2018,339950,11800,3975,1.229,13.3,1.7143,581552.8925,13.27345721,4432005.918,0.131216633
巴中市,2019,351582,15019,3014,1.229,13.3,1.7143,637013.8782,13.36454672,5123513.018,0.124331465
巴中市,2020,342000,10793,2503,1.229,13.3,1.7143,568155.7929,13.25015094,7670000,0.074075071
巴中市,2021,414700,13438,2211,1.229,13.3,1.7143,692182.0173,13.44760423,4908368.944,0.14102078
白城市,2006,39284,265,7200,1.229,13.3,1.7143,64147.496,11.06894034,1900399,0.033754752
白城市,2007,39817,265,7300,1.229,13.3,1.7143,64973.983,11.08174221,2017450.116,0.032205992
白城市,2008,37530,265,7397,1.229,13.3,1.7143,62329.5471,11.04019086,2425052.005,0.025702355
白城市,2009,36924,265,7600,1.229,13.3,1.7143,61932.776,11.03380482,2892187.182,0.02141382
白城市,2010,48120,591,7612,1.229,13.3,1.7143,80049.0316,11.29039462,3410377.17,0.023472193
白城市,2011,66978,917,7820,1.229,13.3,1.7143,107917.888,11.58912592,3890843.244,0.027736375
白城市,2012,80882,1243,7663,1.229,13.3,1.7143,129072.5589,11.76813,4191384.743,0.030794729
白城市,2013,86191,1352,7525,1.229,13.3,1.7143,136810.4465,11.82635164,4708561.329,0.029055679
白城市,2014,120902,2193,4808,1.229,13.3,1.7143,185997.8124,12.13349019,4692537.013,0.039636941
白城市,2015,220000,2201,5004,1.229,13.3,1.7143,308231.6572,12.63860691,5050644.52,0.061028183
白城市,2016,320000,2301,5005,1.229,13.3,1.7143,432463.3715,12.97725291,5171322.886,0.083627223
白城市,2017,440973,2400,5004,1.229,13.3,1.7143,582454.1742,13.27500579,4846384.639,0.120183233
白城市,2018,475436,1951,2701,1.229,13.3,1.7143,614889.4683,13.3291978,4558572.292,0.134886414
白城市,2019,496789,2142,1720,1.229,13.3,1.7143,641990.877,13.37232937,3655238.228,0.175635851
白城市,2020,526300,1801,1545,1.229,13.3,1.7143,673424.5935,13.42013131,3695696.629,0.18221858
白城市,2021,545300,2134,1658,1.229,13.3,1.7143,701398.2094,13.46083106,3962513.175,0.177008423
白山市,2006,81951,33,1087,1.229,13.3,1.7143,103020.1231,11.54267962,1919006,0.053684107
白山市,2007,111518,33,1800,1.229,13.3,1.7143,140580.262,11.85353386,2095463.799,0.067087898
白山市,2008,122815,33,2801,1.229,13.3,1.7143,156180.2893,11.95876632,2505360.667,0.062338445
白山市,2009,117883,71,3337,1.229,13.3,1.7143,151543.1261,11.92862552,2918969.346,0.051916656
白山市,2010,213038,104,3732,1.229,13.3,1.7143,269604.6696,12.50471198,3318348.048,0.081246652
白山市,2011,222526,155,5705,1.229,13.3,1.7143,285326.0355,12.56138779,3728484.978,0.076525998
白山市,2012,213795,198,5135,1.229,13.3,1.7143,274190.3855,12.52157798,4378791.522,0.062617821
白山市,2013,202011,230,4895,1.229,13.3,1.7143,259722.0175,12.46736717,4581358.847,0.056691044
白山市,2014,211485,242,5687,1.229,13.3,1.7143,272882.8891,12.516798,4618049.313,0.05909051
白山市,2015,206191,498,4215,1.229,13.3,1.7143,267257.9135,12.49596944,4825932.403,0.055379539
白山市,2016,197500,769,3645,1.229,13.3,1.7143,259203.8235,12.46536999,5145361.359,0.050376214
白山市,2017,320885,1600,3302,1.229,13.3,1.7143,421308.2836,12.95112011,5038100.627,0.083624428
白山市,2018,317211,1826,2600,1.229,13.3,1.7143,418595.299,12.94465986,4973490.647,0.084165293
白山市,2019,322134,2851,2655,1.229,13.3,1.7143,438372.4525,12.99082418,3781537.109,0.115924408
白山市,2020,329400,4900,2000,1.229,13.3,1.7143,473431.2,13.06776188,3688450.165,0.128355049
白山市,2021,354000,2577,2420,1.229,13.3,1.7143,473488.706,13.06788334,3904771.635,0.121259001
白银市,2006,551633,957,1833,1.229,13.3,1.7143,693827.3689,13.44997846,1757102,0.394870286
白银市,2007,560438,1236,1653,1.229,13.3,1.7143,708050.8399,13.47027118,1919197.365,0.368930707
白银市,2008,622353,1480,1760,1.229,13.3,1.7143,787573.005,13.57671135,2166191.736,0.363574928
白银市,2009,646382,1764,1710,1.229,13.3,1.7143,820796.131,13.61803004,2436853.358,0.336826231
白银市,2010,761582,2144,1600,1.229,13.3,1.7143,967242.358,13.78220437,2647990.482,0.365274107
白银市,2011,841558,2615,1849,1.229,13.3,1.7143,1072224.023,13.88524558,2963749.275,0.361779598
白银市,2012,792177,4662,1900,1.229,13.3,1.7143,1038847.303,13.85362229,3415932.9,0.304118182
白银市,2013,825641,5336,1880,1.229,13.3,1.7143,1088904.473,13.90068268,3641303.263,0.299042512
白银市,2014,766452,6141,1870,1.229,13.3,1.7143,1026850.549,13.84200696,3538383.965,0.290203256
白银市,2015,735853,6270,1850,1.229,13.3,1.7143,990925.792,13.80639493,3692565.093,0.268357027
白银市,2016,573392,6004,1940,1.229,13.3,1.7143,787877.71,13.57709817,3840037.132,0.205174503
白银市,2017,947864,10519,3711,1.229,13.3,1.7143,1311189.323,14.08644516,3812489.279,0.343919478
白银市,2018,1126385,9648,1001,1.229,13.3,1.7143,1514361.579,14.23050451,4158465.851,0.364163524
白银市,2019,1132078,11614,1152,1.229,13.3,1.7143,1547764.936,14.25232247,3899771.069,0.396886101
白银市,2020,1350000,12345,1088,1.229,13.3,1.7143,1825203.658,14.41720213,4006442.876,0.455567124
白银市,2021,1453800,21441,1127,1.229,13.3,1.7143,2073817.516,14.54490168,4338898.158,0.477959482
百色市,2006,159621,1,5859,1.229,13.3,1.7143,206231.5927,12.23675505,2710652.794,0.076081892
百色市,2007,260000,1,5895,1.229,13.3,1.7143,329659.0985,12.70581436,2988441.833,0.110311365
百色市,2008,366090,1,5962,1.229,13.3,1.7143,460158.5666,13.03932642,3592761.972,0.128079336
百色市,2009,340809,1,5694,1.229,13.3,1.7143,428628.7852,12.96834652,3631314.89,0.118036799
百色市,2010,414830,1,5655,1.229,13.3,1.7143,519533.7365,13.16068703,4183399.249,0.124189375
百色市,2011,433099,1,5697,1.229,13.3,1.7143,542058.3381,13.20312891,4891069.715,0.110826132
百色市,2012,424816,1,5684,1.229,13.3,1.7143,531856.2452,13.18412852,5618433.37,0.094662731
百色市,2013,503567,17,5644,1.229,13.3,1.7143,628785.4522,13.35154538,5933468.364,0.105972664
百色市,2014,377456,63.5,5588,1.229,13.3,1.7143,474317.4824,13.06963217,6712716.637,0.070659542
百色市,2015,298277,110,5200,1.229,13.3,1.7143,376959.793,12.83989381,7043439.801,0.053519275
百色市,2016,319324,266,5994,1.229,13.3,1.7143,406262.5102,12.91475481,7767456.188,0.052303161
百色市,2017,2212569,953,6462,1.229,13.3,1.7143,2743000.008,14.82456277,9188967.312,0.29851015
百色市,2018,3183021,975,7274,1.229,13.3,1.7143,3937370.127,15.18602358,7779303.896,0.506133991
百色市,2019,3975557,2095,6689,1.229,13.3,1.7143,4925290.006,15.40989372,8266040.34,0.595846355
百色市,2020,4190700,3035,13962,1.229,13.3,1.7143,5214670.857,15.46698653,13340000,0.390904862
百色市,2021,4468800,9296,17723,1.229,13.3,1.7143,5646174.539,15.5464888,9777075.928,0.577491121
蚌埠市,2006,213564,2545,26785,1.229,13.3,1.7143,342236.1815,12.74325637,3590200,0.095325102
蚌埠市,2007,215401,5049,30222,1.229,13.3,1.7143,383689.1036,12.85758788,3826270.915,0.100277558
蚌埠市,2008,232225,6478,28463,1.229,13.3,1.7143,420356.0459,12.94885736,4267816.813,0.098494398
蚌埠市,2009,258628,7661,24000,1.229,13.3,1.7143,460888.312,13.04091102,4625779.549,0.099634733
蚌埠市,2010,285422,11178,14010,1.229,13.3,1.7143,523468.381,13.16823191,5189431.769,0.100872004
蚌埠市,2011,308818,15329,11719,1.229,13.3,1.7143,603502.9037,13.31050613,5865729.671,0.102886246
蚌埠市,2012,334386,18250,9000,1.229,13.3,1.7143,669114.094,13.41370987,6607544.754,0.101265163
蚌埠市,2013,392545,23460,2400,1.229,13.3,1.7143,798570.125,13.59057806,7352372.997,0.10861393
蚌埠市,2014,411497,27652,2200,1.229,13.3,1.7143,877272.873,13.68457337,8382402.498,0.104656496
蚌埠市,2015,432109,27660,2000,1.229,13.3,1.7143,902368.561,13.71277832,9372080.936,0.096282626
蚌埠市,2016,461482,28331,1980,1.229,13.3,1.7143,947357.992,13.76143233,10215638.72,0.092736051
蚌埠市,2017,784435,26955,15276,1.229,13.3,1.7143,1348759.762,14.11469603,11004715.96,0.122561979
蚌埠市,2018,863161,27786,1909,1.229,13.3,1.7143,1433651.268,14.17573508,11467088.7,0.125023125
蚌埠市,2019,892530,31234,1895,1.229,13.3,1.7143,1515580.169,14.23130887,13625229.87,0.111233365
蚌埠市,2020,930200,31955,1723,1.229,13.3,1.7143,1571171.039,14.26733178,13655437.33,0.115058273
蚌埠市,2021,1369300,40683,1649,1.229,13.3,1.7143,2226780.481,14.61606737,12820852.88,0.173684271
包头市,2006,1174320,12286,5304,1.229,13.3,1.7143,1615735.727,14.29530097,10101178,0.159955178
包头市,2007,1456410,17979,4061,1.229,13.3,1.7143,2036010.362,14.52650275,12139238.75,0.16772142
包头市,2008,1600610,20016,9526,1.229,13.3,1.7143,2249692.912,14.62630428,16130623.68,0.1394672
包头市,2009,1609348,21952,11190,1.229,13.3,1.7143,2289033.309,14.64364015,20260541.76,0.112979867
包头市,2010,1909655,33900,11260,1.229,13.3,1.7143,2817139.013,14.85123239,22724915.77,0.123966973
包头市,2011,2301304,78352,11310,1.229,13.3,1.7143,3889772.949,15.17386135,27334396.97,0.142303229
包头市,2012,2357809,52956,9692,1.229,13.3,1.7143,3618677.057,15.10161906,31010136.41,0.116693361
包头市,2013,2376017,45784,9720,1.229,13.3,1.7143,3545715.089,15.08125042,31828463.46,0.111400762
包头市,2014,2510957,41765,9220,1.229,13.3,1.7143,3657246.499,15.1122211,33373259.74,0.109586134
包头市,2015,3987210,54090,6775,1.229,13.3,1.7143,5631292.473,15.54384954,34542575.13,0.163024686
包头市,2016,4075317,74800,10500,1.229,13.3,1.7143,6021404.743,15.61083114,36066933.13,0.166950839
包头市,2017,5179275,72365,7720,1.229,13.3,1.7143,7341017.871,15.80898807,30607397.57,0.239844562
包头市,2018,6117401,79851,8052,1.229,13.3,1.7143,8594107.673,15.96658737,25728590.6,0.334029477
包头市,2019,6748538,109458,11600,1.229,13.3,1.7143,9769630.482,16.0947892,23336580.74,0.418640185
包头市,2020,7323200,109758,8454,1.229,13.3,1.7143,10474486.89,16.16445304,23808460.04,0.439948106
包头市,2021,7488600,117511,7845,1.229,13.3,1.7143,10779834.38,16.19318776,24618205.97,0.437880583
宝鸡市,2006,312810,7179,10030,1.229,13.3,1.7143,497118.619,13.11658395,4769300,0.104233036
宝鸡市,2007,334335,8475,8940,1.229,13.3,1.7143,538941.057,13.19736149,5378224.381,0.10020799
宝鸡市,2008,350948,9277,3053,1.229,13.3,1.7143,559932.9499,13.23557232,5993787.05,0.093418893
宝鸡市,2009,281132,11073,375,1.229,13.3,1.7143,493424.9905,13.10912613,6817309.504,0.072378259
宝鸡市,2010,314362,13049,715,1.229,13.3,1.7143,561128.3225,13.2377049,7633676.739,0.073506954
宝鸡市,2011,383013,16103,1465,1.229,13.3,1.7143,687404.3265,13.44067794,8409578.499,0.08174064
宝鸡市,2012,353275,17493,1587,1.229,13.3,1.7143,669552.4691,13.41436481,9494917.701,0.070516932
宝鸡市,2013,377301,20385,831,1.229,13.3,1.7143,736248.0123,13.50932231,10493631.23,0.070161415
宝鸡市,2014,419031,19826,858,1.229,13.3,1.7143,780145.7684,13.56723606,11171107.24,0.069836029
宝鸡市,2015,410478,20744,200,1.229,13.3,1.7143,780715.522,13.56796611,12728161.32,0.061337651
宝鸡市,2016,429552,20645,200,1.229,13.3,1.7143,802840.768,13.59591168,13898255.03,0.05776558
宝鸡市,2017,881481,24516,98,1.229,13.3,1.7143,1409570.95,14.15879593,15073014.65,0.093516193
宝鸡市,2018,921839,26587,103,1.229,13.3,1.7143,1486723.804,14.21208547,15104475.24,0.098429358
宝鸡市,2019,978659,29767,103,1.229,13.3,1.7143,1598849.584,14.28479492,14591528.08,0.109573828
宝鸡市,2020,1000300,31199,103,1.229,13.3,1.7143,1644491.973,14.31294206,15041252.47,0.109332117
宝鸡市,2021,1073400,34776,256,1.229,13.3,1.7143,1782168.261,14.39334131,15601619.6,0.114229696
保定市,2006,475788,4490,15835,1.229,13.3,1.7143,671606.3925,13.41742772,11999550,0.055969298
保定市,2007,485613,5421,8556,1.229,13.3,1.7143,683585.2278,13.43510662,12455283.68,0.054883152
保定市,2008,582795,5577,6245,1.229,13.3,1.7143,801134.9585,13.5937847,13234500.94,0.060533825
保定市,2009,654786,7409,8639,1.229,13.3,1.7143,918081.5317,13.73004148,14523887.86,0.06321183
保定市,2010,542218,8160,6758,1.229,13.3,1.7143,786499.1614,13.57534694,15981007.68,0.049214616
保定市,2011,755926,8500,13061,1.229,13.3,1.7143,1064473.526,13.87799089,17732371.4,0.060029959
保定市,2012,778858,11243,4357,1.229,13.3,1.7143,1114217.587,13.923663,19836953.35,0.056168786
保定市,2013,771190,16206,3249,1.229,13.3,1.7143,1168902.071,13.97157547,21794051.64,0.053633996
保定市,2014,855893,15356,2496,1.229,13.3,1.7143,1260406.19,14.0469446,23343284.78,0.05399438
保定市,2015,860936,22618,10147,1.229,13.3,1.7143,1376304.746,14.13491275,23533804.24,0.058482034
保定市,2016,936836,27569,7811,1.229,13.3,1.7143,1531429.541,14.2417122,26979521.22,0.056762666
保定市,2017,3578052,39124,6366,1.229,13.3,1.7143,4928688.342,15.41058345,26515982.21,0.185876137
保定市,2018,3817159,53986,5602,1.229,13.3,1.7143,5418905.72,15.50540446,27709468.33,0.195561519
保定市,2019,3951635,55353,3498,1.229,13.3,1.7143,5598750.936,15.53805408,28860523.49,0.193993395
保定市,2020,4047000,52023,3238,1.229,13.3,1.7143,5671219.803,15.55091479,30366573.85,0.186758632
保定市,2021,3998100,53510,1570,1.229,13.3,1.7143,5628039.351,15.54327169,32270072.33,0.174404299
保山市,2006,42664,320,206,1.229,13.3,1.7143,57043.2018,10.95156419,1224743.477,0.046575632
保山市,2007,51566,320,206,1.229,13.3,1.7143,67983.7598,11.12702413,1370002.596,0.049623088
保山市,2008,55489,245,273,1.229,13.3,1.7143,71922.4849,11.18334422,1679607.737,0.042821001
保山市,2009,56585,266,284,1.229,13.3,1.7143,73567.6262,11.20596035,1831178.057,0.040175026
保山市,2010,60468,260,280,1.229,13.3,1.7143,78253.176,11.2677047,1990608.48,0.039311184
保山市,2011,76307,611,544,1.229,13.3,1.7143,102840.1822,11.54093143,2343992.841,0.043873932
保山市,2012,87572,460,983,1.229,13.3,1.7143,115429.1449,11.65641216,2776157.262,0.041578749
保山市,2013,93246,485,1185,1.229,13.3,1.7143,123081.2795,11.72060023,3161343.541,0.038933219
保山市,2014,99748,520,1315,1.229,13.3,1.7143,131760.5965,11.78874189,3592880.188,0.036672694
保山市,2015,109792,546,2171,1.229,13.3,1.7143,145917.9133,11.8907995,3932521.22,0.037105436
保山市,2016,125920,478,2053,1.229,13.3,1.7143,164632.5379,12.01147123,4237358.809,0.038852631
保山市,2017,647209,517,2173,1.229,13.3,1.7143,806021.1349,13.59986524,4521931.083,0.178247107
保山市,2018,649795,1065,4509,1.229,13.3,1.7143,820492.3337,13.61765985,4778186.433,0.171716266
保山市,2019,807034,1559,3464,1.229,13.3,1.7143,1018517.821,13.83385901,6127134.535,0.166230693
保山市,2020,850000,1981,3448,1.229,13.3,1.7143,1076908.206,13.88960472,10530000,0.102270485
保山市,2021,903000,2465,2067,1.229,13.3,1.7143,1146114.958,13.95188848,7201634.214,0.159146511
北海市,2006,69942,475,4322,1.229,13.3,1.7143,99685.4226,11.50977473,1820393.681,0.054760365
北海市,2007,87501,604,17440,1.229,13.3,1.7143,145469.321,11.88772049,2103290.628,0.06916273
北海市,2008,96479,587,13480,1.229,13.3,1.7143,149488.555,11.91497511,2709254.157,0.055177014
北海市,2009,115612,860,14590,1.229,13.3,1.7143,178536.785,12.09254994,2547608.597,0.070080147
北海市,2010,132079,1481,16500,1.229,13.3,1.7143,210308.341,12.25633002,2951551.056,0.071253499
北海市,2011,179120,1642,18000,1.229,13.3,1.7143,272834.48,12.51662059,3698511.501,0.073768726
北海市,2012,257653,1883,18450,1.229,13.3,1.7143,373328.272,12.8302134,4692624.158,0.079556397
北海市,2013,301333,2263,19900,1.229,13.3,1.7143,434550.727,12.98206796,5425101.164,0.080100023
北海市,2014,367605,2580,19202,1.229,13.3,1.7143,519018.5336,13.15969487,6260027.953,0.082909939
北海市,2015,383394,2941,19502,1.229,13.3,1.7143,543738.8046,13.20622427,6409273.003,0.084836268
北海市,2016,481786,3810,20001,1.229,13.3,1.7143,677075.7083,13.42553837,7017000.638,0.096490758
北海市,2017,714972,4200,20002,1.229,13.3,1.7143,968850.0166,13.7838651,8298794.442,0.116745875
北海市,2018,813169,3904,21502,1.229,13.3,1.7143,1088168.78,13.90000682,8020778.513,0.135668723
北海市,2019,881007,4240,21602,1.229,13.3,1.7143,1176181.912,13.97778408,8548583.849,0.137587925
北海市,2020,932000,56519,22803,1.229,13.3,1.7143,1936221.883,14.47624915,12770000,0.1516227
北海市,2021,1015600,67857,13799,1.229,13.3,1.7143,2174326.126,14.59222935,9372034.542,0.232001506
北京市,2006,5317780,393566,418256,1.229,13.3,1.7143,12486995.68,16.34019832,78702835,0.158660049
北京市,2007,6628793,433826,318828,1.229,13.3,1.7143,14463239.24,16.48712076,86079863.15,0.168021169
北京市,2008,6737774,601381,324549,1.229,13.3,1.7143,16835465.9,16.63899828,92851734.25,0.181315578
北京市,2009,7222517,682839,367323,1.229,13.3,1.7143,18587933.91,16.73802321,108371567.6,0.171520393
北京市,2010,7620706.5,719740,323104,1.229,13.3,1.7143,19492287.48,16.78552943,119787204.6,0.162724287
北京市,2011,8018896,729608,442535,1.229,13.3,1.7143,20317647.33,16.82700039,129809354.7,0.156519131
北京市,2012,8535845,924763,418156,1.229,13.3,1.7143,23506746.24,16.97279801,138962444.2,0.169158987
北京市,2013,8913540,989484,472980,1.229,13.3,1.7143,24925707.47,17.03141026,146936964.6,0.169635378
北京市,2014,9139017,1136874,546293,1.229,13.3,1.7143,27288786.18,17.12198641,159133556.4,0.171483544
北京市,2015,9527169,1417557,576306,1.229,13.3,1.7143,31550360.18,17.26709556,169815660.2,0.185791818
北京市,2016,10202704,1622393,500213,1.229,13.3,1.7143,34974465.26,17.37012879,185533746.3,0.188507298
北京市,2017,10668903,1641696,492049,1.229,13.3,1.7143,35790158.19,17.3931835,195550230,0.183022839
北京市,2018,11423809,1915978,481775,1.229,13.3,1.7143,40348275.54,17.51305921,203983745.5,0.197801425
北京市,2019,11663964,1924347,434286,1.229,13.3,1.7143,40673323.35,17.52108299,235819605.3,0.172476429
北京市,2020,11399700,1854130,318293,1.229,13.3,1.7143,39215809.99,17.48459054,239152043.9,0.163978569
北京市,2021,12329200,1906214,428603,1.229,13.3,1.7143,41239987.12,17.5349189,255277885.5,0.161549392
本溪市,2006,950440,5094,15700,1.229,13.3,1.7143,1262755.47,14.04880677,4003426,0.315418711
本溪市,2007,1056398,4447,13900,1.229,13.3,1.7143,1381287.012,14.13852624,4463080.027,0.309491876
本溪市,2008,1082673,4233,4850,1.229,13.3,1.7143,1395218.372,14.1485615,5277442.93,0.264373938
本溪市,2009,1255812,4512,4680,1.229,13.3,1.7143,1611425.472,14.29262973,6218466.603,0.259135503
本溪市,2010,1256254,4766,4080,1.229,13.3,1.7143,1614318.31,14.29442333,7905847.939,0.204192937
本溪市,2011,1259332,4809,5924,1.229,13.3,1.7143,1621834.241,14.29906831,8987546.916,0.180453494
本溪市,2012,1270718,4832,7159,1.229,13.3,1.7143,1638250.696,14.30913958,9550212.471,0.171540759
本溪市,2013,1285880,5715,6650,1.229,13.3,1.7143,1667756.115,14.32698964,10351015.92,0.161120041
本溪市,2014,1265791,6992,6415,1.229,13.3,1.7143,1659647.974,14.32211607,10297641.52,0.161167775
本溪市,2015,1162230,4155,4358,1.229,13.3,1.7143,1491113.089,14.21503344,10430601.05,0.142955625
本溪市,2016,1132474,4155,4358,1.229,13.3,1.7143,1454542.965,14.1902023,6839074.8,0.212681248
本溪市,2017,1343024,7685,4795,1.229,13.3,1.7143,1761007.065,14.3813964,6789875.842,0.259357771
本溪市,2018,1391911,9075,4618,1.229,13.3,1.7143,1839272.756,14.42488081,7007323.798,0.262478631
本溪市,2019,1382803,10325,4550,1.229,13.3,1.7143,1844587.452,14.42776621,6628894.136,0.278264732
本溪市,2020,1437600,10460,4490,1.229,13.3,1.7143,1913625.607,14.46451022,6844770.409,0.279574842
本溪市,2021,1467500,10570,4335,1.229,13.3,1.7143,1951569.991,14.48414473,7281172.779,0.268029622
毕节市,2020,1109400,2668,4707,1.229,13.3,1.7143,1407006.21,14.15697475,11134253.58,0.126367358
毕节市,2021,29642400,3800,4845,1.229,13.3,1.7143,36489355.38,17.41253114,11905510.75,3.06491306
滨州市,2006,371144,900,3327,1.229,13.3,1.7143,473809.4521,13.06856052,8336700,0.056834173
滨州市,2007,420895,1000,3860,1.229,13.3,1.7143,537197.153,13.19412044,9625743.181,0.055808382
滨州市,2008,431407,3951,4120,1.229,13.3,1.7143,589810.419,13.28755644,10624171.24,0.055515899
滨州市,2009,448957,6286,4700,1.229,13.3,1.7143,643429.163,13.37456722,11726566.07,0.054869359
滨州市,2010,568684,8190,9100,1.229,13.3,1.7143,823439.766,13.62124568,12909029.7,0.06378789
滨州市,2011,526342,10383,5670,1.229,13.3,1.7143,794688.299,13.58570524,14537184.45,0.054665902
滨州市,2012,481598,11625,5800,1.229,13.3,1.7143,756439.382,13.53637768,15859844.45,0.047695259
滨州市,2013,495775,11404,4000,1.229,13.3,1.7143,767837.875,13.55133389,17073506.87,0.044972476
滨州市,2014,624251,13649,5810,1.229,13.3,1.7143,958696.262,13.77332958,18242532.5,0.052552805
滨州市,2015,1639540,13076,4812,1.229,13.3,1.7143,2197154.672,14.60267375,18683563.55,0.117598266
滨州市,2016,1746705,14026,7512,1.229,13.3,1.7143,2346124.067,14.66827519,19799943.01,0.118491456
滨州市,2017,10353925,14386,7967,1.229,13.3,1.7143,12929965.45,16.37505808,20863585.64,0.619738413
滨州市,2018,12675211,18602,7951,1.229,13.3,1.7143,15838871.32,16.57797769,21285257.04,0.744124033
滨州市,2019,11798998,22883,7940,1.229,13.3,1.7143,14818923.98,16.51141557,19705045.07,0.752037051
滨州市,2020,12353700,23373,4083,1.229,13.3,1.7143,15500557.69,16.55638656,20100573.4,0.771150026
滨州市,2021,12404600,27699,5334,1.229,13.3,1.7143,15622794.18,16.56424157,21996766.94,0.710231382
亳州市,2006,47610,156,6000,1.229,13.3,1.7143,70873.29,11.16864891,2987300,0.023724865
亳州市,2007,55610,249,10100,1.229,13.3,1.7143,88970.82,11.39606373,3133927.719,0.028389557
亳州市,2008,63076,809,10061,1.229,13.3,1.7143,105527.6763,11.56672853,3546853.219,0.029752479
亳州市,2009,67166,1119,12300,1.229,13.3,1.7143,118515.604,11.68279991,3755035.472,0.03156178
亳州市,2010,81634,1287,14100,1.229,13.3,1.7143,141616.916,11.86088092,4178188.435,0.033894334
亳州市,2011,105053,1810,20100,1.229,13.3,1.7143,187640.567,12.14228353,4711090.151,0.039829543
亳州市,2012,123711,2469,20155,1.229,13.3,1.7143,219430.2355,12.29878963,5311896.048,0.041309211
亳州市,2013,144637,2763,19950,1.229,13.3,1.7143,248707.058,12.42403101,5771098.73,0.04309527
亳州市,2014,155237,4291,6230,1.229,13.3,1.7143,258536.662,12.46279279,6434133.335,0.040182049
亳州市,2015,171087,4306,3915,1.229,13.3,1.7143,274247.2075,12.5217852,7050135.74,0.038899564
亳州市,2016,171087,5959,3502,1.229,13.3,1.7143,295524.1016,12.59650567,7711393.272,0.038323049
亳州市,2017,584061,6336,3320,1.229,13.3,1.7143,807771.245,13.60203418,8159823.795,0.098993712
亳州市,2018,675947,8009,4560,1.229,13.3,1.7143,945075.771,13.75902038,8541481.571,0.110645415
亳州市,2019,749147,7785,5200,1.229,13.3,1.7143,1033156.523,13.84812926,11585088.5,0.089179856
亳州市,2020,817900,7679,6595,1.229,13.3,1.7143,1118635.609,13.92762029,11839519.83,0.094483191
亳州市,2021,931100,9195,6610,1.229,13.3,1.7143,1277946.923,14.06076538,12717718.82,0.100485546
沧州市,2006,184282,2300,7788,1.229,13.3,1.7143,270423.5464,12.5077447,12816666,0.021099368
沧州市,2007,185761,3300,5646,1.229,13.3,1.7143,281869.2068,12.54919844,13272268.76,0.021237455
沧州市,2008,227481,3300,5646,1.229,13.3,1.7143,333143.0868,12.71632737,14366948.55,0.023188159
沧州市,2009,272506,4300,4964,1.229,13.3,1.7143,400609.6592,12.90074281,15121854.84,0.026492098
沧州市,2010,519383,4800,3656,1.229,13.3,1.7143,708429.1878,13.47080539,17172158.24,0.041254522
沧州市,2011,574137,5300,3200,1.229,13.3,1.7143,781590.133,13.56908576,18711671.09,0.041770194
沧州市,2012,816585,6381,3191,1.229,13.3,1.7143,1093920.596,13.90527868,20504196.46,0.053351059
沧州市,2013,694136,8130,3210,1.229,13.3,1.7143,966725.047,13.7816694,22609541.26,0.042757393
沧州市,2014,764329,7887,3429,1.229,13.3,1.7143,1050135.776,13.86443002,24098361.31,0.043577062
沧州市,2015,768523,8172,3236,1.229,13.3,1.7143,1058749.842,13.87259938,26046088.87,0.040649091
沧州市,2016,822319,8172,3032,1.229,13.3,1.7143,1124515.409,13.93286275,27503675.31,0.040886005
沧州市,2017,2980607,8620,3319,1.229,13.3,1.7143,3783501.765,15.14616053,28004515.28,0.135103276
沧州市,2018,3385062,14752,3321,1.229,13.3,1.7143,4362135.988,15.2884724,28378113.26,0.153714799
沧州市,2019,3613684,13382,1100,1.229,13.3,1.7143,4621083.966,15.34613986,27452693.07,0.168328985
沧州市,2020,3809500,12764,855,1.229,13.3,1.7143,4853102.427,15.39512873,28415863.24,0.170788492
沧州市,2021,4240600,14595,855,1.229,13.3,1.7143,5407276.627,15.50325613,30518017.06,0.177183092
常德市,2006,140310,1036,23811,1.229,13.3,1.7143,227038.9873,12.33287703,7238368,0.031366047
常德市,2007,95836,3052,24870,1.229,13.3,1.7143,201008.685,12.2111034,7959917.811,0.025252608
常德市,2008,108700,5068,25470,1.229,13.3,1.7143,244659.921,12.40762445,9060344.177,0.02700338
常德市,2009,188318,7959,12489,1.229,13.3,1.7143,358707.4147,12.79026233,10785320.25,0.033258856
常德市,2010,193930,10822,11837,1.229,13.3,1.7143,402564.7391,12.90561121,12200744.59,0.032995096
常德市,2011,209560,10785,10530,1.229,13.3,1.7143,419041.319,12.94572481,13759983.02,0.030453622
常德市,2012,228887,12000,12775,1.229,13.3,1.7143,462802.3055,13.04505526,15387715.34,0.03007609
常德市,2013,259866,12287,11792,1.229,13.3,1.7143,503007.4396,13.12836024,16954569.15,0.029667958
常德市,2014,315314,14756,10685,1.229,13.3,1.7143,602093.0015,13.3081672,18747926.5,0.032115178
常德市,2015,304728,30864,11925,1.229,13.3,1.7143,805444.9395,13.59915012,19877243.93,0.040520957
常德市,2016,337445,33458,9482,1.229,13.3,1.7143,875966.2976,13.6830829,21651125.63,0.040458234
常德市,2017,1015908,22222,9400,1.229,13.3,1.7143,1560217.952,14.26033608,22381422,0.069710403
常德市,2018,1139420,14900,10322,1.229,13.3,1.7143,1616212.185,14.29559581,24599108.88,0.065702062
常德市,2019,1247789,15621,10392,1.229,13.3,1.7143,1759106.987,14.38031684,25735651.54,0.068352922
常德市,2020,1280000,15729,10500,1.229,13.3,1.7143,1800315.85,14.40347268,26393698.11,0.068210064
常德市,2021,1384100,20455,10071,1.229,13.3,1.7143,1990375.115,14.50383368,28061090.07,0.070930071
常州市,2006,1654106,14892,42115,1.229,13.3,1.7143,2303157.619,14.64979162,15694600,0.146748411
常州市,2007,1769973,26943,37025,1.229,13.3,1.7143,2597110.675,14.76991011,17667080.97,0.147002817
常州市,2008,1776171,31298,26656,1.229,13.3,1.7143,2644873.94,14.78813396,19574018.91,0.135121661
常州市,2009,1872958,40790,23532,1.229,13.3,1.7143,2884713.29,14.87493607,22599920.43,0.12764263
常州市,2010,2151749,48099,11037,1.229,13.3,1.7143,3303136.95,15.01038317,25635702.08,0.128849093
常州市,2011,2408214,52355,8182,1.229,13.3,1.7143,3670042.909,15.11571391,28357116.27,0.129422289
常州市,2012,2541410,55209,7043,1.229,13.3,1.7143,3869746.405,15.16869953,31506217.13,0.12282485
常州市,2013,2803051,58829,6123,1.229,13.3,1.7143,4237872.038,15.25957182,34354171.68,0.123358295
常州市,2014,2804947,63432,5689,1.229,13.3,1.7143,4300678.116,15.27428327,38390915.88,0.112023327
常州市,2015,3399272,77578,11069,1.229,13.3,1.7143,5228468.275,15.46962892,40806110.17,0.128129544
常州市,2016,3571823,90685,9450,1.229,13.3,1.7143,5612081.102,15.54043217,44370623.11,0.126481909
常州市,2017,4550311,105315,9126,1.229,13.3,1.7143,7008666.421,15.762658,49113774.51,0.142702663
常州市,2018,4897229,119390,19191,1.229,13.3,1.7143,7639480.572,15.84884017,51429022.86,0.148544152
常州市,2019,5058500,135364,135364,1.229,13.3,1.7143,8249292.205,15.92563796,54014852.22,0.152722665
常州市,2020,5230000,151551,25229,1.229,13.3,1.7143,8486548.375,15.95399292,56734951.17,0.149582369
常州市,2021,5883800,159838,37085,1.229,13.3,1.7143,9420610.416,16.05841044,61008982.04,0.154413499
朝阳市,2006,83408,1609,3645,1.229,13.3,1.7143,130156.7555,11.77649481,2540231,0.051238157
朝阳市,2007,102157,1637,3950,1.229,13.3,1.7143,154094.538,11.94532158,3076138.849,0.050093492
朝阳市,2008,115186,1826,3700,1.229,13.3,1.7143,172192.304,12.05636718,3858446.157,0.04462737
朝阳市,2009,127883,1822,4020,1.229,13.3,1.7143,188292.293,12.14575078,4680095.189,0.040232578
朝阳市,2010,154170,1697,5980,1.229,13.3,1.7143,222296.544,12.31176755,6031684.131,0.036854805
朝阳市,2011,245827,1930,5980,1.229,13.3,1.7143,338041.897,12.73092512,6995176.546,0.048324999
朝阳市,2012,249927,2270,5980,1.229,13.3,1.7143,347602.797,12.75881572,7904156.745,0.043977215
朝阳市,2013,273012,1293,5976,1.229,13.3,1.7143,362973.3048,12.80208457,8696466.896,0.041738019
朝阳市,2014,262342,1145,5830,1.229,13.3,1.7143,347641.187,12.75892615,8735101.549,0.039798185
朝阳市,2015,470000,1175,5674,1.229,13.3,1.7143,602984.4382,13.30964667,7654704.014,0.078773057
朝阳市,2016,680000,1251,5570,1.229,13.3,1.7143,861906.951,13.6669026,6391499.782,0.134852066
朝阳市,2017,910589,1669,2261,1.229,13.3,1.7143,1145187.613,13.95107904,6664056.498,0.171845424
朝阳市,2018,1004138,2084,2273,1.229,13.3,1.7143,1265699.406,14.05113542,7078351.676,0.178812733
朝阳市,2019,1075615,2556,2074,1.229,13.3,1.7143,1359481.093,14.12261364,7155131.57,0.190000852
朝阳市,2020,1152700,2810,2075,1.229,13.3,1.7143,1457598.473,14.19230076,7402492.443,0.196906445
朝阳市,2021,1321200,10494,3500,1.229,13.3,1.7143,1769325.05,14.3861087,7696541.696,0.229885723
潮州市,2006,108787,23,233977,1.229,13.3,1.7143,535111.8941,13.19023115,3103953.576,0.172396874
潮州市,2007,120453,2929.2,245021,1.229,13.3,1.7143,607034.5973,13.31634107,3417508.023,0.177624922
潮州市,2008,122718,5835.4,228887,1.229,13.3,1.7143,620812.2261,13.33878394,4067633.782,0.152622448
潮州市,2009,125573,8741.6,262625,1.229,13.3,1.7143,720810.5345,13.4881316,4262908.735,0.169088897
潮州市,2010,140303,11647.8,212770,1.229,13.3,1.7143,692099.738,13.44748535,4736366.802,0.146124607
潮州市,2011,145653,14554,165800,1.229,13.3,1.7143,656806.677,13.395145,5526642.859,0.118843698
潮州市,2012,149901,17460.2,107993,1.229,13.3,1.7143,601581.3889,13.30731712,5971428.917,0.100743289
潮州市,2013,593936,20366.4,106943,1.229,13.3,1.7143,1184152.849,13.98453818,6517280.129,0.18169433
潮州市,2014,715688,23272.6,256095,1.229,13.3,1.7143,1628129.791,14.30294255,6995845.136,0.232728106
潮州市,2015,638534,26178.8,228396,1.229,13.3,1.7143,1524475.589,14.23716103,7322212.798,0.208198755
潮州市,2016,748534,29085,96350,1.229,13.3,1.7143,1471951.591,14.20209969,7574032.358,0.194341867
潮州市,2017,857046,79061,380275,1.229,13.3,1.7143,2756726.267,14.8295544,7690422.161,0.358462281
潮州市,2018,911048,62327,374589,1.229,13.3,1.7143,2590785.015,14.76747148,7965939.174,0.325232839
潮州市,2019,961074,2063,64215,1.229,13.3,1.7143,1318681.621,14.09214302,8047202.912,0.16386832
潮州市,2020,1011100,2063,64215,1.229,13.3,1.7143,1380163.575,14.13771258,10970000,0.125812541
潮州市,2021,1153400,80749,67419,1.229,13.3,1.7143,2607066.692,14.77373627,8897467.682,0.293012213
郴州市,2006,204007,55,10989,1.229,13.3,1.7143,270294.5457,12.50726755,5462338,0.049483307
郴州市,2007,259218,90,11039,1.229,13.3,1.7143,338700.0797,12.73287027,5992607.397,0.056519651
郴州市,2008,268573,100,15300,1.229,13.3,1.7143,357635.007,12.78726821,6335983.6,0.056445065
郴州市,2009,303585,180,14350,1.229,13.3,1.7143,400100.17,12.89947022,7338817.534,0.054518343
郴州市,2010,340016,270,14000,1.229,13.3,1.7143,445470.864,13.00688712,8848615.15,0.050343569
郴州市,2011,361885,320,14500,1.229,13.3,1.7143,473870.015,13.06868833,10228704.27,0.046327472
郴州市,2012,379100,670,18771,1.229,13.3,1.7143,507004.0253,13.13627422,11453147.84,0.044267657
郴州市,2013,401800,670,18771,1.229,13.3,1.7143,534902.3253,13.18983944,12617275.8,0.042394439
郴州市,2014,387200,672,19146,1.229,13.3,1.7143,517628.3878,13.15701287,13963713.13,0.037069538
郴州市,2015,383100,3044,18000,1.229,13.3,1.7143,542172.5,13.2033395,14763405.41,0.036724081
郴州市,2016,409917,3200,18000,1.229,13.3,1.7143,577205.393,13.26595345,16155981.01,0.035727041
郴州市,2017,1171284,3667,15000,1.229,13.3,1.7143,1513993.636,14.23026151,15726886.65,0.096267855
郴州市,2018,1271268,4407,24000,1.229,13.3,1.7143,1662144.672,14.3236193,17334809,0.095884799
郴州市,2019,1320617,5770,11350,1.229,13.3,1.7143,1719236.598,14.35739091,17121593.78,0.100413351
郴州市,2020,1380000,7801,7010,1.229,13.3,1.7143,1811790.543,14.40982616,17616913.7,0.102843811
郴州市,2021,1415200,9563,11414,1.229,13.3,1.7143,1886035.72,14.44998768,19173463.12,0.098366983
成都市,2006,879766,242025,130007,1.229,13.3,1.7143,4523035.914,15.32469399,25328610.2,0.178574185
成都市,2007,880167,298309,110912,1.229,13.3,1.7143,5239371.385,15.47171208,28134428.56,0.18622633
成都市,2008,1003643,309353,87499,1.229,13.3,1.7143,5497871.683,15.51987161,33982520.32,0.161785283
成都市,2009,1892301,199810,102655,1.229,13.3,1.7143,5159092.396,15.45627123,37193479.47,0.138709593
成都市,2010,2181060,219000,137831,1.229,13.3,1.7143,5829506.423,15.57844289,43150102.42,0.135098322
成都市,2011,2465496,227000,135000,1.229,13.3,1.7143,6280625.084,15.65298007,52370213.78,0.119927429
成都市,2012,2631489,210902,105079,1.229,13.3,1.7143,6219233.511,15.64315723,61706127.45,0.100787941
成都市,2013,2843239,205368,110036,1.229,13.3,1.7143,6414369.846,15.67405132,68774771.28,0.09326632
成都市,2014,2332426,216492,102332,1.229,13.3,1.7143,5921322.902,15.59407045,78011541.24,0.075903165
成都市,2015,2951764,227092,104422,1.229,13.3,1.7143,6827052.191,15.73640354,82700594.91,0.082551428
成都市,2016,3605032,278703,107008,1.229,13.3,1.7143,8320778.042,15.93426632,88063898.43,0.094485688
成都市,2017,5699242,312462,125506,1.229,13.3,1.7143,11375267.95,16.24695208,95901418.68,0.118614178
成都市,2018,6374116,358046,126674,1.229,13.3,1.7143,12812957.6,16.36596753,105280876.2,0.121702612
成都市,2019,6938431,387098,119755,1.229,13.3,1.7143,13881031.1,16.4460338,115605208.2,0.120072714
成都市,2020,7254300,347200,130900,1.229,13.3,1.7143,13757696.57,16.43710898,177170000,0.077652518
成都市,2021,6725900,403600,144400,1.229,13.3,1.7143,13881556.02,16.44607161,131574676,0.105503251
承德市,2006,304329,1025,8051,1.229,13.3,1.7143,401454.6703,12.90284991,4279969,0.0937985
承德市,2007,386644,1560,8454,1.229,13.3,1.7143,510426.1682,13.14300128,5013529.65,0.101809744
承德市,2008,410324,1953,7700,1.229,13.3,1.7143,543463.206,13.20571728,5985173.466,0.09080158
承德市,2009,475837,2639,5588,1.229,13.3,1.7143,629481.8814,13.35265235,6381381.509,0.098643512
承德市,2010,512789,3224,4857,1.229,13.3,1.7143,681423.2361,13.43193888,6928989.39,0.098343813
承德市,2011,478984,3296,4876,1.229,13.3,1.7143,640867.0628,13.37057732,7992206.848,0.080186496
承德市,2012,432234,3539,5150,1.229,13.3,1.7143,587112.931,13.28297247,8616897.973,0.068135068
承德市,2013,461542,5207,4455,1.229,13.3,1.7143,644125.4245,13.37564874,9545819.105,0.067477229
承德市,2014,444457,6244,4811,1.229,13.3,1.7143,637530.3503,13.36535716,10325345.88,0.061744213
承德市,2015,437876,5531,3782,1.229,13.3,1.7143,618195.3866,13.33455985,10657470.18,0.058005828
承德市,2016,439883,5479,5070,1.229,13.3,1.7143,622178.408,13.34098216,11162100.66,0.055740261
承德市,2017,1639948,5996,5039,1.229,13.3,1.7143,2103881.25,14.55929441,11264006.76,0.186779118
承德市,2018,1697976,5295,4986,1.229,13.3,1.7143,2165783.504,14.58829275,11435732.21,0.189387392
承德市,2019,1888415,7705,4935,1.229,13.3,1.7143,2431798.606,14.70414171,11254992.06,0.216064
承德市,2020,2008700,6310,6194,1.229,13.3,1.7143,2563233.674,14.75678017,11903942.71,0.215326446
承德市,2021,2270100,7510,3657,1.229,13.3,1.7143,2896105.095,14.87887732,12440325.48,0.232799785
池州市,2006,86343,17,4400,1.229,13.3,1.7143,113884.567,11.64294064,1300900,0.087542906
池州市,2007,95746,79,2482,1.229,13.3,1.7143,122977.4266,11.71975609,1475683.169,0.083335928
池州市,2008,133163,141,3973,1.229,13.3,1.7143,172343.5409,12.05724509,1688225.618,0.102085609
池州市,2009,145504,613,3115,1.229,13.3,1.7143,192317.3605,12.16690221,2135070.673,0.090075407
池州市,2010,164993,934,2783,1.229,13.3,1.7143,219969.4939,12.30124415,2451309.536,0.089735503
池州市,2011,202481,1239,2988,1.229,13.3,1.7143,270450.1774,12.50784317,2800314.066,0.096578516
池州市,2012,257561,2022,2822,1.229,13.3,1.7143,348272.8236,12.76074143,3098456.838,0.112402025
池州市,2013,296446,2204,2715,1.229,13.3,1.7143,398299.6585,12.89495991,3372114.204,0.118115709
池州市,2014,322179,2866,2635,1.229,13.3,1.7143,438592.9715,12.99132709,3765755.666,0.116468781
池州市,2015,168719,2300,2755,1.229,13.3,1.7143,242668.5475,12.39945179,4074323.248,0.059560455
池州市,2016,174832,2314,2675,1.229,13.3,1.7143,250230.4805,12.43013769,4341977.513,0.057630534
池州市,2017,612125,3170,2710,1.229,13.3,1.7143,799108.378,13.59125186,4430883.889,0.180349654
池州市,2018,667046,3102,2650,1.229,13.3,1.7143,865599.029,13.67117707,4580568.447,0.188971967
池州市,2019,760330,4668,2915,1.229,13.3,1.7143,1001527.155,13.81703655,5511031.236,0.181731351
池州市,2020,833200,4885,2426,1.229,13.3,1.7143,1093132.192,13.9045577,5696867.516,0.191883028
池州市,2021,951300,5283,2426,1.229,13.3,1.7143,1243570.492,14.03349723,6471662.29,0.192156271
赤峰市,2006,193792,14,8511,1.229,13.3,1.7143,252946.9753,12.44093516,4280089,0.059098532
赤峰市,2007,232322,14,8170,1.229,13.3,1.7143,299715.769,12.61058987,5608998.675,0.053434808
赤峰市,2008,260969,56,8789,1.229,13.3,1.7143,336542.6837,12.72648027,6895759.827,0.048804293
赤峰市,2009,395997,98,11871,1.229,13.3,1.7143,508334.1683,13.13889432,8528051.787,0.059607303
赤峰市,2010,454097,140,12334,1.229,13.3,1.7143,581091.3892,13.27266332,10031034.23,0.05792936
赤峰市,2011,468000,182,16325,1.229,13.3,1.7143,605578.5475,13.31393956,12252825.8,0.049423583
赤峰市,2012,536117,1072,15615,1.229,13.3,1.7143,699914.1875,13.45871302,14273444.98,0.049036108
赤峰市,2013,576849,684,15510,1.229,13.3,1.7143,744633.414,13.52064731,15320414.85,0.048603998
赤峰市,2014,581360,890,15769,1.229,13.3,1.7143,753361.2367,13.53230012,16321506.51,0.04615758
赤峰市,2015,567008,2313,15816,1.229,13.3,1.7143,754729.1008,13.53411416,17274163.69,0.043691209
赤峰市,2016,593780,2364,15876,1.229,13.3,1.7143,788413.0468,13.5777774,18028470.05,0.043731556
赤峰市,2017,1386802,2856,16732,1.229,13.3,1.7143,1771048.126,14.38708209,15633179.09,0.113287778
赤峰市,2018,1622536,3224,16920,1.229,13.3,1.7143,2065981.9,14.54111617,13508819.69,0.152935782
赤峰市,2019,1773282,3613,17798,1.229,13.3,1.7143,2257927.589,14.62995795,14686396.42,0.153742792
赤峰市,2020,1681600,3856,16432,1.229,13.3,1.7143,2146140.578,14.57918171,15060751.72,0.142498902
赤峰市,2021,1960300,4468,15577,1.229,13.3,1.7143,2495336.751,14.72993425,14764942.84,0.169004159
崇左市,2006,30209,10,2451,1.229,13.3,1.7143,41461.6103,10.63252323,1769216.944,0.023435006
崇左市,2007,30209,10,2512,1.229,13.3,1.7143,41566.1826,10.6350422,1977816.992,0.021016192
崇左市,2008,37007,10,2648,1.229,13.3,1.7143,50154.0694,10.82285493,2285635.541,0.021943161
崇左市,2009,42949,10,2724,1.229,13.3,1.7143,57587.0742,10.96105342,2440513.41,0.023596295
崇左市,2010,53694,10,2868,1.229,13.3,1.7143,71039.5384,11.17099188,2912894.262,0.024387956
崇左市,2011,68546,10,2920,1.229,13.3,1.7143,89381.79,11.40067225,3663230.084,0.02439972
崇左市,2012,90888,10,2986,1.229,13.3,1.7143,116953.2518,11.66952958,3946571.873,0.029634137
崇左市,2013,93782,10,3201,1.229,13.3,1.7143,120878.5523,11.70254162,4315214.826,0.028012175
崇左市,2014,87706,10,3301,1.229,13.3,1.7143,113582.5783,11.64028541,4751429.619,0.023904927
崇左市,2015,95744,29,3399,1.229,13.3,1.7143,123881.9817,11.72708463,4905817.314,0.025252058
崇左市,2016,42677,48,5670,1.229,13.3,1.7143,62808.514,11.04784592,5340912.331,0.011759885
崇左市,2017,656580,117,3411,1.229,13.3,1.7143,814340.3973,13.61013374,6124482.659,0.132964765
崇左市,2018,742073,271,3412,1.229,13.3,1.7143,921461.2086,13.73371596,6719729.056,0.137127733
崇左市,2019,844840,453,3351,1.229,13.3,1.7143,1050077.879,13.86437489,4993792.256,0.210276645
崇左市,2020,881000,868,3353,1.229,13.3,1.7143,1100041.448,13.91085842,5158014.4,0.213268394
崇左市,2021,980300,1004,3362,1.229,13.3,1.7143,1223905.377,14.01755743,6162860.48,0.198593718
滁州市,2006,102953,1986,10150,1.229,13.3,1.7143,170343.182,12.0455704,3722901,0.045755496
滁州市,2007,150388,4731,11000,1.229,13.3,1.7143,266606.452,12.49352889,4067742.284,0.065541628
滁州市,2008,165427,7152,5935,1.229,13.3,1.7143,308605.7535,12.63981986,4563745.916,0.067621151
滁州市,2009,126750,7667,6121,1.229,13.3,1.7143,268240.0803,12.49963768,5009147.896,0.053550042
滁州市,2010,162978,9628,5875,1.229,13.3,1.7143,338423.8745,12.73205446,5668235.151,0.059705334
滁州市,2011,138575,10658,6180,1.229,13.3,1.7143,322654.449,12.68433721,6393857.818,0.050463188
滁州市,2012,205379,12545,6115,1.229,13.3,1.7143,429742.2355,12.97094086,7205233.002,0.059643073
滁州市,2013,210107,13858,6050,1.229,13.3,1.7143,452904.418,13.02343638,7923497.26,0.057159661
滁州市,2014,215919,15037,5136,1.229,13.3,1.7143,474161.1958,13.06930262,8842629.162,0.053622196
滁州市,2015,232407,14133,4524,1.229,13.3,1.7143,481352.5962,13.08435533,9765806.241,0.049289591
滁州市,2016,241020,15431,2600,1.229,13.3,1.7143,505903.06,13.13410035,10488406.83,0.0482345
滁州市,2017,1511635,19318,4300,1.229,13.3,1.7143,2122100.305,14.56791687,11386026.75,0.186377597
滁州市,2018,1714739,22091,2800,1.229,13.3,1.7143,2406024.571,14.69348639,12049543.75,0.199677649
滁州市,2019,1915805,22940,2500,1.229,13.3,1.7143,2663912.095,14.79530631,19268737.82,0.138250472
滁州市,2020,2475000,32944,1900,1.229,13.3,1.7143,3483187.37,15.06345834,19876757.55,0.175239214
滁州市,2021,2152800,23294,2622,1.229,13.3,1.7143,2960096.295,14.90073236,21671044.44,0.13659223
达州市,2006,93383,3761,170,1.229,13.3,1.7143,165080.438,12.01418814,3687181.335,0.044771445
达州市,2007,117986,4585,180,1.229,13.3,1.7143,206293.868,12.23705697,4320010.61,0.047753093
达州市,2008,134866,5384,189,1.229,13.3,1.7143,237681.5167,12.37868689,5261484.736,0.045173849
达州市,2009,184344,5897,198,1.229,13.3,1.7143,305328.3074,12.62914289,5639647.101,0.054139612
达州市,2010,204240,6619,213,1.229,13.3,1.7143,339408.8059,12.73496058,6367603.877,0.053302437
达州市,2011,250953,6352,340,1.229,13.3,1.7143,393485.699,12.8828,7730554.844,0.050900059
达州市,2012,276632,6400,330,1.229,13.3,1.7143,425666.447,12.96141133,8608608.576,0.049446603
达州市,2013,254371,7100,415,1.229,13.3,1.7143,407763.3935,12.91844237,9403244.647,0.043364116
达州市,2014,429097,10097,500,1.229,13.3,1.7143,662507.463,13.4037871,10455478.02,0.063364627
达州市,2015,409963,11000,500,1.229,13.3,1.7143,651001.677,13.3862675,10342297.65,0.062945556
达州市,2016,348622,11000,500,1.229,13.3,1.7143,575613.588,13.26319186,10471107.49,0.054971605
达州市,2017,787494,67000,2122,1.229,13.3,1.7143,1862567.871,14.43746667,10936556.11,0.170306617
达州市,2018,902939,70950,2189,1.229,13.3,1.7143,2057099.634,14.5368076,11597840,0.177369203
达州市,2019,916092,12525,2255,1.229,13.3,1.7143,1296325.315,14.07504414,13875614.83,0.093424712
达州市,2020,1118000,14550,2356,1.229,13.3,1.7143,1571575.891,14.26758943,21170000,0.074235989
达州市,2021,1130300,9214,2254,1.229,13.3,1.7143,1515548.932,14.23128826,15537663.2,0.097540339
大连市,2006,1503299,25041,150083,1.229,13.3,1.7143,2437887.058,14.70664226,25696699,0.094871604
大连市,2007,1617246,25708,151584,1.229,13.3,1.7143,2589372.185,14.766926,28813881.16,0.089865443
大连市,2008,1733911,25923,153084,1.229,13.3,1.7143,2738184.42,14.82280564,33332867.67,0.08214668
大连市,2009,1799860,22788,155485,1.229,13.3,1.7143,2781656.276,14.83855709,39290325.13,0.070797487
大连市,2010,1996630,22357,155588,1.229,13.3,1.7143,3017930.878,14.92008201,47397937.75,0.063672198
大连市,2011,2066328,22762,155730,1.229,13.3,1.7143,3109219.651,14.94988234,52919617.78,0.05875363
大连市,2012,2256215,24435,157816,1.229,13.3,1.7143,3368417.704,15.02995367,60123268.13,0.056025193
大连市,2013,2631966,25523,158312,1.229,13.3,1.7143,3845536.376,15.16242365,66345041.32,0.05796268
大连市,2014,2559994,25903,158112,1.229,13.3,1.7143,3761793.928,15.14040651,67308176.24,0.055889108
大连市,2015,2556320,25197,157912,1.229,13.3,1.7143,3747545.922,15.13661176,69241967.19,0.054122465
大连市,2016,2663863,25435,155228,1.229,13.3,1.7143,3878280.487,15.17090244,60747189.92,0.063842961
大连市,2017,3380471,64344,155228,1.229,13.3,1.7143,5276481.419,15.47877004,61073932.76,0.086394984
大连市,2018,3693036,66994,453503,1.229,13.3,1.7143,6207201.637,15.64122073,65285392.79,0.095077955
大连市,2019,4047786,62051,451976,1.229,13.3,1.7143,6574829.751,15.69875924,59430879.31,0.110629858
大连市,2020,4402536,68666,342847,1.229,13.3,1.7143,6911717.156,15.74872867,59405846.89,0.116347422
大连市,2021,4419500,66424,301581,1.229,13.3,1.7143,6832005.008,15.73712875,63738767.52,0.107187592
大庆市,2006,1535687,13133,27626,1.229,13.3,1.7143,2109387.475,14.56190817,16203336,0.130182295
大庆市,2007,1545250,14489,23351,1.229,13.3,1.7143,2131846.569,14.5724991,17407229.66,0.122469032
大庆市,2008,1569320,12000,36410,1.229,13.3,1.7143,2150711.943,14.58130948,20089517.23,0.107056427
大庆市,2009,1629960,17105,13735,1.229,13.3,1.7143,2254263.251,14.62833376,20870922.42,0.108009757
大庆市,2010,1656487,22035,13246,1.229,13.3,1.7143,2351595.641,14.67060465,27709244.35,0.084866827
大庆市,2011,1756723,25395,14211,1.229,13.3,1.7143,2521127.984,14.74021697,33154554.62,0.076041679
大庆市,2012,1846009,25574,15378,1.229,13.3,1.7143,2635241.766,14.78448549,34757649.74,0.075817605
大庆市,2013,1873443,37374,11237,1.229,13.3,1.7143,2818799.236,14.85182155,36337016.92,0.077573766
大庆市,2014,1948706,34800,9319,1.229,13.3,1.7143,2873775.236,14.87113714,36325068.96,0.079112726
大庆市,2015,1944520,27500,63930,1.229,13.3,1.7143,2865160.279,14.86813485,29166017.3,0.098236254
大庆市,2016,2019245,24978,5984,1.229,13.3,1.7143,2824117.876,14.85370662,26178736.06,0.107878313
大庆市,2017,2234659,28312,5674,1.229,13.3,1.7143,3132672.449,14.95739702,27531706.96,0.113784171
大庆市,2018,2198766,29600,6415,1.229,13.3,1.7143,3106960.649,14.94915552,28816888.53,0.107817353
大庆市,2019,2229572,31921,6100,1.229,13.3,1.7143,3175150.518,14.9708656,26059305.7,0.121843251
大庆市,2020,2291000,32705,9473,1.229,13.3,1.7143,3266855.064,14.99933833,23318068.53,0.140099728
大庆市,2021,2523600,37251,10150,1.229,13.3,1.7143,3614342.845,15.10042061,25971644.49,0.139164959
大同市,2006,541759,9350,4600,1.229,13.3,1.7143,798062.591,13.58994231,4059573,0.196587816
大同市,2007,624883,9470,4800,1.229,13.3,1.7143,902160.847,13.71254811,4412454.384,0.20445783
大同市,2008,598336,10018,4830,1.229,13.3,1.7143,876874.413,13.68411906,4557224.397,0.19241414
大同市,2009,499331,7672,4980,1.229,13.3,1.7143,724252.613,13.49289552,5085744.616,0.142408372
大同市,2010,619656,9212,5000,1.229,13.3,1.7143,892648.324,13.70194797,5279494.153,0.169078381
大同市,2011,648592,9949,11012,1.229,13.3,1.7143,948319.1396,13.76244637,5753491.068,0.164824996
大同市,2012,704999,10706,10612,1.229,13.3,1.7143,1027025.723,13.84217753,6468559.742,0.158771931
大同市,2013,788230,10782,10756,1.229,13.3,1.7143,1130574.281,13.93823627,7137792.823,0.158392701
大同市,2014,815256,11794,10772,1.229,13.3,1.7143,1177276.264,13.97871408,7684060.848,0.153210169
大同市,2015,759032,12815,9157,1.229,13.3,1.7143,1118987.673,13.92793497,8504245.582,0.131579887
大同市,2016,806073,13973,9157,1.229,13.3,1.7143,1192202.462,13.99131296,8541794.954,0.139572826
大同市,2017,1051366,17864,6900,1.229,13.3,1.7143,1541548.684,14.24829811,8224785.553,0.187427219
大同市,2018,1149191,19999,6850,1.229,13.3,1.7143,1690085.394,14.34028961,9027047.934,0.187224595
大同市,2019,1244565,22134,6800,1.229,13.3,1.7143,1835609.825,14.42288731,9344302.699,0.196441606
大同市,2020,1718000,18970,2208,1.229,13.3,1.7143,2367508.174,14.67734856,9661794.865,0.245038133
大同市,2021,1427900,23567,4122,1.229,13.3,1.7143,2075396.545,14.5456628,10030732.47,0.206903788
丹东市,2006,172053,3735,6330,1.229,13.3,1.7143,271980.156,12.51348439,3853331,0.070583128
丹东市,2007,198104,3737,5740,1.229,13.3,1.7143,303011.998,12.62152768,4270746.282,0.070950597
丹东市,2008,203369,4101,5440,1.229,13.3,1.7143,313809.593,12.65654169,4871417.065,0.064418544
丹东市,2009,214156,4090,5490,1.229,13.3,1.7143,327006.231,12.6977345,5487912.198,0.059586637
丹东市,2010,251454,4195,5430,1.229,13.3,1.7143,374139.115,12.83238297,6697719.09,0.055860676
丹东市,2011,277470,4447,5330,1.229,13.3,1.7143,409292.949,12.92218644,7646042.192,0.053530041
丹东市,2012,287510,3658,5280,1.229,13.3,1.7143,411052.694,12.92647669,8717555.037,0.047152291
丹东市,2013,448393.75,4609,5186,1.229,13.3,1.7143,621265.9786,13.33951458,9602101.595,0.064701042
丹东市,2014,609277.5,5561,14015,1.229,13.3,1.7143,846789.262,13.64920714,8990776.88,0.094184215
丹东市,2015,770161.25,5645,13680,1.229,13.3,1.7143,1045058.3,13.85958323,8820442.709,0.118481389
丹东市,2016,931045,6041,13260,1.229,13.3,1.7143,1247331.223,14.03651681,6701040.896,0.186139921
丹东市,2017,931045,6237,9620,1.229,13.3,1.7143,1243697.971,14.03359973,6876376.641,0.180865307
丹东市,2018,994037,6429,8600,1.229,13.3,1.7143,1321920.153,14.0945959,6953281.994,0.190114561
丹东市,2019,1019701,6632,6100,1.229,13.3,1.7143,1351875.359,14.11700334,6518554.029,0.20738884
丹东市,2020,1000000,9738,7331,1.229,13.3,1.7143,1371082.933,14.13111145,6582810.06,0.208282317
丹东市,2021,1110500,6232,5507,1.229,13.3,1.7143,1457130.75,14.19197982,6955393.236,0.20949653
德阳市,2006,171846,55100,5960,1.229,13.3,1.7143,954245.962,13.76867674,4965420.479,0.192178279
德阳市,2007,194353,55300,5130,1.229,13.3,1.7143,983144.196,13.79851108,5487775.09,0.179151693
德阳市,2008,201565,55963,5150,1.229,13.3,1.7143,1000859.93,13.81637012,6054687.231,0.165303325
德阳市,2009,222419,56355,5199,1.229,13.3,1.7143,1031787.097,13.8468029,6442258.622,0.160159217
德阳市,2010,269843,48194,2185,1.229,13.3,1.7143,976362.9925,13.79158971,7160946.739,0.136345518
德阳市,2011,284176,48642,3683,1.229,13.3,1.7143,1002504.671,13.8180121,8690311.954,0.115358882
德阳市,2012,282038,54014,4491,1.229,13.3,1.7143,1072709.823,13.88569855,9705985.217,0.110520447
德阳市,2013,286767,46439,2604,1.229,13.3,1.7143,974539.3802,13.78972021,10539786.9,0.092462911
德阳市,2014,279984,45325,2629,1.229,13.3,1.7143,951429.7307,13.76572111,11757273.98,0.080922647
德阳市,2015,264797,52238,2590,1.229,13.3,1.7143,1024640.95,13.83985282,12289393.65,0.083376038
德阳市,2016,268081,48222,2875,1.229,13.3,1.7143,975752.7615,13.79096452,12680771.38,0.076947429
德阳市,2017,1080912,54753,3870,1.229,13.3,1.7143,2063290.089,14.5398124,13536917.49,0.152419492
德阳市,2018,1208071,57285,3882,1.229,13.3,1.7143,2253264.672,14.62789069,15191381.02,0.148325203
德阳市,2019,1285725,52473,3599,1.229,13.3,1.7143,2284216.691,14.64153372,15873377.2,0.143902376
德阳市,2020,1476700,49810,3582,1.229,13.3,1.7143,2483477.923,14.72517052,24040000,0.10330607
德阳市,2021,1476700,52017,3875,1.229,13.3,1.7143,2513333.313,14.73712044,17552538.74,0.143189162
德州市,2006,266535,2628,4230,1.229,13.3,1.7143,369775.404,12.82065108,10033800,0.036852977
德州市,2007,317112,3147,4120,1.229,13.3,1.7143,438648.664,12.99145406,11032113.95,0.039761071
德州市,2008,351143,3388,4006,1.229,13.3,1.7143,483482.6328,13.08877067,12033592.11,0.040177748
德州市,2009,385162,5948,3403,1.229,13.3,1.7143,558306.2609,13.23266295,12774529.18,0.043704645
德州市,2010,393775,8548,4328,1.229,13.3,1.7143,605057.3654,13.31307855,13793503.97,0.043865385
德州市,2011,456243,8648,4016,1.229,13.3,1.7143,682625.6758,13.43370193,15601943.02,0.043752607
德州市,2012,503727,12700,6600,1.229,13.3,1.7143,799304.863,13.59149771,17797388.11,0.044911358
德州市,2013,563993,15113,6576,1.229,13.3,1.7143,905423.5338,13.71615811,19488042,0.046460467
德州市,2014,704083,18669,7452,1.229,13.3,1.7143,1126390.671,13.93452898,20801576.38,0.054149294
德州市,2015,751575,20387,6680,1.229,13.3,1.7143,1206284.299,14.00305537,21821726.33,0.05527905
德州市,2016,701048,21650,7255,1.229,13.3,1.7143,1161970.239,13.9656276,23510385.93,0.049423699
德州市,2017,1875580,25621,8630,1.229,13.3,1.7143,2660641.529,14.79407783,25199063.67,0.105584936
德州市,2018,2167721,32088,7810,1.229,13.3,1.7143,3104288.192,14.948295,27248630.72,0.113924557
德州市,2019,2367089,29894,7630,1.229,13.3,1.7143,3319822.69,15.01542193,24236323.24,0.136977159
德州市,2020,2513800,28384,6699,1.229,13.3,1.7143,3478451.496,15.06209778,24676900.11,0.140959824
德州市,2021,2830200,30724,5510,1.229,13.3,1.7143,3896390.793,15.17556124,26722395.49,0.145809937
定西市,2006,20178,34,600,1.229,13.3,1.7143,26279.542,10.17654604,807964,0.032525635
定西市,2007,38084,38,580,1.229,13.3,1.7143,48304.93,10.7852889,925767.1491,0.052178272
定西市,2008,38085,42,598,1.229,13.3,1.7143,48390.2164,10.78705293,936766.0732,0.051656671
定西市,2009,8055,46,601,1.229,13.3,1.7143,11541.6893,9.353720916,1211757.574,0.009524751
定西市,2010,10055,50,601,1.229,13.3,1.7143,14052.8893,9.550583298,1327637.283,0.010584886
定西市,2011,11108,54,602,1.229,13.3,1.7143,15401.9406,9.642248793,1474316.226,0.010446837
定西市,2012,12108,58,602,1.229,13.3,1.7143,16684.1406,9.722213883,1758276.763,0.009488916
定西市,2013,13912,62,624,1.229,13.3,1.7143,18992.1712,9.851782131,1982281.163,0.009580967
定西市,2014,25900,66,632,1.229,13.3,1.7143,33792.3376,10.42798936,2293600.731,0.014733313
定西市,2015,24800,67,648,1.229,13.3,1.7143,32481.1664,10.3884157,2592663.827,0.012528106
定西市,2016,24752,84.5,652,1.229,13.3,1.7143,32661.7816,10.39396091,2874994.953,0.01136064
定西市,2017,417941,102,1265,1.229,13.3,1.7143,517174.6785,13.15613597,2769832.564,0.186716946
定西市,2018,459267,102.5,1265,1.229,13.3,1.7143,567970.9825,13.24982561,2895832.786,0.196133902
定西市,2019,513488,103,1298,1.229,13.3,1.7143,634671.8134,13.36086331,3338075.648,0.190131046
定西市,2020,558300,1200,2007,1.229,13.3,1.7143,705551.3001,13.46673476,3555012.693,0.198466605
定西市,2021,569700,2180,892,1.229,13.3,1.7143,730684.4556,13.50173698,3806984.198,0.191932621
东莞市,2006,4455157,5094,168545,1.229,13.3,1.7143,5832074.847,15.57888339,24703523.41,0.236082714
东莞市,2007,4825614,17788,413483,1.229,13.3,1.7143,6876093.913,15.7435613,28329784.37,0.24271607
东莞市,2008,5141578,18808,394510,1.229,13.3,1.7143,7245454.255,15.79588483,34015187.03,0.213006451
东莞市,2009,4955747,29255,351893,1.229,13.3,1.7143,7082954.733,15.77320171,33414912.32,0.211969873
东莞市,2010,5619998,29622,344622,1.229,13.3,1.7143,7891735.637,15.88132665,35964248.1,0.219432799
东莞市,2011,5860653,36486,338089,1.229,13.3,1.7143,8267592.31,15.92785389,40435965.83,0.204461354
东莞市,2012,6042842,43195,312920,1.229,13.3,1.7143,8537585.074,15.95998875,42337377.89,0.201655972
东莞市,2013,6225139,62747,290356,1.229,13.3,1.7143,8982988.222,16.01084315,45851676.65,0.195914062
东莞市,2014,6609853,67672,286098,1.229,13.3,1.7143,9514004.738,16.06827545,48393058.63,0.196598541
东莞市,2015,6668438,73866,289410,1.229,13.3,1.7143,9674063.665,16.08495901,50485578.67,0.191620338
东莞市,2016,7020063,105000,230000,1.229,13.3,1.7143,10418446.43,16.15908849,52939718.14,0.196798298
东莞市,2017,7606805,136134,170590,1.229,13.3,1.7143,11451787.98,16.25365643,57574818.28,0.19890272
东莞市,2018,8066430,167268,111180,1.229,13.3,1.7143,12328902.74,16.32745688,61789616.7,0.199530332
东莞市,2019,8507151,198402,51770,1.229,13.3,1.7143,13182784.49,16.39442233,70586103.62,0.186761754
东莞市,2020,8739000,229536,51770,1.229,13.3,1.7143,13881809.11,16.44608984,96500000,0.143852944
东莞市,2021,10011800,260670,51770,1.229,13.3,1.7143,15860162.51,16.57932102,77575913,0.204446998
东营市,2006,780725,20332,9553,1.229,13.3,1.7143,1246303.333,14.03569239,14503100,0.085933582
东营市,2007,818757,21625,8507,1.229,13.3,1.7143,1308448.403,14.08435257,15553825.07,0.084123899
东营市,2008,861799,22951,8447,1.229,13.3,1.7143,1378879.963,14.13678211,17631676.44,0.0782047
东营市,2009,929733,24039,8321,1.229,13.3,1.7143,1476625.247,14.2052698,17819018.96,0.082867932
东营市,2010,1019390,25240,10606,1.229,13.3,1.7143,1606704.176,14.28969554,19635329.38,0.081827208
东营市,2011,1170185,25591,10697,1.229,13.3,1.7143,1796855.532,14.40154877,21405672.91,0.083942959
东营市,2012,1322437,25762,10484,1.229,13.3,1.7143,1985882.394,14.5015739,23941929.65,0.082945795
东营市,2013,1472134,26907,10762,1.229,13.3,1.7143,2185565.083,14.59738497,25741807.5,0.084903326
东营市,2014,1535430,27711,9574,1.229,13.3,1.7143,2272012.478,14.63617655,27487442.52,0.082656379
东营市,2015,1663123,27931,9274,1.229,13.3,1.7143,2431358.885,14.70396087,27372069.82,0.088826271
东营市,2016,1950732,32071,9708,1.229,13.3,1.7143,2840636.352,14.85953865,27891925.6,0.101844397
东营市,2017,2775628,37415,7860,1.229,13.3,1.7143,3922340.71,15.18219915,30594669.22,0.128203403
东营市,2018,2945296,48789,6338,1.229,13.3,1.7143,4279527.717,15.26935322,33473100.49,0.127849756
东营市,2019,3084894,49283,506,1.229,13.3,1.7143,4447666.062,15.30789004,23386207.33,0.190183299
东营市,2020,3373100,41968,990,1.229,13.3,1.7143,4705411.457,15.36422378,23891471.01,0.196949424
东营市,2021,3637000,45229,1268,1.229,13.3,1.7143,5073592.432,15.43955969,26362420.54,0.192455485
鄂尔多斯市,2006,38482,450,4900,1.229,13.3,1.7143,61679.448,11.02970606,8000046,0.007709887
鄂尔多斯市,2007,46421,2197,3000,1.229,13.3,1.7143,91414.409,11.42315839,10938875.25,0.008356838
鄂尔多斯市,2008,56752,3231,125,1.229,13.3,1.7143,112934.7955,11.6345659,14691835.64,0.007686908
鄂尔多斯市,2009,139127,3687,2737,1.229,13.3,1.7143,224716.2221,12.32259365,20187694.18,0.011131347
鄂尔多斯市,2010,758437,4809,3800,1.229,13.3,1.7143,1002593.113,13.81810031,24409515.21,0.041073864
鄂尔多斯市,2011,771367,5662,4000,1.229,13.3,1.7143,1030171.843,13.84523618,29272925.41,0.035191968
鄂尔多斯市,2012,229118,6625,2880,1.229,13.3,1.7143,374635.706,12.83370938,33258992.95,0.011264193
鄂尔多斯市,2013,227351,9869,2700,1.229,13.3,1.7143,415300.689,12.93675809,35943317.86,0.011554323
鄂尔多斯市,2014,190800,14449,1800,1.229,13.3,1.7143,429750.64,12.97096041,37220377.54,0.011546112
鄂尔多斯市,2015,201013,11131,650,1.229,13.3,1.7143,396201.572,12.88967838,39221966.3,0.010101522
鄂尔多斯市,2016,236100,9706,2160,1.229,13.3,1.7143,422959.588,12.95503192,41198701.47,0.010266333
鄂尔多斯市,2017,5776985,11139,2160,1.229,13.3,1.7143,7251766.153,15.7967556,36719182.42,0.197492582
鄂尔多斯市,2018,6574996,11213,2470,1.229,13.3,1.7143,8234037.305,15.92378701,32801144.2,0.251028966
鄂尔多斯市,2019,7550552,10409,3951,1.229,13.3,1.7143,9424841.307,16.05885945,30997926.88,0.304047472
鄂尔多斯市,2020,8427000,10268,3760,1.229,13.3,1.7143,10499793.17,16.16686612,30189844.92,0.347792219
鄂尔多斯市,2021,8790000,11346,3360,1.229,13.3,1.7143,10959571.85,16.20972377,35256440.73,0.310853042
鄂州市,2006,329481,1200,7787,1.229,13.3,1.7143,434241.4031,12.98135589,1683300,0.257970298
鄂州市,2007,353675,2356,7800,1.229,13.3,1.7143,479372.915,13.0802341,1906008.832,0.251506135
鄂州市,2008,353965,2600,7500,1.229,13.3,1.7143,482460.235,13.08665378,2296777.267,0.210059653
鄂州市,2009,387694,2650,7500,1.229,13.3,1.7143,524578.176,13.17034974,2730875.643,0.192091565
鄂州市,2010,553894,3000,7700,1.229,13.3,1.7143,733835.836,13.50604063,3109571.958,0.235992557
鄂州市,2011,588828,3350,7300,1.229,13.3,1.7143,780739.002,13.56799619,3585176.741,0.217768623
鄂州市,2012,552027,3630,6700,1.229,13.3,1.7143,738205.993,13.51197819,4017608.393,0.183742645
鄂州市,2013,589298,3500,7000,1.229,13.3,1.7143,782797.342,13.57062912,4437343.395,0.176411261
鄂州市,2014,640954,3820,6800,1.229,13.3,1.7143,850195.706,13.65322184,4760264.685,0.178602612
鄂州市,2015,626478,3950,7110,1.229,13.3,1.7143,834665.135,13.63478589,5115461.031,0.163165183
鄂州市,2016,671496,3954,7013,1.229,13.3,1.7143,889879.1699,13.69884097,5498250.431,0.161847697
鄂州市,2017,611488,4676,7816,1.229,13.3,1.7143,827108.5208,13.62569119,6028534.522,0.137198936
鄂州市,2018,671500,5191,7068,1.229,13.3,1.7143,906430.4724,13.71726961,6390149.216,0.141848092
鄂州市,2019,738200,7028,4320,1.229,13.3,1.7143,1008125.976,13.8236037,7192227.549,0.14016881
鄂州市,2020,705600,7153,3970,1.229,13.3,1.7143,969123.071,13.78414689,6298782.662,0.153858789
鄂州市,2021,821000,7760,4325,1.229,13.3,1.7143,1119631.348,13.92851004,7131058.401,0.157007738
防城港市,2006,74226,6,5357,1.229,13.3,1.7143,100487.0591,11.51778423,1090668.582,0.09213345
防城港市,2007,102597,6,5563,1.229,13.3,1.7143,135708.1639,11.81826201,1358594.732,0.099888628
防城港市,2008,111864,6,12369,1.229,13.3,1.7143,158764.8327,11.97517935,1831454.377,0.086687845
防城港市,2009,129224,6,10783,1.229,13.3,1.7143,177381.3929,12.08605746,2012969.809,0.088119252
防城港市,2010,147347,17,10060,1.229,13.3,1.7143,198561.421,12.19885376,2378720.626,0.08347404
防城港市,2011,211360,45,10260,1.229,13.3,1.7143,277948.658,12.53519169,3081730.578,0.090192394
防城港市,2012,272269,68,9400,1.229,13.3,1.7143,351637.421,12.77035587,3302981.921,0.106460595
防城港市,2013,310802,120,9693,1.229,13.3,1.7143,400188.3679,12.89969063,3876172.574,0.103243176
防城港市,2014,422054,193,10289,1.229,13.3,1.7143,538909.6987,13.1973033,4306904.439,0.125126923
防城港市,2015,403075,446,10428,1.229,13.3,1.7143,519187.6954,13.16002074,4459660.968,0.116418647
防城港市,2016,541459,629,9825,1.229,13.3,1.7143,690661.8085,13.44540556,4712423.566,0.146561912
防城港市,2017,667715,1224,10381,1.229,13.3,1.7143,854697.0833,13.6585024,5004326.724,0.170791623
防城港市,2018,823489,1381,11160,1.229,13.3,1.7143,1049566.869,13.86388813,4606463.567,0.227846558
防城港市,2019,940178,2085,4302,1.229,13.3,1.7143,1190584.181,13.98995465,4606116.278,0.258478968
防城港市,2020,1095800,2342,8871,1.229,13.3,1.7143,1393094.355,14.14703799,7330000,0.1900538
防城港市,2021,1100700,3333,5512,1.229,13.3,1.7143,1406538.422,14.15664222,5084827.252,0.27661479
佛山市,2006,3552100,972,199386,1.229,13.3,1.7143,4720265.92,15.36737569,27540686.38,0.171392458
佛山市,2007,3982846,7304,153966,1.229,13.3,1.7143,5256004.848,15.47488176,32403216.99,0.162206266
佛山市,2008,3960000,10693,64974,1.229,13.3,1.7143,5120441.828,15.44875129,39810071.62,0.128621769
佛山市,2009,4167685,12848,92823,1.229,13.3,1.7143,5452089.734,15.51150953,42798493.45,0.127389758
佛山市,2010,4630795,17532,84638,1.229,13.3,1.7143,6069517.578,15.61878968,47864126.72,0.126807235
佛山市,2011,4856165,106324,66610,1.229,13.3,1.7143,7496525.508,15.82995021,56189626.39,0.13341476
佛山市,2012,5069529,67573,223379,1.229,13.3,1.7143,7512110.661,15.83202703,55881910.84,0.134428307
佛山市,2013,5270608,87681,259319,1.229,13.3,1.7143,8088285.094,15.90592729,58547714.17,0.138148606
佛山市,2014,5641251,89264,160113,1.229,13.3,1.7143,8394790.395,15.94312188,61231478.89,0.137099259
佛山市,2015,5941251,125316,314721,1.229,13.3,1.7143,9508026.489,16.06764689,64394855.18,0.147651959
佛山市,2016,6208167,123687,353448,1.229,13.3,1.7143,9880790.249,16.10610305,66914284.66,0.147663392
佛山市,2017,6738234,158705,433677,1.229,13.3,1.7143,11135518.57,16.22565043,71368007.61,0.156029556
佛山市,2018,6908450,167788,460511,1.229,13.3,1.7143,11511519.46,16.25885878,74159288.78,0.15522694
佛山市,2019,7026511,225714,515183,1.229,13.3,1.7143,12520756.44,16.34289834,80032820.08,0.156445274
佛山市,2020,7103000,226615,499003,1.229,13.3,1.7143,12599007.34,16.34912859,108160000,0.116484905
佛山市,2021,7807900,321112,502800,1.229,13.3,1.7143,14728648.74,16.50530505,86880734.63,0.169527212
福州市,2006,824721,2460,113115,1.229,13.3,1.7143,1240213.154,14.03079382,16640515,0.074529734
福州市,2007,1017000,2460,108324,1.229,13.3,1.7143,1468310.833,14.1996232,18201739,0.080668712
福州市,2008,1045977,2460,106021,1.229,13.3,1.7143,1499975.533,14.22095935,20278851.95,0.073967478
福州市,2009,1069861,2460,84086,1.229,13.3,1.7143,1491725.799,14.21544426,22855016.38,0.065269076
福州市,2010,937800,7413,75234,1.229,13.3,1.7143,1380122.746,14.137683,25845039.45,0.053399909
福州市,2011,1058998,9794,72970,1.229,13.3,1.7143,1556861.213,14.25818231,29071031.38,0.053553697
福州市,2012,1070480,13608,60497,1.229,13.3,1.7143,1600316.327,14.28571187,32475174.13,0.049278145
福州市,2013,1144165,16318,56305,1.229,13.3,1.7143,1719731.847,14.35767893,35870701.72,0.04794252
福州市,2014,1151420,18409,62335,1.229,13.3,1.7143,1766795.771,14.38467816,39298374.18,0.044958495
福州市,2015,1552008,18925,54509,1.229,13.3,1.7143,2252565.111,14.62758017,43256631.86,0.052074445
福州市,2016,1712776,18997,48828,1.229,13.3,1.7143,2441367.644,14.70806895,46853400.95,0.052106519
福州市,2017,4562487,23550,51838,1.229,13.3,1.7143,6009377.406,15.60883171,50244999.24,0.119601503
福州市,2018,4988890,27535,44586,1.229,13.3,1.7143,6573995.09,15.69863229,53219514.1,0.123526026
福州市,2019,5173240,26931,45735,1.229,13.3,1.7143,6794497.771,15.73162369,62510320.49,0.108694016
福州市,2020,4897700,28612,42123,1.229,13.3,1.7143,6472024.359,15.6829995,66415885.94,0.097446933
福州市,2021,5519700,32640,49436,1.229,13.3,1.7143,7302571.435,15.8037371,72003053.51,0.101420302
抚顺市,2006,782911,12791,26050,1.229,13.3,1.7143,1176975.434,13.97845851,4578224,0.257081225
抚顺市,2007,850382,12830,28048,1.229,13.3,1.7143,1263841.164,14.04966618,5036659.323,0.250928459
抚顺市,2008,853765,12610,37990,1.229,13.3,1.7143,1282116.442,14.06402274,5723051.848,0.224026704
抚顺市,2009,854158,8869,38831,1.229,13.3,1.7143,1234285.865,14.02600311,6311010.818,0.195576573
抚顺市,2010,1059277,7567,38100,1.229,13.3,1.7143,1467807.363,14.19928026,8225526.782,0.178445393
抚顺市,2011,1093037,7478,34068,1.229,13.3,1.7143,1501202.645,14.22177711,9579349.96,0.156712371
抚顺市,2012,1013273,7899,33921,1.229,13.3,1.7143,1408519.987,14.15805006,10614924.89,0.132692412
抚顺市,2013,1073571,11808,38742,1.229,13.3,1.7143,1542880.57,14.24916173,11623895.57,0.13273352
抚顺市,2014,1050452,18700,38696,1.229,13.3,1.7143,1606052.061,14.28928959,11223772.78,0.143093779
抚顺市,2015,1118977,43489,38374,1.229,13.3,1.7143,2019410.981,14.51831643,10894366.73,0.185362861
抚顺市,2016,910164,52464,38288,1.229,13.3,1.7143,1881999.874,14.44784553,7716469.516,0.243893904
抚顺市,2017,1049445,48977,38177,1.229,13.3,1.7143,2006608.836,14.51195671,8299707.968,0.241768607
抚顺市,2018,1114361,49226,37967,1.229,13.3,1.7143,2089342.297,14.55235988,8929106.804,0.233992307
抚顺市,2019,1105648,49557,30947,1.229,13.3,1.7143,2071001.934,14.54354307,7189082.373,0.288075978
抚顺市,2020,4176000,49838,27998,1.229,13.3,1.7143,5843146.371,15.58077997,6996876.419,0.835107843
抚顺市,2021,1139300,43606,23522,1.229,13.3,1.7143,2020483.265,14.51884728,7085705.053,0.285149219
抚州市,2006,86499,7,6500,1.229,13.3,1.7143,117543.321,11.67456223,3135607,0.037486624
抚州市,2007,101689,7,8900,1.229,13.3,1.7143,140326.151,11.85172464,3385769.21,0.04144587
抚州市,2008,111689,7,8900,1.229,13.3,1.7143,152616.151,11.93568123,3770694.971,0.040474277
抚州市,2009,93600,132,9100,1.229,13.3,1.7143,132390.13,11.79350837,4494597.79,0.02945539
抚州市,2010,109509,200,11180,1.229,13.3,1.7143,156412.435,11.96025161,5219486.694,0.029967015
抚州市,2011,131022,292,11600,1.229,13.3,1.7143,184795.518,12.12700518,5600400.51,0.03299684
抚州市,2012,141280,1901,23356,1.229,13.3,1.7143,238955.6108,12.38403308,6247738.144,0.038246739
抚州市,2013,159675,2167,23356,1.229,13.3,1.7143,265100.8658,12.48786566,7024060.345,0.037741826
抚州市,2014,145692,2892,23356,1.229,13.3,1.7143,257558.2588,12.45900122,7751537.939,0.03322673
抚州市,2015,155784,2875,23356,1.229,13.3,1.7143,269735.2268,12.50519612,8416640.969,0.032047848
抚州市,2016,179945,2933,24930,1.229,13.3,1.7143,302898.804,12.62115405,9173314.8,0.033019558
抚州市,2017,695582,2933,25033,1.229,13.3,1.7143,936793.2499,13.75021789,9723757.644,0.096340662
抚州市,2018,850342,4975,25136,1.229,13.3,1.7143,1154328.463,13.95902932,10025732.21,0.115136574
抚州市,2019,942667,6590,25180,1.229,13.3,1.7143,1289350.817,14.06964941,10888972.55,0.118408859
抚州市,2020,1033000,8093,26565,1.229,13.3,1.7143,1422734.28,14.16809113,11297456.5,0.125934035
抚州市,2021,1061100,9538,22230,1.229,13.3,1.7143,1469056.189,14.2001307,12092400.11,0.121485907
阜新市,2006,221344,1946,4713,1.229,13.3,1.7143,305993.0719,12.63131774,1586389,0.192886532
阜新市,2007,255653,2283,4822,1.229,13.3,1.7143,352827.7916,12.77373537,1780999.222,0.198106651
阜新市,2008,287609,2323,4840,1.229,13.3,1.7143,392664.573,12.88071102,2020854.948,0.194306164
阜新市,2009,304287,2826,4890,1.229,13.3,1.7143,419937.45,12.94786105,2601309.212,0.161433115
阜新市,2010,337270,3080,4910,1.229,13.3,1.7143,463886.043,13.0473942,3481365.606,0.133248298
阜新市,2011,363463,3310,4956,1.229,13.3,1.7143,499215.0978,13.12079234,4132132.246,0.120812953
阜新市,2012,375598,3342,5100,1.229,13.3,1.7143,514801.472,13.15153661,4807603.893,0.107080675
阜新市,2013,389705,4039,5120,1.229,13.3,1.7143,541443.361,13.20199374,5334148.238,0.101505121
阜新市,2014,391497,4310,5220,1.229,13.3,1.7143,547421.459,13.21297428,5329367.183,0.10271791
阜新市,2015,389899,4893,5221,1.229,13.3,1.7143,553213.1313,13.22349862,4706540.226,0.117541358
阜新市,2016,390101,4294,5200,1.229,13.3,1.7143,545458.689,13.20938235,3637748.106,0.149944051
阜新市,2017,491976,4954,5200,1.229,13.3,1.7143,679441.064,13.42902577,3574492.609,0.190080422
阜新市,2018,537632,5685,5130,1.229,13.3,1.7143,745154.587,13.52134698,3796927.523,0.196251991
阜新市,2019,541308,5854,5200,1.229,13.3,1.7143,752040.092,13.53054492,4141997.872,0.181564577
阜新市,2020,575000,6057,3891,1.229,13.3,1.7143,793903.4413,13.58471712,4267418.589,0.186038333
阜新市,2021,618400,4326,2326,1.229,13.3,1.7143,821536.8618,13.61893209,4438746.269,0.185083087
阜阳市,2006,133201,30,6970,1.229,13.3,1.7143,176051.7,12.07853298,3783600,0.046530209
阜阳市,2007,142654,626,6185,1.229,13.3,1.7143,194250.5115,12.1769039,4237748.006,0.045838146
阜阳市,2008,174643,2764,6750,1.229,13.3,1.7143,262968.972,12.47979133,4749406.862,0.055368803
阜阳市,2009,224575,4870,7110,1.229,13.3,1.7143,352962.348,12.77411667,5283996.855,0.066798365
阜阳市,2010,248624,6400,3940,1.229,13.3,1.7143,397433.238,12.89278224,5881423.961,0.067574322
阜阳市,2011,290300,7300,5320,1.229,13.3,1.7143,462988.776,13.04545809,6414166.565,0.072182219
阜阳市,2012,325012,8700,6927,1.229,13.3,1.7143,527024.7041,13.1750027,7144048.651,0.073771153
阜阳市,2013,368972,9260,7865,1.229,13.3,1.7143,590107.5575,13.2880601,7750842.49,0.076134634
阜阳市,2014,295685,6938,5109,1.229,13.3,1.7143,464430.6237,13.04856747,8657434.187,0.053645296
阜阳市,2015,437028,7040,5415,1.229,13.3,1.7143,640022.3465,13.36925837,9479750.425,0.067514683
阜阳市,2016,476255,10405,14076,1.229,13.3,1.7143,747834.3818,13.52493682,10333849.37,0.072367455
阜阳市,2017,1250605,10019,16328,1.229,13.3,1.7143,1698237.335,14.34510141,11149916.39,0.152309423
阜阳市,2018,1433477,10790,19260,1.229,13.3,1.7143,1938267.651,14.47730517,11767124.58,0.164718886
阜阳市,2019,1590286,12774,15600,1.229,13.3,1.7143,2151098.774,14.58148933,17917475.35,0.120055908
阜阳市,2020,1688000,13843,16060,1.229,13.3,1.7143,2286195.558,14.64239967,18388623,0.124326632
阜阳市,2021,1863300,14700,16670,1.229,13.3,1.7143,2514083.081,14.73741871,19801739.6,0.126962738
赣州市,2006,195489,763,3380,1.229,13.3,1.7143,256198.215,12.4537067,5827320,0.043965016
赣州市,2007,244367,943,3728,1.229,13.3,1.7143,319259.8534,12.67376064,6459763.942,0.049422836
赣州市,2008,278578,1080,4048,1.229,13.3,1.7143,363675.8484,12.80401822,7252533.852,0.050144661
赣州市,2009,134003,1545,5400,1.229,13.3,1.7143,194495.407,12.17816383,8406566.787,0.023136128
赣州市,2010,160840,1686,5500,1.229,13.3,1.7143,229524.81,12.34376641,9276760.734,0.024741913
赣州市,2011,184836,2350,8100,1.229,13.3,1.7143,272304.274,12.51467537,10076837.56,0.027022791
赣州市,2012,202558,3000,8000,1.229,13.3,1.7143,302558.182,12.62002888,11423227.84,0.026486225
赣州市,2013,205083,3319,8580,1.229,13.3,1.7143,310898.401,12.64722145,12495154.65,0.024881517
赣州市,2014,384408,6344,17141,1.229,13.3,1.7143,586197.4483,13.28141195,13783824.95,0.042527923
赣州市,2015,404601,6910,15330,1.229,13.3,1.7143,615437.848,13.33008924,15032828.04,0.040939592
赣州市,2016,415922,7010,15423,1.229,13.3,1.7143,630840.7869,13.35480879,16720774.44,0.037727965
赣州市,2017,1655735,9068,19106,1.229,13.3,1.7143,2188256.131,14.5986155,18801885.67,0.116384929
赣州市,2018,1864740,13267,18226,1.229,13.3,1.7143,2499461.392,14.73158582,20359180.44,0.122768271
赣州市,2019,2089524,14220,18849,1.229,13.3,1.7143,2789463.837,14.84135996,25035268.45,0.111421367
赣州市,2020,2235000,14204,21917,1.229,13.3,1.7143,2973300.513,14.90518318,26178785.09,0.113576719
赣州市,2021,2510500,15079,18778,1.229,13.3,1.7143,3318146.325,15.01491685,28085357.13,0.118145064
固原市,2006,23765,50,1541,1.229,13.3,1.7143,32513.9213,10.38942362,451615.4057,0.071994713
固原市,2007,31908,50,1272,1.229,13.3,1.7143,42060.5216,10.64686485,462343.3115,0.090972489
固原市,2008,31145,50,1299,1.229,13.3,1.7143,41169.0807,10.62544279,565216.8466,0.072837675
固原市,2009,31049,50,1367,1.229,13.3,1.7143,41167.6691,10.6254085,594525.3605,0.069244597
固原市,2010,38287,50,1367,1.229,13.3,1.7143,50063.1711,10.82104091,641533.1329,0.078036766
固原市,2011,34764,50,1472,1.229,13.3,1.7143,45913.4056,10.73451241,826182.8225,0.055572937
固原市,2012,79724,50,1208,1.229,13.3,1.7143,100716.6704,11.52006661,983921.3277,0.102362524
固原市,2013,83515,50,1208,1.229,13.3,1.7143,105375.8094,11.56528838,1154402.787,0.091281666
固原市,2014,80255,50,1192,1.229,13.3,1.7143,101341.8406,11.52625464,1313924.427,0.077129124
固原市,2015,95729,241,843,1.229,13.3,1.7143,122301.3959,11.71424374,1412893.461,0.086560947
固原市,2016,108500,332,810,1.229,13.3,1.7143,139150.683,11.84331268,1455806.299,0.09558324
固原市,2017,256973,1785,1168,1.229,13.3,1.7143,341562.6194,12.74128631,1596580.597,0.213933841
固原市,2018,322424,3090,820,1.229,13.3,1.7143,438761.822,12.991712,1787389.194,0.245476376
固原市,2019,404068,4500,1930,1.229,13.3,1.7143,559758.171,13.23526013,1891612.036,0.295915949
固原市,2020,451000,3412,1240,1.229,13.3,1.7143,601784.332,13.30765441,3520000,0.170961458
固原市,2021,439400,3456,1068,1.229,13.3,1.7143,587818.2724,13.28417312,2004154.478,0.293299882
广安市,2006,55887,1740,234,1.229,13.3,1.7143,92228.2692,11.43202197,2588682.398,0.035627495
广安市,2007,67667,1746,234,1.229,13.3,1.7143,106785.6892,11.5785792,2867744.726,0.037236818
广安市,2008,67895,1820,234,1.229,13.3,1.7143,108050.1012,11.5903503,3527217.346,0.030633242
广安市,2009,52966,2713,234,1.229,13.3,1.7143,101579.2602,11.52859466,3719979.706,0.027306402
广安市,2010,112970,2749,234,1.229,13.3,1.7143,175802.9762,12.07711919,4175804.453,0.042100385
广安市,2011,119916,4514,234,1.229,13.3,1.7143,207814.1102,12.24439926,5041737.157,0.041218751
广安市,2012,103911,5055,234,1.229,13.3,1.7143,195339.2652,12.18249315,5703044.167,0.034251754
广安市,2013,198622,5825,234,1.229,13.3,1.7143,321980.0842,12.68224497,6305577.03,0.051062747
广安市,2014,222615,6519,234,1.229,13.3,1.7143,360697.6812,12.79579544,7133666.792,0.050562732
广安市,2015,167190,7153,234,1.229,13.3,1.7143,301012.5562,12.61490726,7699626.731,0.039094435
广安市,2016,211235,7153,234,1.229,13.3,1.7143,355143.8612,12.78027823,7804931.86,0.045502493
广安市,2017,526648,7502,234,1.229,13.3,1.7143,747428.1382,13.52439344,8104612.674,0.092222561
广安市,2018,593889,7635,234,1.229,13.3,1.7143,831836.2272,13.63139086,8579062.36,0.096961205
广安市,2019,627444.5,8248,234,1.229,13.3,1.7143,881228.8367,13.68907262,8493887.629,0.103748587
广安市,2020,661000,8861,237,1.229,13.3,1.7143,930626.5891,13.74361339,13010000,0.071531636
广安市,2021,720200,9734,235,1.229,13.3,1.7143,1014990.861,13.83039017,9367519.735,0.108352145
广元市,2006,215648,10202,7430,1.229,13.3,1.7143,413455.241,12.93230454,1533094.647,0.269686703
广元市,2007,252188,10000,7868,1.229,13.3,1.7143,456427.1644,13.03118441,1764318.847,0.258698798
广元市,2008,251447,4484,2827,1.229,13.3,1.7143,373511.8891,12.83070511,2034593.479,0.183580599
广元市,2009,277433,4739,2696,1.229,13.3,1.7143,408615.6098,12.92053016,2234286.043,0.182884197
广元市,2010,314615,5613,2500,1.229,13.3,1.7143,465600.485,13.05108322,2501854.426,0.186102149
广元市,2011,331709,7259,2059,1.229,13.3,1.7143,507744.8047,13.13773425,3083089.172,0.164687032
广元市,2012,296541,8694,1735,1.229,13.3,1.7143,483053.3995,13.08788248,3553168.585,0.135950037
广元市,2013,365725,9129,1190,1.229,13.3,1.7143,572931.742,13.25852186,3916713.346,0.146278701
广元市,2014,367760,11865,1200,1.229,13.3,1.7143,611838.7,13.32422396,4392095.048,0.139304522
广元市,2015,385477,9503,1415,1.229,13.3,1.7143,602566.8675,13.30895392,4635558.207,0.129987984
广元市,2016,415978,11449,1526,1.229,13.3,1.7143,666124.6838,13.40923214,4775837.177,0.139478098
广元市,2017,602703,13717,1666,1.229,13.3,1.7143,926014.1108,13.73864475,5055034.573,0.183186504
广元市,2018,632600,14223,1183,1.229,13.3,1.7143,968659.3169,13.78366825,5502230.81,0.17604847
广元市,2019,598569,15003,1393,1.229,13.3,1.7143,937569.2209,13.75104587,6400993.717,0.146472448
广元市,2020,1018000,15190,1118,1.229,13.3,1.7143,1455065.587,14.19056153,10080000,0.144351745
广元市,2021,1341400,15625,1160,1.229,13.3,1.7143,1858381.688,14.43521661,7372462.641,0.252070682
广州市,2006,3796911,19264.3,984190,1.229,13.3,1.7143,6609815.726,15.70406633,57127149.89,0.115703579
广州市,2007,4283756,19264.3,978641,1.229,13.3,1.7143,7198635.58,15.78940206,63898210.92,0.112657858
广州市,2008,4683576,19264.333,991678.5,1.229,13.3,1.7143,7712364.985,15.85833544,75478701.09,0.102179355
广州市,2009,5115964,41990.667,1004716,1.229,13.3,1.7143,8568380.266,15.96358927,81126345.25,0.105617728
广州市,2010,5629954,64717,1087766,1.229,13.3,1.7143,9644706.82,16.08191981,91029839.86,0.105951047
广州市,2011,5960200,87443.333,993508,1.229,13.3,1.7143,10191252.89,16.13704035,106084870.5,0.096066978
广州市,2012,6244969,110169.67,899250,1.229,13.3,1.7143,10681907.79,16.18406201,114511537.7,0.093282371
广州市,2013,6397985,132896,994614,1.229,13.3,1.7143,11335707.15,16.24346823,128786295.7,0.088019514
广州市,2014,6906076,167975,1028739,1.229,13.3,1.7143,12485202.17,16.34005467,137468629.9,0.090822191
广州市,2015,7793233,174629,970634,1.229,13.3,1.7143,13564406.92,16.42295978,145625358.1,0.093145913
广州市,2016,8235701,191674,857674,1.229,13.3,1.7143,14141251.27,16.46460671,151564666.1,0.093301768
广州市,2017,8695865,207476,790627,1.229,13.3,1.7143,14802020.75,16.51027427,163284787.4,0.09065156
广州市,2018,9369013,210419,656206,1.229,13.3,1.7143,15438023.62,16.55234409,170617213.1,0.090483389
广州市,2019,10055838,240266,758759,1.229,13.3,1.7143,16854903.26,16.64015217,175899498.3,0.095821213
广州市,2020,9967200,270113,633981,1.229,13.3,1.7143,16929025.33,16.64454018,250190000,0.067664676
广州市,2021,11197300,192377,640591,1.229,13.3,1.7143,17418260.95,16.67302969,201761692.9,0.086330862
贵港市,2006,194281,8,13100,1.229,13.3,1.7143,261335.079,12.47355869,2418132.495,0.108073102
贵港市,2007,242744,40,11000,1.229,13.3,1.7143,317721.676,12.66893105,2883212.731,0.110197098
贵港市,2008,271251,457,8000,1.229,13.3,1.7143,353159.979,12.77467643,3439903.479,0.102665665
贵港市,2009,321399,425,8200,1.229,13.3,1.7143,414709.131,12.93533266,3510018.714,0.11815012
贵港市,2010,343170,352,8200,1.229,13.3,1.7143,440494.79,12.9956539,4043459.44,0.108940079
贵港市,2011,356810,395,8961,1.229,13.3,1.7143,459134.8323,13.0370992,4698270.562,0.097724221
贵港市,2012,306862,451,9856,1.229,13.3,1.7143,400027.8388,12.89928942,5052613.38,0.079172462
贵港市,2013,333119,631,11406,1.229,13.3,1.7143,437348.8568,12.98848645,5476857.571,0.079853977
贵港市,2014,411743,818,10238,1.229,13.3,1.7143,534462.5504,13.18901694,5889855.521,0.090742897
贵港市,2015,424338,804,12605,1.229,13.3,1.7143,553813.3535,13.224583,6216149.263,0.089092673
贵港市,2016,428038,1193,14749,1.229,13.3,1.7143,567209.8127,13.24848455,6683151.315,0.08487161
贵港市,2017,864273,1362,14540,1.229,13.3,1.7143,1105232.039,13.91556586,7302420.469,0.151351465
贵港市,2018,943155,1630,15168,1.229,13.3,1.7143,1206818.997,14.00349853,7733704.555,0.15604669
贵港市,2019,1069605,1849,15388,1.229,13.3,1.7143,1365515.893,14.12704286,8266040.34,0.16519589
贵港市,2020,1145300,2838,15864,1.229,13.3,1.7143,1472514.755,14.20248221,13530000,0.108833315
贵港市,2021,1230000,4169,18923,1.229,13.3,1.7143,1599557.399,14.28523752,9359571.73,0.170900704
贵阳市,2006,1089109,20239,25855,1.229,13.3,1.7143,1652016.888,14.31750746,6028845,0.274018803
贵阳市,2007,1147719,20859,30000,1.229,13.3,1.7143,1739400.351,14.36905099,6332221.244,0.274690394
贵阳市,2008,1125623,22685,32000,1.229,13.3,1.7143,1739958.767,14.36937197,6695073.362,0.259886438
贵阳市,2009,1238358,22851,34000,1.229,13.3,1.7143,1884146.482,14.44898548,8121582.472,0.231992532
贵阳市,2010,1470703,22364,36000,1.229,13.3,1.7143,2166649.987,14.58869275,9024159.806,0.240094373
贵阳市,2011,1712691,25237,36000,1.229,13.3,1.7143,2502264.139,14.73270654,10331931.21,0.242187456
贵阳市,2012,1595293,26909,36000,1.229,13.3,1.7143,2380219.597,14.68270331,11954636.21,0.19910431
贵阳市,2013,1745085,27704,38000,1.229,13.3,1.7143,2578316.065,14.76264706,13936217.48,0.185008311
贵阳市,2014,1576332,24198,40000,1.229,13.3,1.7143,2327717.428,14.6603987,16071872.59,0.14483175
贵阳市,2015,1976332,20500,42000,1.229,13.3,1.7143,2773562.628,14.8356432,17924836.66,0.154732937
贵阳市,2016,2376332,24903,44000,1.229,13.3,1.7143,3327151.128,15.01762698,19337300.2,0.17205872
贵阳市,2017,2732383,30692,46000,1.229,13.3,1.7143,3845160.107,15.1623258,20694281.7,0.185807856
贵阳市,2018,2577732,34285,42304,1.229,13.3,1.7143,3696544.875,15.12290912,21480354.58,0.172089565
贵阳市,2019,2876497,40612,48000,1.229,13.3,1.7143,4157640.813,15.24045836,22653140.27,0.183534855
贵阳市,2020,2945000,43206,49500,1.229,13.3,1.7143,4278902.65,15.26920714,23767772.98,0.180029599
贵阳市,2021,3208400,51588,50000,1.229,13.3,1.7143,4714959,15.36625078,25716121.57,0.183346427
桂林市,2006,214093,217,21583,1.229,13.3,1.7143,303006.1339,12.62150833,5535000.465,0.054743651
桂林市,2007,241783,371,22396,1.229,13.3,1.7143,340479.0698,12.73810893,6348872.511,0.053628273
桂林市,2008,198823,656,22575,1.229,13.3,1.7143,291778.5895,12.58375054,7621863.72,0.03828179
桂林市,2009,267548,852,22684,1.229,13.3,1.7143,379035.2732,12.84538455,7541860.043,0.050257532
桂林市,2010,237250,1244,22089,1.229,13.3,1.7143,345992.6227,12.75417273,8192668.089,0.042231983
桂林市,2011,243214,1800,22536,1.229,13.3,1.7143,361483.4708,12.7979716,9950943.704,0.036326552
桂林市,2012,252902,2354,21896,1.229,13.3,1.7143,379661.0708,12.84703421,11047449.94,0.034366399
桂林市,2013,266322,3000,19333,1.229,13.3,1.7143,400352.2999,12.90010019,12237192.85,0.032716024
桂林市,2014,278519,3230,20056,1.229,13.3,1.7143,419640.8518,12.94715451,13361241.94,0.031407324
桂林市,2015,289399,4075,20879,1.229,13.3,1.7143,445661.7407,13.00731551,13959457.68,0.031925434
桂林市,2016,415300,5641,19941,1.229,13.3,1.7143,619613.8563,13.33685175,14323433.65,0.043258751
桂林市,2017,1137960,6783,19522,1.229,13.3,1.7143,1522233.305,14.23568909,13800581.07,0.110302117
桂林市,2018,1267552,7894,18999,1.229,13.3,1.7143,1695381.594,14.3434184,13245250.72,0.127999207
桂林市,2019,1460305,9716,16166,1.229,13.3,1.7143,1951651.019,14.48418625,13838061.17,0.141035004
桂林市,2020,1455400,10679,24100,1.229,13.3,1.7143,1972031.93,14.49457501,21300000,0.092583659
桂林市,2021,1644000,8994,16702,1.229,13.3,1.7143,2168728.439,14.58965158,14400779.14,0.150597993
哈尔滨市,2006,1123375,40743,83000,1.229,13.3,1.7143,2064796.675,14.54054232,20940751,0.098601845
哈尔滨市,2007,1206500,37372,82000,1.229,13.3,1.7143,2120408.7,14.56711941,23277464.53,0.091092769
哈尔滨市,2008,1192200,39416,85000,1.229,13.3,1.7143,2135162.1,14.57405313,25950794.57,0.08227733
哈尔滨市,2009,1212452,31383,86400,1.229,13.3,1.7143,2055612.928,14.53608462,31262413.99,0.065753493
哈尔滨市,2010,1323300,29083,83000,1.229,13.3,1.7143,2155426.5,14.58349917,35016579.79,0.061554455
哈尔滨市,2011,1548364,32585,81230,1.229,13.3,1.7143,2475572.445,14.72198222,37590922.86,0.065855591
哈尔滨市,2012,1525932,33323,60480,1.229,13.3,1.7143,2422247.192,14.70020626,39528130.32,0.061279073
哈尔滨市,2013,1573203,35118,69000,1.229,13.3,1.7143,2518822.587,14.73930212,43597902.32,0.05777394
哈尔滨市,2014,1726337,53445,78000,1.229,13.3,1.7143,2966202.073,14.90279293,47572825.09,0.062350766
哈尔滨市,2015,1862722,58427,72000,1.229,13.3,1.7143,3189794.038,14.97546691,56223317.51,0.056734362
哈尔滨市,2016,1745478,65298,71000,1.229,13.3,1.7143,3135371.162,14.95825812,61200091.01,0.051231479
哈尔滨市,2017,2217776,74321,70280,1.229,13.3,1.7143,3834597.008,15.1595749,64267696.62,0.05966601
哈尔滨市,2018,2386562,80045,69000,1.229,13.3,1.7143,4115969.898,15.23038506,64816120.01,0.063502257
哈尔滨市,2019,2518649,83582,64000,1.229,13.3,1.7143,4316775.421,15.27801925,53265302.04,0.081042916
哈尔滨市,2020,2548000,71345,22020,1.229,13.3,1.7143,4118129.386,15.23090959,52534057.91,0.078389707
哈尔滨市,2021,2653800,82403,37500,1.229,13.3,1.7143,4421766.35,15.3020498,53053527.22,0.083345379
哈密市,2021,1186600,14374,600,1.229,13.3,1.7143,1650534.18,14.31660954,,
海口市,2006,281987,9463,44213,1.229,13.3,1.7143,548214.2689,13.21442149,3501246,0.156576907
海口市,2007,307780,11647,45218,1.229,13.3,1.7143,610683.9374,13.32233482,3795989.22,0.160876099
海口市,2008,331122,12097,45419,1.229,13.3,1.7143,645700.8297,13.37809156,3944056.756,0.163714893
海口市,2009,351727,9244,35500,1.229,13.3,1.7143,616075.333,13.33112453,4429170.327,0.139094974
海口市,2010,391263,10031,35710,1.229,13.3,1.7143,675492.18,13.42319686,5008879.135,0.13485895
海口市,2011,462099,11492,43000,1.229,13.3,1.7143,794478.171,13.58544079,5523768.65,0.143829009
海口市,2012,526700,12143,22401,1.229,13.3,1.7143,847218.2343,13.6497136,6126753.391,0.138281759
海口市,2013,555210,19071,58500,1.229,13.3,1.7143,1036283.94,13.85115174,6641832.357,0.156023803
海口市,2014,603390,15187,54721.5,1.229,13.3,1.7143,1037362.477,13.85219197,7863910.454,0.13191433
海口市,2015,650243,11303,50943,1.229,13.3,1.7143,1036810.132,13.85165938,8333775.376,0.124410616
海口市,2016,703442,12319,40111,1.229,13.3,1.7143,1097135.205,13.90821298,8852692.607,0.123932373
海口市,2017,734482,19060,40062,1.229,13.3,1.7143,1224854.665,14.01833275,9524951.749,0.128594317
海口市,2018,774798,15961,47261,1.229,13.3,1.7143,1245527.574,14.03506975,10025483.96,0.124236155
海口市,2019,860509,13562,38754,1.229,13.3,1.7143,1304376.143,14.08123543,10815680.17,0.120600473
海口市,2020,867200,13750,39917,1.229,13.3,1.7143,1317093.513,14.09093798,11560449.77,0.113930992
海口市,2021,987402,22147,37123,1.229,13.3,1.7143,1571712.117,14.2676761,12562976.7,0.125106665
邯郸市,2006,725131,14425,8863,1.229,13.3,1.7143,1098232.34,13.90921248,13594576,0.080784597
邯郸市,2007,398376,16459,3090,1.229,13.3,1.7143,713805.991,13.47836648,14565162.77,0.049007759
邯郸市,2008,428342,15473,3520,1.229,13.3,1.7143,738257.554,13.51204803,16662444.33,0.044306678
邯郸市,2009,502482,20327,2001,1.229,13.3,1.7143,891329.7923,13.70046978,16918879.66,0.052682554
邯郸市,2010,545290,20976,7546,1.229,13.3,1.7143,962078.3178,13.77685114,18407091.13,0.052266722
邯郸市,2011,636382,223.54,9270,1.229,13.3,1.7143,800978.121,13.59358891,20186977.76,0.039677961
邯郸市,2012,677746,25074,5554,1.229,13.3,1.7143,1175955.256,13.97759136,22048817.76,0.053334164
邯郸市,2013,1533065,26212,4995,1.229,13.3,1.7143,2241319.414,14.62257527,22973631.73,0.097560518
邯郸市,2014,1522072,24365,1090,1.229,13.3,1.7143,2196549.575,14.60239831,23687848.54,0.092728961
邯郸市,2015,1588564,20959,671,1.229,13.3,1.7143,2232250.151,14.61852067,24671863.39,0.090477566
邯郸市,2016,1895877,22757,4633,1.229,13.3,1.7143,2640643.285,14.78653311,25892957.36,0.10198307
邯郸市,2017,3733728,45524,803,1.229,13.3,1.7143,5195597.495,15.46332219,25976258.98,0.200013308
邯郸市,2018,4070411,53766,358,1.229,13.3,1.7143,5718236.638,15.55917104,26665724.7,0.214441449
邯郸市,2019,4276139,59750,297,1.229,13.3,1.7143,6050558.978,15.61566122,26672265.34,0.226848335
邯郸市,2020,4466500,61160,269,1.229,13.3,1.7143,6303217.647,15.6565708,27932025.57,0.225662748
邯郸市,2021,4796800,61039,396,1.229,13.3,1.7143,6707764.763,15.71877633,30166139.85,0.222360726
汉中市,2006,59339,10,3880,1.229,13.3,1.7143,79712.115,11.28617686,2467900,0.032299573
汉中市,2007,68487,10,3880,1.229,13.3,1.7143,90955.007,11.41812023,2691098.921,0.033798463
汉中市,2008,56210,10,3880,1.229,13.3,1.7143,75866.574,11.23673147,2959767.585,0.025632612
汉中市,2009,72650,10,3880,1.229,13.3,1.7143,96071.334,11.47284626,3513141.91,0.027346272
汉中市,2010,89406,10,3880,1.229,13.3,1.7143,116664.458,11.66705721,3986218.417,0.029266951
汉中市,2011,97558,69,3880,1.229,13.3,1.7143,127467.966,11.75562036,4631121.789,0.027524209
汉中市,2012,117796,915,3880,1.229,13.3,1.7143,163592.268,12.00513244,5213165.299,0.031380602
汉中市,2013,78401,1636,3780,1.229,13.3,1.7143,124593.683,11.73281319,5985179.904,0.020817032
汉中市,2014,87124,2437,3880,1.229,13.3,1.7143,146138.98,11.89231337,6738770.365,0.021686298
汉中市,2015,90620,2968.5,3690,1.229,13.3,1.7143,157178.797,11.96513927,7581738.493,0.020731234
汉中市,2016,138171,3500,3500,1.229,13.3,1.7143,222362.209,12.3120629,8318869.621,0.026729859
汉中市,2017,854872,6169,4170,1.229,13.3,1.7143,1139834.019,13.94639321,9169902.692,0.124301648
汉中市,2018,897242,8603,3688,1.229,13.3,1.7143,1223452.656,14.01718747,9814748.195,0.124654513
汉中市,2019,895806,10958,4881,1.229,13.3,1.7143,1255054.472,14.04268953,10156333.4,0.123573579
汉中市,2020,950200,16076,4902,1.229,13.3,1.7143,1390010.099,14.14482157,10522931.57,0.132093428
汉中市,2021,1043900,11115,4882,1.229,13.3,1.7143,1439151.813,14.17956448,10827487.28,0.132916509
杭州市,2006,2799367,11957,85381,1.229,13.3,1.7143,3745818.791,15.13615079,34415068,0.108842406
杭州市,2007,3134653,21080,59051,1.229,13.3,1.7143,4234083.666,15.25867749,38541600.1,0.109857496
杭州市,2008,3257487,28889,89563,1.229,13.3,1.7143,4541213.074,15.32870473,43334030.32,0.104795539
杭州市,2009,3469277,35995,101056,1.229,13.3,1.7143,4915715.234,15.40794782,46851126.03,0.10492203
杭州市,2010,3926426,45839,114427,1.229,13.3,1.7143,5631398.46,15.54386836,51088690.68,0.110227888
杭州市,2011,4325675,50910,111918,1.229,13.3,1.7143,6185218.602,15.63767291,56512938.89,0.109447831
杭州市,2012,4449519,55623,111742,1.229,13.3,1.7143,6399804.062,15.67177793,62912902.3,0.101724826
杭州市,2013,4840497,57566,119178,1.229,13.3,1.7143,6918905.458,15.74976814,67102061.41,0.103110177
杭州市,2014,5527078,110830,98732,1.229,13.3,1.7143,8436074.13,15.94802761,74383639.54,0.113413033
杭州市,2015,5595438,77842,123762,1.229,13.3,1.7143,8124257.099,15.91036485,80676395.37,0.100701786
杭州市,2016,5839636,90781,131431,1.229,13.3,1.7143,8609612.107,15.96838982,89890326.18,0.095779073
杭州市,2017,7380288,117799,128627,1.229,13.3,1.7143,10857605.92,16.2003764,97340629.26,0.111542385
杭州市,2018,7969558,132056,132825,1.229,13.3,1.7143,11778633.48,16.28179773,100956281.2,0.116670635
杭州市,2019,8167003,133731,122438,1.229,13.3,1.7143,12025764.45,16.30256194,113937913.1,0.105546645
杭州市,2020,8080000,135406,111675,1.229,13.3,1.7143,11922664.25,16.29395171,119550402.6,0.099729185
杭州市,2021,9103300,279801,130671,1.229,13.3,1.7143,15133318.3,16.53240938,127508218.8,0.118685042
合肥市,2006,570721,9803,40157,1.229,13.3,1.7143,900637.1541,13.71085774,10737600,0.083876951
合肥市,2007,647342,13978,41383,1.229,13.3,1.7143,1052433.595,13.86661575,12464230.29,0.084436309
合肥市,2008,718911,16306,47315,1.229,13.3,1.7143,1181523.524,13.98231529,14608240.84,0.080880616
合肥市,2009,750319,18626,47238,1.229,13.3,1.7143,1250847.954,14.03933224,18275101.07,0.068445474
合肥市,2010,856458,22411,65284,1.229,13.3,1.7143,1462569.543,14.19570541,22013018.56,0.066441117
合肥市,2011,1004013,28139,24258,1.229,13.3,1.7143,1649766.166,14.31614412,27339448.96,0.060343797
合肥市,2012,1085783,32924,34388,1.229,13.3,1.7143,1831267.855,14.4205191,30909409.13,0.059246291
合肥市,2013,1170320,38659,33966,1.229,13.3,1.7143,2010715.894,14.51400138,34089237.03,0.058983893
合肥市,2014,1285143,44791,28900,1.229,13.3,1.7143,2224704.317,14.61513457,37722143.39,0.058976085
合肥市,2015,1406197,52333,30000,1.229,13.3,1.7143,2475674.013,14.72202325,42335339.28,0.058477718
合肥市,2016,1555875,88950,29245,1.229,13.3,1.7143,3145340.079,14.96143258,46251783.27,0.068004731
合肥市,2017,2960923,99558,27626,1.229,13.3,1.7143,5010455.019,15.42703729,49699209.45,0.100815588
合肥市,2018,3448296,108091,46268,1.229,13.3,1.7143,5754883.316,15.56555932,52317175.09,0.109999886
合肥市,2019,3754592,116369,48656,1.229,13.3,1.7143,6245512.249,15.64737372,62323669.36,0.10021092
合肥市,2020,3825500,114772,39000,1.229,13.3,1.7143,6294864.8,15.65524475,65858148.52,0.095582171
合肥市,2021,4441100,123582,52341,1.229,13.3,1.7143,7191480.676,15.78840764,73566814.46,0.097754412
河池市,2006,102550,197,4800,1.229,13.3,1.7143,136882.69,11.82687956,2269484.249,0.060314448
河池市,2007,108185,197,4774,1.229,13.3,1.7143,143763.5332,11.8759251,2723628.581,0.052783825
河池市,2008,125673,197,4780,1.229,13.3,1.7143,165266.571,12.01531503,3170483.835,0.052126609
河池市,2009,120778,197,5018,1.229,13.3,1.7143,159658.6194,11.98079319,3069300.508,0.052017917
河池市,2010,139620,197,5021,1.229,13.3,1.7143,182820.5803,12.11626052,3479840.538,0.052537057
河池市,2011,167117,197,5021,1.229,13.3,1.7143,216614.3933,12.28587406,3813033.292,0.056808944
河池市,2012,130548,196,935,1.229,13.3,1.7143,164653.1625,12.0115965,3665385.925,0.044921099
河池市,2013,150342,195,5018,1.229,13.3,1.7143,195966.1754,12.18569735,3901798.343,0.050224578
河池市,2014,24269,196,5013,1.229,13.3,1.7143,41027.1869,10.62199022,4397982.021,0.009328639
河池市,2015,22515,1,5015.5,1.229,13.3,1.7143,36282.30665,10.49908548,4440337.243,0.00817107
河池市,2016,23829,152,5018,1.229,13.3,1.7143,39909.7984,10.59437715,4580974.612,0.008712076
河池市,2017,695237,303,9264,1.229,13.3,1.7143,874357.4482,13.68124455,4957057.331,0.17638639
河池市,2018,757873,413,7587,1.229,13.3,1.7143,949925.2111,13.76413854,5211220.381,0.182284598
河池市,2019,844627,530,10238,1.229,13.3,1.7143,1062646.586,13.87627313,5769144.212,0.184194839
河池市,2020,904500,699,11612,1.229,13.3,1.7143,1140833.652,13.94726983,9280000,0.122934661
河池市,2021,979900,1244,11910,1.229,13.3,1.7143,1241259.613,14.03163724,6493124.995,0.191165212
河源市,2006,167795,14,20725,1.229,13.3,1.7143,241935.1225,12.39642488,2485946.125,0.097321145
河源市,2007,138904,14,25550,1.229,13.3,1.7143,214699.581,12.27699503,2948871.68,0.072807366
河源市,2008,143231,14,27375,1.229,13.3,1.7143,223146.0615,12.31558182,3620901.162,0.061627217
河源市,2009,155777,14,27745,1.229,13.3,1.7143,239199.3865,12.38505274,3599869.498,0.066446683
河源市,2010,210168,14,26697,1.229,13.3,1.7143,304249.3391,12.62560284,4024073.659,0.075607299
河源市,2011,230043,138,26464,1.229,13.3,1.7143,329925.4822,12.7066221,4946580.73,0.066697685
河源市,2012,201217,262,35770,1.229,13.3,1.7143,312100.804,12.6510815,5199117.824,0.060029569
河源市,2013,213481,386,15330,1.229,13.3,1.7143,293782.168,12.59059385,5681991.843,0.051704081
河源市,2014,220338,570,28372,1.229,13.3,1.7143,327014.5216,12.69775986,6327132.099,0.051684478
河源市,2015,224645,1301,31562,1.229,13.3,1.7143,347498.7416,12.75851632,6517425.003,0.05331841
河源市,2016,234074,1721,29508,1.229,13.3,1.7143,361151.8104,12.79705368,6968360.399,0.051827373
河源市,2017,862622,2204,29200,1.229,13.3,1.7143,1139533.198,13.94612926,7184693.147,0.158605688
河源市,2018,898403,2999,29007,1.229,13.3,1.7143,1193750.687,13.99261075,7508586.15,0.158984749
河源市,2019,973929,3022,9913,1.229,13.3,1.7143,1254145.197,14.04196478,8039758.691,0.15599289
河源市,2020,993800,3108,9517,1.229,13.3,1.7143,1279031.593,14.06161378,11030000,0.115959347
河源市,2021,1157500,3624,8151,1.229,13.3,1.7143,1484739.959,14.2107502,9104717.933,0.163073691
菏泽市,2006,193487,1308,8000,1.229,13.3,1.7143,268906.323,12.50211836,5396000,0.049834382
菏泽市,2007,216765,1731,129975,1.229,13.3,1.7143,512242.6275,13.14655367,6409317.942,0.07992155
菏泽市,2008,248624,2616,133855,1.229,13.3,1.7143,569819.3225,13.25307461,7059044.238,0.08072188
菏泽市,2009,279079,2873,150130,1.229,13.3,1.7143,638566.85,13.36698165,8284890.541,0.077076076
菏泽市,2010,343765,10802,161720,1.229,13.3,1.7143,843390.381,13.64518522,10209715.64,0.082606647
菏泽市,2011,391205,14534,1163,1.229,13.3,1.7143,676086.8759,13.42407686,12449178.17,0.054307752
菏泽市,2012,521382,13800,1395,1.229,13.3,1.7143,826709.9265,13.62520916,14261110.7,0.057969533
菏泽市,2013,599119,14379,1450,1.229,13.3,1.7143,930043.686,13.74298684,16236220.17,0.057282032
菏泽市,2014,648008,14595,1760,1.229,13.3,1.7143,993532.5,13.80902205,17805712.85,0.055798524
菏泽市,2015,705271,15686,1649,1.229,13.3,1.7143,1078228.74,13.8908302,19045523.37,0.056613238
菏泽市,2016,792519,15930,1699,1.229,13.3,1.7143,1188787.447,13.98844439,20522480.63,0.057926109
菏泽市,2017,2049252,3797,20320,1.229,13.3,1.7143,2603865.384,14.77250759,22665650.04,0.114881567
菏泽市,2018,2362367,4246,20290,1.229,13.3,1.7143,2994603.99,14.91232256,24818075.11,0.120662218
菏泽市,2019,2504578,4524,20226,1.229,13.3,1.7143,3172968.994,14.9701783,27348068.25,0.116021686
菏泽市,2020,2571300,13455,9823,1.229,13.3,1.7143,3355918.769,15.02623614,27914791.52,0.120220091
菏泽市,2021,2800200,16744,3941,1.229,13.3,1.7143,3670897.056,15.11594662,,
贺州市,2006,290171,13,3833,1.229,13.3,1.7143,363363.9709,12.80316029,1729318.694,0.210119726
贺州市,2007,238576,13,5500,1.229,13.3,1.7143,302811.454,12.62086563,2040329.051,0.148413048
贺州市,2008,224804,13,5567,1.229,13.3,1.7143,286000.5241,12.56374892,2182366.959,0.131050611
贺州市,2009,261549,13,6650,1.229,13.3,1.7143,333016.716,12.71594797,1998375.907,0.16664368
贺州市,2010,279703,13,5500,1.229,13.3,1.7143,353356.537,12.77523285,2203907.223,0.160331857
贺州市,2011,407988,13,6500,1.229,13.3,1.7143,512733.102,13.14751072,2654431.515,0.193161172
贺州市,2012,373032,13,6500,1.229,13.3,1.7143,469772.178,13.06000313,2932661.063,0.160186318
贺州市,2013,437214,13,6630,1.229,13.3,1.7143,548874.715,13.21562549,3128473.324,0.175444908
贺州市,2014,446311,13,6764,1.229,13.3,1.7143,560284.6442,13.23620023,3279008.702,0.17087013
贺州市,2015,480782,13,6850,1.229,13.3,1.7143,602796.933,13.30933566,3363171.016,0.179234695
贺州市,2016,607576,229,2292,1.229,13.3,1.7143,753685.7796,13.53273082,3612118.97,0.20865475
贺州市,2017,561884,1021,10800,1.229,13.3,1.7143,722649.176,13.49067915,3703394.427,0.195131572
贺州市,2018,691329,1794,9018,1.229,13.3,1.7143,888963.0984,13.697811,3983802.972,0.223144343
贺州市,2019,802585,1601,11765,1.229,13.3,1.7143,1027839.005,13.8429691,4606116.278,0.22314656
贺州市,2020,811400,2601,11800,1.229,13.3,1.7143,1052032.64,13.8662347,7540000,0.139526875
贺州市,2021,1008900,4170,9582,1.229,13.3,1.7143,1311825.523,14.08693025,5664348.004,0.231593384
鹤壁市,2006,186883,645,4750,1.229,13.3,1.7143,246400.632,12.41471408,2216682,0.111157411
鹤壁市,2007,234006,816,4850,1.229,13.3,1.7143,306760.529,12.63382269,2541088.815,0.120720113
鹤壁市,2008,267324,1102,5810,1.229,13.3,1.7143,353157.879,12.77467049,2967586.305,0.119005091
鹤壁市,2009,243508,1463,4800,1.229,13.3,1.7143,326957.872,12.69758661,3235131.07,0.101064799
鹤壁市,2010,268496,1821,4830,1.229,13.3,1.7143,362480.953,12.80072721,3633177.351,0.099769683
鹤壁市,2011,288025,2500,1418,1.229,13.3,1.7143,389663.6024,12.87303909,4085516.164,0.095376835
鹤壁市,2012,289853,3051,1418,1.229,13.3,1.7143,399238.5144,12.8973143,4457270.464,0.089570179
鹤壁市,2013,351595,3313,1418,1.229,13.3,1.7143,478604.0324,13.07862888,5070419.792,0.094391402
鹤壁市,2014,373112,3511,1436,1.229,13.3,1.7143,507712.6828,13.13767098,5539655.986,0.09165058
鹤壁市,2015,363961,3832,1436,1.229,13.3,1.7143,500735.4038,13.1238331,5886350.425,0.085067209
鹤壁市,2016,350649,4193,1436,1.229,13.3,1.7143,489176.2558,13.10047814,6314360.13,0.07747044
鹤壁市,2017,521710,6659,950,1.229,13.3,1.7143,731374.875,13.50268143,6554431.319,0.111584795
鹤壁市,2018,559918,7095,919,1.229,13.3,1.7143,784078.1637,13.57226399,6592719.045,0.118930923
鹤壁市,2019,598129,7800,1000,1.229,13.3,1.7143,840554.841,13.64181748,7510506.355,0.1119172
鹤壁市,2020,617600,8167,1000,1.229,13.3,1.7143,869365.8,13.67551926,7371057.771,0.117943154
鹤壁市,2021,621500,9400,1000,1.229,13.3,1.7143,890557.8,13.69960329,8033296.287,0.110858329
鹤岗市,2006,147617,1797,3302,1.229,13.3,1.7143,210982.0116,12.25952816,1300017,0.162291733
鹤岗市,2007,141980,1653,3333,1.229,13.3,1.7143,202192.0819,12.21697343,1466987.718,0.137828067
鹤岗市,2008,139103,1497,2645,1.229,13.3,1.7143,195402.0105,12.18281431,1671057.267,0.116933162
鹤岗市,2009,151593,1382,2719,1.229,13.3,1.7143,209349.5787,12.25176076,1991938.128,0.105098434
鹤岗市,2010,231981,1046,2612,1.229,13.3,1.7143,303494.2006,12.62311778,2398105.57,0.126555813
鹤岗市,2011,256911,1513,4103,1.229,13.3,1.7143,342900.2919,12.74519499,2774083.589,0.123608493
鹤岗市,2012,258129,1370,4179,1.229,13.3,1.7143,342625.6007,12.74439359,3112056.942,0.110096186
鹤岗市,2013,340370,1395,7774,1.229,13.3,1.7143,450195.1982,13.01743654,2780907.173,0.161887891
鹤岗市,2014,328852,1122,7778,1.229,13.3,1.7143,432415.5334,12.97714229,2311449.77,0.187075462
鹤岗市,2015,252668,1017,7782,1.229,13.3,1.7143,337395.7546,12.72901187,2596223.039,0.129956383
鹤岗市,2016,367366,994,6436,1.229,13.3,1.7143,475746.2488,13.0726399,2648995.071,0.179594992
鹤岗市,2017,412189,1069,5502,1.229,13.3,1.7143,530230.0596,13.18106627,2905777.691,0.182474407
鹤岗市,2018,446828,1248,4705,1.229,13.3,1.7143,573815.7935,13.26006371,2979020.546,0.192618945
鹤岗市,2019,472467,1282,4665,1.229,13.3,1.7143,605709.7525,13.31415619,3409628.784,0.177646832
鹤岗市,2020,498106,961,3735,1.229,13.3,1.7143,631356.4845,13.35562593,3445520.773,0.183239785
鹤岗市,2021,541900,901,4500,1.229,13.3,1.7143,685692.75,13.43818492,3509145.859,0.19540161
黑河市,2006,37480,800,800,1.229,13.3,1.7143,58074.36,10.96947954,1356863,0.04280046
黑河市,2007,74217,800,800,1.229,13.3,1.7143,103224.133,11.54465795,1588752.863,0.0649718
黑河市,2008,123218,950,950,1.229,13.3,1.7143,165698.507,12.01792519,1860427.936,0.089064727
黑河市,2009,59152,875,1200,1.229,13.3,1.7143,86392.468,11.36665578,2207288.271,0.03913964
黑河市,2010,59182,800,1200,1.229,13.3,1.7143,85431.838,11.35547412,2494726.522,0.034244971
黑河市,2011,63052,725,1100,1.229,13.3,1.7143,89019.138,11.39660666,2800541.384,0.031786403
黑河市,2012,84658,650,1100,1.229,13.3,1.7143,114575.412,11.64898851,3180189.787,0.036027854
黑河市,2013,84991,575,1146,1.229,13.3,1.7143,114066.0268,11.64453274,3386005.723,0.033687488
黑河市,2014,85679,500,1400,1.229,13.3,1.7143,114349.511,11.64701492,3753767.245,0.0304626
黑河市,2015,187601,425,2400,1.229,13.3,1.7143,240328.449,12.3897618,4377897.885,0.054895855
黑河市,2016,165007,350,2544,1.229,13.3,1.7143,211809.7822,12.2634439,4722253.218,0.044853542
黑河市,2017,294075,275,2580,1.229,13.3,1.7143,369498.569,12.81990215,5020994.041,0.07359072
黑河市,2018,325965,200,2100,1.229,13.3,1.7143,406871.015,12.9162515,5196518.89,0.078296841
黑河市,2019,355438,125,1895,1.229,13.3,1.7143,441744.4005,12.99848671,5875521.029,0.075183869
黑河市,2020,375000,123,1701,1.229,13.3,1.7143,465426.9243,13.05071038,6232339.046,0.074679333
黑河市,2021,474500,161,1689,1.229,13.3,1.7143,588197.2527,13.28481763,6314479.977,0.093150545
衡水市,2006,173003,40,4216,1.229,13.3,1.7143,220380.1758,12.30310941,5469867,0.04028986
衡水市,2007,188768,40,3373,1.229,13.3,1.7143,238310.2059,12.38132849,5057396.402,0.047121125
衡水市,2008,193622,266,3710,1.229,13.3,1.7143,247859.291,12.42061649,5306013.14,0.046712906
衡水市,2009,206770,657,3896,1.229,13.3,1.7143,269537.3428,12.50446222,5474623.653,0.049233949
衡水市,2010,323142,1110,3996,1.229,13.3,1.7143,418754.8608,12.94504097,6093897.364,0.068717085
衡水市,2011,274816,2093,4300,1.229,13.3,1.7143,372957.254,12.82921909,6724632.898,0.055461355
衡水市,2012,281218,1801,4129,1.229,13.3,1.7143,376648.5667,12.83906785,7370973.41,0.051098891
衡水市,2013,287351,3170,3900,1.229,13.3,1.7143,402001.149,12.90421023,8031068.351,0.05005575
衡水市,2014,416816,3588,3000,1.229,13.3,1.7143,565130.164,13.24481136,8837816.969,0.063944543
衡水市,2015,439648,3259,2850,1.229,13.3,1.7143,588557.847,13.2854305,9569391.951,0.061504205
衡水市,2016,537678,7389,2790,1.229,13.3,1.7143,763862.859,13.54614355,11019397.62,0.069319838
衡水市,2017,1383440,7808,3289,1.229,13.3,1.7143,1809732.493,14.4086896,11707767.31,0.154575373
衡水市,2018,1527562,12213,3635,1.229,13.3,1.7143,2046038.079,14.53141584,12031487.68,0.170056948
衡水市,2019,1616764,12574,4571,1.229,13.3,1.7143,2162073.221,14.58657814,11515134.64,0.187759265
衡水市,2020,1633500,13909,3309,1.229,13.3,1.7143,2198233.819,14.60316479,11980742.34,0.183480602
衡水市,2021,1738800,13551,3314,1.229,13.3,1.7143,2322894.69,14.65832468,12484310.13,0.186065122
衡阳市,2006,308422,23920,54325,1.229,13.3,1.7143,790315.9855,13.58018813,6720697,0.117594349
衡阳市,2007,328500,19200,57300,1.229,13.3,1.7143,757315.89,13.53753574,7561789.498,0.100150353
衡阳市,2008,443666,21090,58369,1.229,13.3,1.7143,925824.4907,13.73843996,8632127.313,0.107253341
衡阳市,2009,452873,17408,53695,1.229,13.3,1.7143,880156.6555,13.68785519,10165510.37,0.086582633
衡阳市,2010,536875,17753,53695,1.229,13.3,1.7143,987983.6135,13.80342139,11618089.51,0.085038389
衡阳市,2011,625367,17241,57260,1.229,13.3,1.7143,1096042.161,13.90721621,13175824.08,0.083185853
衡阳市,2012,660792,19489,19247,1.229,13.3,1.7143,1104312.2,13.91473326,14777777.96,0.074727892
衡阳市,2013,671584,19910,15968,1.229,13.3,1.7143,1117553.678,13.92665264,16239721.8,0.068816061
衡阳市,2014,664705,20301,14549,1.229,13.3,1.7143,1111867.096,13.92155123,17870946.58,0.062216464
衡阳市,2015,617643,14856,12800,1.229,13.3,1.7143,978611.087,13.79388959,19088894.9,0.05126599
衡阳市,2016,780963,14517,12200,1.229,13.3,1.7143,1173794.087,13.97575187,20912242.22,0.056129519
衡阳市,2017,1370640,18153,3434,1.229,13.3,1.7143,1931838.366,14.47398263,21093850.35,0.091583013
衡阳市,2018,1506885,23311,3750,1.229,13.3,1.7143,2168426.59,14.58951239,22075748.55,0.098226639
衡阳市,2019,1667754,23993,7530,1.229,13.3,1.7143,2381685.245,14.68331888,23953187.82,0.099430826
衡阳市,2020,1747000,26006,7855,1.229,13.3,1.7143,2506408.627,14.73436146,24697463.12,0.101484457
衡阳市,2021,1857300,28510,8105,1.229,13.3,1.7143,2675699.102,14.79972125,26579818.91,0.100666566
呼和浩特市,2006,359792,11192,43650,1.229,13.3,1.7143,665867.163,13.40884547,9000845,0.073978295
呼和浩特市,2007,399300,13180,18420,1.229,13.3,1.7143,697611.106,13.45541707,10465813.05,0.066656179
呼和浩特市,2008,324208,17210,13566,1.229,13.3,1.7143,650600.8258,13.38565156,12064672.3,0.053926108
呼和浩特市,2009,364834,21281,20000,1.229,13.3,1.7143,765704.286,13.54855132,15357898.11,0.049857362
呼和浩特市,2010,1269961,30623,7760,1.229,13.3,1.7143,1981370.937,14.49929956,17229342.76,0.114999798
呼和浩特市,2011,1184765,38199,26996,1.229,13.3,1.7143,2010402.128,14.51384532,19802448.18,0.101522908
呼和浩特市,2012,553000,42050,15173,1.229,13.3,1.7143,1264913.074,14.05051396,22515577.87,0.056179463
呼和浩特市,2013,628331,37474,10003,1.229,13.3,1.7143,1287771.142,14.06842348,24626621.91,0.052291831
呼和浩特市,2014,672430,40809,5081.5,1.229,13.3,1.7143,1377887.385,14.136062,26560959.42,0.051876416
呼和浩特市,2015,666875,50728,160,1.229,13.3,1.7143,1494546.063,14.21733308,28682570.41,0.05210642
呼和浩特市,2016,698443,52972,761,1.229,13.3,1.7143,1564218.629,14.26289698,29594779.83,0.052854545
呼和浩特市,2017,2178782,51605,1362,1.229,13.3,1.7143,3366404.455,15.02935581,27275620.17,0.123421738
呼和浩特市,2018,2574350,72898,1963,1.229,13.3,1.7143,4136784.721,15.23542941,25307682.06,0.163459645
呼和浩特市,2019,2778010,72898,2564,1.229,13.3,1.7143,4388113.155,15.29440989,23998672.38,0.182848163
呼和浩特市,2020,2875000,60035,3165,1.229,13.3,1.7143,4337266.26,15.28275481,23928057.62,0.181262781
呼和浩特市,2021,3052000,64871,15086,1.229,13.3,1.7143,4639554.23,15.35012885,23332347.65,0.198846438
呼伦贝尔市,2006,86027,231,3330,1.229,13.3,1.7143,114508.102,11.64840086,3950600,0.02898499
呼伦贝尔市,2007,95984,231,3463,1.229,13.3,1.7143,126973.2569,11.75173177,4800187.963,0.026451726
呼伦贝尔市,2008,84842,231,2800,1.229,13.3,1.7143,112143.158,11.62753153,5798396.784,0.019340373
呼伦贝尔市,2009,86314,231,2834,1.229,13.3,1.7143,114010.5322,11.64404611,7279763.794,0.015661296
呼伦贝尔市,2010,86271,231,2945,1.229,13.3,1.7143,114147.9725,11.64525089,8606895.739,0.013262386
呼伦贝尔市,2011,93038,231,5324,1.229,13.3,1.7143,126542.9352,11.74833694,10416703.58,0.012148079
呼伦贝尔市,2012,91114,231,6800,1.229,13.3,1.7143,126708.646,11.7496456,12149427.9,0.010429186
呼伦贝尔市,2013,146892,231,8601,1.229,13.3,1.7143,198347.2623,12.19777462,12998005.17,0.015259823
呼伦贝尔市,2014,158470,289,7316,1.229,13.3,1.7143,211145.1488,12.26030108,13970427.72,0.015113721
呼伦贝尔市,2015,173799,507,4596,1.229,13.3,1.7143,228220.9938,12.33806971,14839572.61,0.015379216
呼伦贝尔市,2016,180871,533,5600,1.229,13.3,1.7143,238979.439,12.3841328,15114964.09,0.015810784
呼伦贝尔市,2017,993321,687,5846,1.229,13.3,1.7143,1239950.407,14.03058194,12898165.64,0.096133857
呼伦贝尔市,2018,1089180,661,4530,1.229,13.3,1.7143,1355159.299,14.11942957,10920611.28,0.12409189
呼伦贝尔市,2019,1167163,643,4526,1.229,13.3,1.7143,1450754.149,14.18759408,10258121.16,0.141424938
呼伦贝尔市,2020,1183000,613,4410,1.229,13.3,1.7143,1469619.963,14.2005144,10012025.54,0.146785479
呼伦贝尔市,2021,1192700,1841,4078,1.229,13.3,1.7143,1497304.515,14.21917706,10129872.18,0.1478108
葫芦岛市,2006,441802,1260,8520,1.229,13.3,1.7143,574338.494,13.26097421,3481105,0.164987409
葫芦岛市,2007,481856,1219,9200,1.229,13.3,1.7143,624185.284,13.34420253,3842786.348,0.16243039
葫芦岛市,2008,335469,2145,6600,1.229,13.3,1.7143,452134.281,13.0217345,3955299.669,0.114311005
葫芦岛市,2009,462187,2550,980,1.229,13.3,1.7143,603622.837,13.31070484,4025066.286,0.149965937
葫芦岛市,2010,548151,2550,1000,1.229,13.3,1.7143,709306.879,13.47204355,4883437.634,0.145247453
葫芦岛市,2011,609689,4653,4220,1.229,13.3,1.7143,818427.027,13.61513952,5593107.832,0.146327775
葫芦岛市,2012,614736,6326,4161,1.229,13.3,1.7143,846779.5463,13.64919566,6175877.048,0.137110817
葫芦岛市,2013,686479.4,6413,4052,1.229,13.3,1.7143,935922.4262,13.74928787,6721455.681,0.139244008
葫芦岛市,2014,758222.8,7861,12665,1.229,13.3,1.7143,1058118.731,13.87200311,6343905.094,0.166792963
葫芦岛市,2015,829966.2,8845,12665,1.229,13.3,1.7143,1159378.569,13.9633947,6449579.187,0.179760343
葫芦岛市,2016,901709.6,8200,34198,1.229,13.3,1.7143,1275886.73,14.05915197,5774397.8,0.220955808
葫芦岛市,2017,973453,8325,33985,1.229,13.3,1.7143,1365356.723,14.12692629,6272618.539,0.217669338
葫芦岛市,2018,1012974,17955,33985,1.229,13.3,1.7143,1542007.032,14.24859539,6919612.923,0.222845851
葫芦岛市,2019,1056353,18001,6604,1.229,13.3,1.7143,1548992.374,14.2531152,6849574.35,0.226144326
葫芦岛市,2020,1028000,17685,17200,1.229,13.3,1.7143,1528108.46,14.23954123,6506757.056,0.234849472
葫芦岛市,2021,1083800,18186,21074,1.229,13.3,1.7143,1609991.158,14.29173925,6857659.373,0.234772693
湖州市,2006,424454,1759,12193,1.229,13.3,1.7143,565951.1259,13.246263,7610154,0.074367894
湖州市,2007,469017,3510,11438,1.229,13.3,1.7143,642713.0564,13.37345365,8385019.678,0.076650155
湖州市,2008,491056,7454,11081,1.229,13.3,1.7143,721642.1823,13.4892847,9379753.799,0.076936154
湖州市,2009,522405,7003,10924,1.229,13.3,1.7143,753902.6582,13.53301854,10146686.01,0.074300383
湖州市,2010,596188,7573,10703,1.229,13.3,1.7143,851784.1049,13.65508838,11178645.96,0.076197431
湖州市,2011,658500,9466,12931,1.229,13.3,1.7143,957361.9133,13.77193677,12238507.43,0.078225382
湖州市,2012,702950,12645,11656,1.229,13.3,1.7143,1052085.931,13.86628535,13420424.07,0.078394388
湖州市,2013,755944,15283,4679,1.229,13.3,1.7143,1140340.286,13.94683727,14501685.01,0.07863502
湖州市,2014,780792,15847,4659,1.229,13.3,1.7143,1178345.392,13.9796218,15804008.97,0.074559904
湖州市,2015,829917,18210,4831,1.229,13.3,1.7143,1270442.776,14.05487604,16731108.25,0.075932972
湖州市,2016,922584,22221,4639,1.229,13.3,1.7143,1437347.674,14.17831008,18149919.67,0.07919306
湖州市,2017,2443329,31064,4575,1.229,13.3,1.7143,3423845.464,15.04627488,19124110.74,0.179032924
湖州市,2018,2748017,27419,5228,1.229,13.3,1.7143,3750947.953,15.13751915,20320073.95,0.184593224
湖州市,2019,2950204,27332,13163,1.229,13.3,1.7143,4011881.647,15.20477093,23138890.56,0.173382628
湖州市,2020,3020000,28402,12400,1.229,13.3,1.7143,4110583.92,15.22907565,23760141.48,0.173003344
湖州市,2021,3450200,25378,10272,1.229,13.3,1.7143,4595432.49,15.34057343,25664998.47,0.179054462
怀化市,2006,140887,100,15100,1.229,13.3,1.7143,200366.053,12.20790124,3339081,0.060006347
怀化市,2007,162020,82,18400,1.229,13.3,1.7143,231756.3,12.35344167,3792332.788,0.061111805
怀化市,2008,189223,64,18100,1.229,13.3,1.7143,264435.097,12.48535112,4348367.913,0.060812494
怀化市,2009,244475,46,18560,1.229,13.3,1.7143,332888.983,12.71556433,4869323.911,0.068364518
怀化市,2010,213547,28,18880,1.229,13.3,1.7143,295187.647,12.59536652,5520738.022,0.053468874
怀化市,2011,270782,10,18860,1.229,13.3,1.7143,365255.776,12.80835314,6424440.118,0.056854102
怀化市,2012,163440,23,19200,1.229,13.3,1.7143,234088.22,12.36345333,7556590.225,0.030978022
怀化市,2013,187106,139,21000,1.229,13.3,1.7143,267802.274,12.4980042,8366492.869,0.032008905
怀化市,2014,173281,473,22815,1.229,13.3,1.7143,258365.0035,12.46212861,8808423.252,0.029331584
怀化市,2015,189300,473,37299,1.229,13.3,1.7143,302882.2757,12.62109948,9342377.704,0.032420256
怀化市,2016,189723,930.5,37299,1.229,13.3,1.7143,309486.8927,12.64267102,10264290.28,0.030151806
怀化市,2017,870783,1388,16710,1.229,13.3,1.7143,1117298.66,13.92642442,10117469.88,0.110432615
怀化市,2018,961591,1483,17428,1.229,13.3,1.7143,1231396.059,14.02365909,10967248.11,0.112279402
怀化市,2019,1027994,1652,18795,1.229,13.3,1.7143,1317596.495,14.0913198,11483043.2,0.114742797
怀化市,2020,1065900,1660,18700,1.229,13.3,1.7143,1364126.51,14.12602486,11768070.2,0.115917605
怀化市,2021,1230400,3155,6050,1.229,13.3,1.7143,1564494.615,14.2630734,12583883.02,0.124325267
淮安市,2006,437500,1242,37637,1.229,13.3,1.7143,618727.2091,13.33541976,6510600,0.095033823
淮安市,2007,510520,1773,23712,1.229,13.3,1.7143,691659.4616,13.44684901,7186266.992,0.096247393
淮安市,2008,589691,3516,24854,1.229,13.3,1.7143,814100.2512,13.6098388,8140146.004,0.100010522
淮安市,2009,628970,5411,26566,1.229,13.3,1.7143,890512.5238,13.69955245,10060382.93,0.088516762
淮安市,2010,696662,7433,28637,1.229,13.3,1.7143,1004148.907,13.81965088,11686513.79,0.085923734
淮安市,2011,784296,13062,27881,1.229,13.3,1.7143,1185420.782,13.98560836,13382775.16,0.088578099
淮安市,2012,829136,13489,38206,1.229,13.3,1.7143,1263908.39,14.04971937,15244984.73,0.082906504
淮安市,2013,913463,14584,37551,1.229,13.3,1.7143,1380986.906,14.13830895,16983236.32,0.081314708
淮安市,2014,933676,19344,30276,1.229,13.3,1.7143,1456665.151,14.19166024,19230349.02,0.075748243
淮安市,2015,970705,21042,28156,1.229,13.3,1.7143,1521122.876,14.23495935,21242795.1,0.071606531
淮安市,2016,1182224,17766,29588,1.229,13.3,1.7143,1739963.804,14.36937487,23423092.91,0.074284118
淮安市,2017,1729175,19593,30988,1.229,13.3,1.7143,2438865.703,14.70704361,24702928.01,0.098727799
淮安市,2018,1865883,21366,26669,1.229,13.3,1.7143,2623056.674,14.77985087,26269741.24,0.099850876
淮安市,2019,1912600,27386,26031,1.229,13.3,1.7143,2759444.143,14.83053982,28251789.35,0.097673252
淮安市,2020,1940000,28719,18298,1.229,13.3,1.7143,2797590.961,14.84426923,29257934.46,0.095618198
淮安市,2021,2287200,36467,22035,1.229,13.3,1.7143,3333754.501,15.0196097,31515766.15,0.105780532
淮北市,2006,227877,1769,16385,1.229,13.3,1.7143,331677.3385,12.7119179,2247200,0.147595825
淮北市,2007,253264,2287,17035,1.229,13.3,1.7143,370881.6565,12.82363831,2495272.015,0.148633758
淮北市,2008,269198,2273,18630,1.229,13.3,1.7143,393012.651,12.88159708,3063111.647,0.128305036
淮北市,2009,293108,2354,18663,1.229,13.3,1.7143,423531.9129,12.95638415,3232938.163,0.131005263
淮北市,2010,308658,2398,21550,1.229,13.3,1.7143,448177.247,13.01294407,3761203.144,0.119157948
淮北市,2011,308944,4407,11292,1.229,13.3,1.7143,457663.1516,13.03388872,4171777.684,0.109704588
淮北市,2012,279963,5669,11250,1.229,13.3,1.7143,438758.102,12.99170352,4605892.675,0.095260166
淮北市,2013,336780,5594,12201,1.229,13.3,1.7143,509218.9943,13.14063345,5133278.499,0.099199565
淮北市,2014,337644,8101,11200,1.229,13.3,1.7143,541907.936,13.20285141,5531281.529,0.097971498
淮北市,2015,340303,8108,9865,1.229,13.3,1.7143,542980.3565,13.20482842,5687252.652,0.095473226
淮北市,2016,355974,8120,7658,1.229,13.3,1.7143,558616.1554,13.23321785,5890103.415,0.094839787
淮北市,2017,594942,11109,1500,1.229,13.3,1.7143,881504.868,13.6893858,6557509.445,0.134426778
淮北市,2018,637691,12516,2225,1.229,13.3,1.7143,953999.3565,13.76841828,6588647.177,0.144794422
淮北市,2019,679930,14702,4800,1.229,13.3,1.7143,1039399.21,13.85415342,7140494.799,0.145564032
淮北市,2020,883200,13932,4850,1.229,13.3,1.7143,1279062.755,14.06163815,7335782.222,0.174359423
淮北市,2021,795300,16227,11360,1.229,13.3,1.7143,1212717.248,14.00837406,7883309.742,0.153833515
淮南市,2006,341658,3961,9809,1.229,13.3,1.7143,489394.5507,13.1009243,3049800,0.160467752
淮南市,2007,387892,5141,17000,1.229,13.3,1.7143,574237.668,13.26079865,3214837.196,0.178621073
淮南市,2008,422359,6666,16900,1.229,13.3,1.7143,636708.681,13.3640675,3980316.553,0.159964333
淮南市,2009,463277,6641,13499,1.229,13.3,1.7143,680834.0687,13.4310739,4423095.731,0.153927048
淮南市,2010,477568,7801,25500,1.229,13.3,1.7143,734399.022,13.50680779,4917785.151,0.149335321
淮南市,2011,479764,8943,22010,1.229,13.3,1.7143,746303.599,13.52288777,5334210.217,0.139908922
淮南市,2012,514430,9574,18400,1.229,13.3,1.7143,791111.79,13.58119456,5802470.859,0.136340502
淮南市,2013,551361,9250,11645,1.229,13.3,1.7143,820610.6925,13.61780409,5977509.278,0.137283048
淮南市,2014,541206,9361,10713,1.229,13.3,1.7143,808008.7699,13.60232819,5747408.23,0.140586633
淮南市,2015,532541,8869,10980,1.229,13.3,1.7143,791273.603,13.58139908,6739540.809,0.117407643
淮南市,2016,550468,10482,6800,1.229,13.3,1.7143,827593.012,13.62627678,7104974.834,0.11648078
淮南市,2017,847547,10482,6700,1.229,13.3,1.7143,1192531.673,13.99158906,7523880.005,0.15849956
淮南市,2018,879515,12516,7280,1.229,13.3,1.7143,1259866.839,14.04651659,7579202.486,0.166226835
淮南市,2019,955503,14075,7050,1.229,13.3,1.7143,1373596.502,14.13294304,8584490.965,0.16000908
淮南市,2020,949900,17176,7050,1.229,13.3,1.7143,1407953.715,14.15764794,8764915.845,0.160635166
淮南市,2021,1026200,17532,7550,1.229,13.3,1.7143,1507318.365,14.22584271,9391645.375,0.160495664
黄冈市,2006,43750,869,9050,1.229,13.3,1.7143,80840.865,11.30023787,3911900,0.020665371
黄冈市,2007,49131,890,7770,1.229,13.3,1.7143,85539.11,11.35672898,4326406.523,0.019771399
黄冈市,2008,52563,911,7560,1.229,13.3,1.7143,89676.335,11.40396219,5114307.214,0.017534405
黄冈市,2009,55030,1006,7668,1.229,13.3,1.7143,94156.9224,11.45271806,6159973.895,0.015285279
黄冈市,2010,62525,883,6756,1.229,13.3,1.7143,100168.9358,11.5146134,6783333.5,0.014766919
黄冈市,2011,71790,1631,5300,1.229,13.3,1.7143,119008,11.686946,7632879.187,0.015591495
黄冈市,2012,82428,1761,5190,1.229,13.3,1.7143,133622.529,11.80277416,8552123.879,0.015624485
黄冈市,2013,89730,2400,3750,1.229,13.3,1.7143,148626.795,11.90919371,9371702.445,0.015859103
黄冈市,2014,91875,2408,3367,1.229,13.3,1.7143,150712.8231,11.92313147,10115839.76,0.014898696
黄冈市,2015,123618,5858,3138,1.229,13.3,1.7143,235217.3954,12.36826545,11136416.34,0.021121462
黄冈市,2016,107950,6350,3050,1.229,13.3,1.7143,222354.165,12.31202673,11896060.45,0.018691412
黄冈市,2017,1084132,3361,3045,1.229,13.3,1.7143,1382319.572,14.1392735,12789141.5,0.108085408
黄冈市,2018,1225956,5177,2685,1.229,13.3,1.7143,1580156.92,14.27303472,12936667.35,0.122145594
黄冈市,2019,1397834,7050,2355,1.229,13.3,1.7143,1815740.163,14.41200375,14655740.87,0.123892758
黄冈市,2020,1416000,7919,1810,1.229,13.3,1.7143,1848689.583,14.42998761,13600356.59,0.135929493
黄冈市,2021,1656100,5889,1680,1.229,13.3,1.7143,2116550.624,14.56529826,15593820.48,0.135730088
黄山市,2006,53222,62,21210,1.229,13.3,1.7143,102594.741,11.53854195,1874889,0.054720435
黄山市,2007,62959,62,10387,1.229,13.3,1.7143,96007.6451,11.4721831,1991419.677,0.048210654
黄山市,2008,71599,62,10497,1.229,13.3,1.7143,106814.7781,11.57885157,2192762.9,0.048712416
黄山市,2009,78536,62,10714,1.229,13.3,1.7143,115712.3542,11.65886269,2320508.022,0.049865096
黄山市,2010,94035,62,10817,1.229,13.3,1.7143,134937.1981,11.81256475,2520372.111,0.053538602
黄山市,2011,109124,62,12129,1.229,13.3,1.7143,155730.7407,11.95588377,2847876.558,0.054683108
黄山市,2012,120717,483,12370,1.229,13.3,1.7143,175990.984,12.07818805,3154114.468,0.055797272
黄山市,2013,125306,909,12929,1.229,13.3,1.7143,188254.9587,12.14555249,3430849.056,0.054871245
黄山市,2014,126689,951,11029,1.229,13.3,1.7143,187256.0957,12.14023245,3692945.964,0.050706427
黄山市,2015,136321,1062,11374,1.229,13.3,1.7143,201161.5572,12.21186363,3970805.566,0.050660138
黄山市,2016,152961,1130,11650,1.229,13.3,1.7143,222989.664,12.3148807,4252028.591,0.052443124
黄山市,2017,315736,1344,7032,1.229,13.3,1.7143,417969.7016,12.94316422,4338412.651,0.09634162
黄山市,2018,368373,1443,7098,1.229,13.3,1.7143,484090.4184,13.09002698,4533681.049,0.106776461
黄山市,2019,409888,2690,7655,1.229,13.3,1.7143,552652.3185,13.22248436,5418297.538,0.101997411
黄山市,2020,425200,3065,7415,1.229,13.3,1.7143,576046.8345,13.26394425,5572309.998,0.103376667
黄山市,2021,493100,4425,6934,1.229,13.3,1.7143,676759.3562,13.42507103,6168705.988,0.10970848
黄石市,2006,550033,2816,27000,1.229,13.3,1.7143,759729.457,13.54071767,4010300,0.189444545
黄石市,2007,564115,6404,26892,1.229,13.3,1.7143,824571.4906,13.62261913,4261931.431,0.193473664
黄石市,2008,510416,6612,26875,1.229,13.3,1.7143,761312.6765,13.54279943,4738193.868,0.160675713
黄石市,2009,496635,9185,26528,1.229,13.3,1.7143,778001.8654,13.5644842,4822004.518,0.161344076
黄石市,2010,638721,11513,26326,1.229,13.3,1.7143,983241.6708,13.79861022,5428869.436,0.181113523
黄石市,2011,669730,15370,26789,1.229,13.3,1.7143,1073443.553,13.88638231,6762676.476,0.158730579
黄石市,2012,627606,15923,26700,1.229,13.3,1.7143,1028875.484,13.843977,7462890.946,0.137865539
黄石市,2013,671001,18414.5,26926,1.229,13.3,1.7143,1115732.321,13.92502154,8031792.686,0.138914482
黄石市,2014,652798,20906,22203,1.229,13.3,1.7143,1118401.145,13.92741067,8447903.027,0.132388019
黄石市,2015,654525,20726,33819,1.229,13.3,1.7143,1138042.937,13.94482062,8605769.362,0.132241859
黄石市,2016,696687,21891,31092,1.229,13.3,1.7143,1200679.639,13.99839832,8997318.757,0.133448605
黄石市,2017,1231823,26174,27983,1.229,13.3,1.7143,1909995.924,14.46261167,9844814.081,0.19401036
黄石市,2018,1374055,27926,26240,1.229,13.3,1.7143,2105112.627,14.55987953,10089799.62,0.208637704
黄石市,2019,1483155,33854,24992,1.229,13.3,1.7143,2315899.481,14.65530871,11147952.7,0.207742134
黄石市,2020,1448000,34417,18458,1.229,13.3,1.7143,2268980.649,14.63484124,10284877.96,0.220613279
黄石市,2021,1618900,36620,20488,1.229,13.3,1.7143,2511796.678,14.73650886,11451424.25,0.219343605
惠州市,2006,747885,451,138017,1.229,13.3,1.7143,1161751.508,13.96543935,8793733.63,0.132111292
惠州市,2007,854306,451,282844,1.229,13.3,1.7143,1540819.843,14.2478252,9931660.589,0.155142217
惠州市,2008,906654,1852,82320,1.229,13.3,1.7143,1280030.542,14.0623945,11854545.89,0.107978033
惠州市,2009,959714,3253,100428,1.229,13.3,1.7143,1394917.126,14.14834556,12559309.49,0.111066387
惠州市,2010,1173823,4654,72775,1.229,13.3,1.7143,1629284.85,14.30365173,14651406.72,0.111203305
惠州市,2011,1290336,6055,85544,1.229,13.3,1.7143,1813002.523,14.41049488,17873006.47,0.101438028
惠州市,2012,1419567,7456,76862,1.229,13.3,1.7143,1975577.17,14.49637115,20006467,0.098746929
惠州市,2013,1545632,8857,84455,1.229,13.3,1.7143,2162161.035,14.58661876,22369137.18,0.096658222
惠州市,2014,1727088,10258,55479,1.229,13.3,1.7143,2354130.202,14.67168188,24687828.95,0.095355902
惠州市,2015,1861589,11659,68840,1.229,13.3,1.7143,2560969.993,14.75589665,25262852.59,0.101372954
惠州市,2016,2129195,13963,59963,1.229,13.3,1.7143,2905283.126,14.88204141,26456861.57,0.109812085
惠州市,2017,3683458,14092,48925,1.229,13.3,1.7143,4798265.61,15.38376508,29087619.3,0.164959035
惠州市,2018,4083826,17091,47559,1.229,13.3,1.7143,5327862.848,15.48846075,30624299.94,0.173975009
惠州市,2019,4258822,19683,69249,1.229,13.3,1.7143,5614589.699,15.54087907,31094511.16,0.180565299
惠州市,2020,4478400,25783,75739,1.229,13.3,1.7143,5976706.868,15.60338028,42210000,0.141594572
惠州市,2021,5103600,22412,94408,1.229,13.3,1.7143,6732247.634,15.72241962,35568431.05,0.189275924
鸡西市,2006,237293,1430,2000,1.229,13.3,1.7143,314080.697,12.65740523,2362214,0.132960306
鸡西市,2007,253302,815,3276,1.229,13.3,1.7143,327763.7048,12.70004822,2528022.843,0.129652193
鸡西市,2008,249964,817,3288,1.229,13.3,1.7143,323708.4744,12.68759862,2858034.971,0.113262601
鸡西市,2009,284762,821,3504,1.229,13.3,1.7143,366898.7052,12.81284108,3483254.559,0.105332154
鸡西市,2010,305225,1055,3994,1.229,13.3,1.7143,395999.9392,12.88916934,4008130.859,0.098799154
鸡西市,2011,308259,1155,5505,1.229,13.3,1.7143,403649.0325,12.90830105,4500005.893,0.089699668
鸡西市,2012,352767,1100,5573,1.229,13.3,1.7143,457734.4369,13.03404446,5058823.325,0.090482392
鸡西市,2013,389626,1100,5526,1.229,13.3,1.7143,502953.5758,13.12825315,4961193.728,0.101377532
鸡西市,2014,370144,1046,6391,1.229,13.3,1.7143,479774.8673,13.08107225,4596941.518,0.104368277
鸡西市,2015,390144,35,5852,1.229,13.3,1.7143,489984.5596,13.10212916,5031530.724,0.097382802
鸡西市,2016,410144,497.5,5852,1.229,13.3,1.7143,520715.8096,13.1629597,5199424.811,0.100148733
鸡西市,2017,443111,960,10575,1.229,13.3,1.7143,575480.1415,13.26296,5366203.43,0.107241581
鸡西市,2018,479178,1428.5,9653.5,1.229,13.3,1.7143,624457.8071,13.34463904,5505640.482,0.113421465
鸡西市,2019,478354,1897,8732,1.229,13.3,1.7143,628096.4336,13.35044899,5601533.002,0.112129382
鸡西市,2020,487000,1593,5960,1.229,13.3,1.7143,629927.128,13.35335942,5796582.007,0.108672167
鸡西市,2021,510600,1781,11300,1.229,13.3,1.7143,670586.29,13.41590767,5987356.211,0.1120004
吉安市,2006,53660,400,5420,1.229,13.3,1.7143,80559.646,11.29675313,3517803,0.022900556
吉安市,2007,68953,574,4980,1.229,13.3,1.7143,100914.651,11.5220304,3736221.365,0.027009816
吉安市,2008,79139,539,4680,1.229,13.3,1.7143,112453.455,11.63029468,4387098.4,0.025632763
吉安市,2009,91616,581,5142,1.229,13.3,1.7143,129138.2946,11.76863916,5220282.17,0.0247378
吉安市,2010,70390,804,5282,1.229,13.3,1.7143,106257.4426,11.57362013,5969360.559,0.017800473
吉安市,2011,136656,813,4500,1.229,13.3,1.7143,186477.474,12.13606573,6630376.147,0.02812472
吉安市,2012,141888,1119,4590,1.229,13.3,1.7143,197131.689,12.19162726,7620061.128,0.025870093
吉安市,2013,137443,1282,4605,1.229,13.3,1.7143,193862.3985,12.1749039,8392519.607,0.023099428
吉安市,2014,144110,1405,14150,1.229,13.3,1.7143,220055.035,12.30163295,9286782.694,0.023695508
吉安市,2015,160831,1536,14091,1.229,13.3,1.7143,242246.3003,12.39771026,10117901.31,0.023942347
吉安市,2016,175619,1955,13258,1.229,13.3,1.7143,264565.4404,12.48584391,11070731.54,0.023897738
吉安市,2017,991400,2170,12000,1.229,13.3,1.7143,1267863.2,14.05284352,12012074.16,0.105549065
吉安市,2018,1101926,2726,12000,1.229,13.3,1.7143,1411094.454,14.15987617,12635326.52,0.111678511
吉安市,2019,1192364,3236,12000,1.229,13.3,1.7143,1529025.756,14.24014133,15025484.95,0.101762157
吉安市,2020,1278000,3292,12000,1.229,13.3,1.7143,1635017.2,14.30716388,15570810.99,0.105005269
吉安市,2021,1418100,3805,9000,1.229,13.3,1.7143,1808880.1,14.40821848,17016937.42,0.106298804
吉林市,2006,836686,3594,28600,1.229,13.3,1.7143,1125116.274,13.93339694,7288301,0.154372915
吉林市,2007,1049647,4360,39215,1.229,13.3,1.7143,1415230.438,14.16280293,8895489.038,0.159095293
吉林市,2008,977735,4945,45409,1.229,13.3,1.7143,1345249.464,14.11209003,10844745.76,0.124046196
吉林市,2009,882392,5472,48429,1.229,13.3,1.7143,1240259.203,14.03083095,12281045.26,0.10098971
吉林市,2010,1002543,6608,48000,1.229,13.3,1.7143,1402298.147,14.15362298,13794084.65,0.101659384
吉林市,2011,1160525,10644,44741,1.229,13.3,1.7143,1644549.921,14.3129773,15491431.32,0.106158681
吉林市,2012,1100391,21320,44500,1.229,13.3,1.7143,1712222.889,14.35330302,16548063.89,0.103469681
吉林市,2013,1090432,25399,43337,1.229,13.3,1.7143,1752240.247,14.37640567,17800595.17,0.098437172
吉林市,2014,1254690,32626,46606,1.229,13.3,1.7143,2055836.476,14.53619337,16272928.12,0.12633476
吉林市,2015,979313,34328,32913,1.229,13.3,1.7143,1716560.833,14.35583333,17282392.49,0.099324259
吉林市,2016,928324,38098,37575,1.229,13.3,1.7143,1712028.419,14.35318944,18121950.26,0.094472636
吉林市,2017,1480560,46509,47658,1.229,13.3,1.7143,2519878.049,14.73972107,17297974.02,0.14567475
吉林市,2018,1538218,57838,42515,1.229,13.3,1.7143,2732598.787,14.82076365,16612417.32,0.16449134
吉林市,2019,1573345,66657,48831,1.229,13.3,1.7143,2903890.088,14.88156181,10527383.27,0.275841585
吉林市,2020,1582000,69575,52020,1.229,13.3,1.7143,2958803.386,14.90029548,10529112.16,0.281011669
吉林市,2021,1602000,72123,43311,1.229,13.3,1.7143,3002341.947,14.91490319,11187423.35,0.268367599
济南市,2006,1373424,13792,41500,1.229,13.3,1.7143,1942515.146,14.47949416,21850856,0.088898812
济南市,2007,1520729,15431,47940,1.229,13.3,1.7143,2156391.783,14.58394691,23943742.96,0.090060764
济南市,2008,1616845,27929,93200,1.229,13.3,1.7143,2518330.965,14.73910692,25919190.57,0.097160865
济南市,2009,1653649,26754,77000,1.229,13.3,1.7143,2520163.921,14.73983451,29003835.69,0.086890712
济南市,2010,1894606,26108,67000,1.229,13.3,1.7143,2790565.274,14.84175474,32536627.06,0.085766889
济南市,2011,1983821,31268,42000,1.229,13.3,1.7143,2925981.009,14.88914037,35241878.87,0.083025681
济南市,2012,1820033,39300,50700,1.229,13.3,1.7143,2846425.567,14.86157458,38327993.73,0.074264925
济南市,2013,1827981,44000,45000,1.229,13.3,1.7143,2908932.149,14.88329661,41423502.47,0.070224196
济南市,2014,1850239,51214,38900,1.229,13.3,1.7143,3021776.201,14.92135536,46237984.17,0.06535268
济南市,2015,1870105,60852,39200,1.229,13.3,1.7143,3174891.205,14.97078392,48389857.01,0.065610675
济南市,2016,2483158,69347,49643,1.229,13.3,1.7143,4059219.277,15.21650122,52392480.5,0.077477135
济南市,2017,2762869,78095,45204,1.229,13.3,1.7143,4511722.718,15.32218962,57362789,0.07865243
济南市,2018,2843630,102996,40126,1.229,13.3,1.7143,4933456.072,15.41155033,63331805.5,0.077898554
济南市,2019,4143022,134733,44467,1.229,13.3,1.7143,6959952.716,15.75568324,75732495.15,0.091901801
济南市,2020,4338700,152314,37380,1.229,13.3,1.7143,7422119.034,15.81997516,81275883.09,0.091320066
济南市,2021,4752300,172066,23930,1.229,13.3,1.7143,8170077.699,15.91598898,87558161.43,0.093310293
济宁市,2006,574899,3656,6535,1.229,13.3,1.7143,766378.6215,13.54943161,14560939,0.0526325
济宁市,2007,658300,3644,6269,1.229,13.3,1.7143,868262.8467,13.67424977,16219119.04,0.053533293
济宁市,2008,675804,4572,7004,1.229,13.3,1.7143,903377.6732,13.71389599,18229013.88,0.049557133
济宁市,2009,865290,5991,6007,1.229,13.3,1.7143,1153419.51,13.95824158,19369529.86,0.059548142
济宁市,2010,781427,8673,1988,1.229,13.3,1.7143,1079132.711,13.89166823,21156939.69,0.051006087
济宁市,2011,664514,12247,3988,1.229,13.3,1.7143,986409.4344,13.8018268,23167970.81,0.042576428
济宁市,2012,688993,12859,3988,1.229,13.3,1.7143,1024633.725,13.83984577,25447625.58,0.040264414
济宁市,2013,991696,17504,4252,1.229,13.3,1.7143,1458886.788,14.19318423,27732437.58,0.05260579
济宁市,2014,967468,22321,5700,1.229,13.3,1.7143,1495658.982,14.21807746,30448696.85,0.049120624
济宁市,2015,1050540,20930,6390,1.229,13.3,1.7143,1580437.037,14.27321197,31833955.01,0.049646267
济宁市,2016,1001065,21467,6290,1.229,13.3,1.7143,1526602.932,14.23855552,34482711.63,0.044271545
济宁市,2017,2811150,27760,7100,1.229,13.3,1.7143,3836282.88,15.16001446,37191249.99,0.103150146
济宁市,2018,3145738,36658,4800,1.229,13.3,1.7143,4361892.042,15.28841648,39745452.66,0.109745688
济宁市,2019,3296156,44506,860,1.229,13.3,1.7143,4644379.822,15.35116841,35047231.16,0.132517739
济宁市,2020,3619500,44069,749,1.229,13.3,1.7143,5035767.211,15.43207645,36017534.62,0.139814323
济宁市,2021,3898500,44007,626,1.229,13.3,1.7143,5377622.752,15.49775697,38831339.96,0.138486665
佳木斯市,2006,130556,2122,4310,1.229,13.3,1.7143,196064.557,12.18619926,2785370,0.070390848
佳木斯市,2007,137868,1623,4100,1.229,13.3,1.7143,198054.302,12.19629652,3218149.512,0.061542915
佳木斯市,2008,151454,1731,3348,1.229,13.3,1.7143,214898.7424,12.27792223,3605552.388,0.059602169
佳木斯市,2009,123041,2031,3100,1.229,13.3,1.7143,183544.019,12.1202098,4259435.954,0.043091156
佳木斯市,2010,127000,2243,9100,1.229,13.3,1.7143,201515.03,12.21361925,4896366.376,0.041156036
佳木斯市,2011,148707,2540,14000,1.229,13.3,1.7143,240543.103,12.39065457,5540992.259,0.043411557
佳木斯市,2012,157052,3010,22090,1.229,13.3,1.7143,270918.795,12.50957441,5805532.547,0.046665623
佳木斯市,2013,185328,3752,23700,1.229,13.3,1.7143,318298.622,12.67074528,6883725.958,0.046239293
佳木斯市,2014,182915,4800,6000,1.229,13.3,1.7143,298928.335,12.60795914,6823846.423,0.043806428
佳木斯市,2015,185670,4300,6000,1.229,13.3,1.7143,295664.23,12.59697973,7920123.794,0.037330759
佳木斯市,2016,275670,4000,5950,1.229,13.3,1.7143,402198.515,12.90470106,8475814.111,0.047452494
佳木斯市,2017,369557,4600,5550,1.229,13.3,1.7143,524879.918,13.17092479,10189377.39,0.051512462
佳木斯市,2018,441121,5300,22432,1.229,13.3,1.7143,651082.8866,13.38639224,10411445.19,0.062535304
佳木斯市,2019,468643,5300,22432,1.229,13.3,1.7143,684907.4246,13.43703896,7742698.696,0.088458489
佳木斯市,2020,496165,5326,19818,1.229,13.3,1.7143,714596.5824,13.47947344,8228714.318,0.086841827
佳木斯市,2021,693800,5638,22432,1.229,13.3,1.7143,966120.7776,13.78104413,8088878.59,0.11943816
嘉兴市,2006,495111,836,40317,1.229,13.3,1.7143,688725.6521,13.44259829,13466481,0.051143699
嘉兴市,2007,579357,1304,42749,1.229,13.3,1.7143,802657.5637,13.59568346,14901949.12,0.053862589
嘉兴市,2008,611855,1772,47355,1.229,13.3,1.7143,856718.0715,13.66086417,16452930.59,0.052070849
嘉兴市,2009,634418,3333,28820,1.229,13.3,1.7143,873434.748,13.6801887,17663065.31,0.049449783
嘉兴市,2010,738037,4506,28079,1.229,13.3,1.7143,1015113.103,13.8305106,19753069.74,0.051390144
嘉兴市,2011,851239,11789,27546,1.229,13.3,1.7143,1250188.539,14.03880493,21554185.59,0.058002124
嘉兴市,2012,930296,18184,20127,1.229,13.3,1.7143,1419684.7,14.16594536,23308664.65,0.060908024
嘉兴市,2013,991233,13566,24811,1.229,13.3,1.7143,1441186.654,14.1809774,25314823.23,0.056930544
嘉兴市,2014,1013706,16108,26256,1.229,13.3,1.7143,1505091.735,14.22436441,27088257.78,0.055562515
嘉兴市,2015,1057122,17456,28570,1.229,13.3,1.7143,1580345.289,14.27315392,28238617.06,0.055963976
嘉兴市,2016,1173723,18458,30208,1.229,13.3,1.7143,1739782.541,14.36927069,30685423.81,0.056697361
嘉兴市,2017,4839624,25085,32554,1.229,13.3,1.7143,6337335.718,15.661969,33832452.08,0.187315294
嘉兴市,2018,5220618,35491,31850,1.229,13.3,1.7143,6942770.277,15.75321143,36409198.02,0.190687262
嘉兴市,2019,5380258,35072,31450,1.229,13.3,1.7143,7132709.417,15.78020172,39800077.61,0.179213455
嘉兴市,2020,5490000,35535,31082,1.229,13.3,1.7143,7273109.373,15.79969446,40899212.61,0.177830059
嘉兴市,2021,6262500,57075,32161,1.229,13.3,1.7143,8510843.602,15.95685163,44746519.97,0.19020124
嘉峪关市,2006,354662,6591,560,1.229,13.3,1.7143,524499.906,13.17020053,986572,0.531638751
嘉峪关市,2007,454412,6930,360,1.229,13.3,1.7143,651258.496,13.38666192,1111482.681,0.585936702
嘉峪关市,2008,500219,7220,420,1.229,13.3,1.7143,711515.157,13.475152,1277849.482,0.556806703
嘉峪关市,2009,604251,7310,400,1.229,13.3,1.7143,840533.199,13.64179173,1469930.89,0.571818175
嘉峪关市,2010,593739,8056,480,1.229,13.3,1.7143,837672.895,13.63838296,1568453.658,0.534075642
嘉峪关市,2011,747851,9312,474,1.229,13.3,1.7143,1043771.057,13.85835073,1857546.015,0.561908587
嘉峪关市,2012,1298559,1800,42,1.229,13.3,1.7143,1619941.012,14.29790029,2119545.063,0.764287129
嘉峪关市,2013,1562917,1868,42,1.229,13.3,1.7143,1945741.394,14.48115364,1777931.525,1.094384888
嘉峪关市,2014,1997466,1822,42,1.229,13.3,1.7143,2479190.315,14.72344258,1921279.503,1.290385033
嘉峪关市,2015,254000,1800,46,1.229,13.3,1.7143,336184.8578,12.72541646,1615912.432,0.208046458
嘉峪关市,2016,2201141,3325,56.5,1.229,13.3,1.7143,2749521.647,14.82693751,1332167.682,2.063945616
嘉峪关市,2017,2589371,8290.5,526.75,1.229,13.3,1.7143,3293503.617,15.00746249,1776024.254,1.85442491
嘉峪关市,2018,2832711,13256,997,1.229,13.3,1.7143,3659415.776,15.11281407,2435432.627,1.502573192
嘉峪关市,2019,2841763,11730,9630,1.229,13.3,1.7143,3665044.436,15.11435102,2270854.347,1.613949587
嘉峪关市,2020,3006100,19116,1713,1.229,13.3,1.7143,3951676.296,15.18965043,2273273.423,1.738319842
嘉峪关市,2021,2949700,2085,24541,1.229,13.3,1.7143,3694982.436,15.12248636,2477199.299,1.491596755
江门市,2006,671025,29,62496,1.229,13.3,1.7143,932212.3178,13.74531588,8858784.621,0.105230272
江门市,2007,756015,29,66097,1.229,13.3,1.7143,1042838.222,13.85745661,9950515.878,0.104802428
江门市,2008,756015,29,68651,1.229,13.3,1.7143,1047216.544,13.86164629,11764760.41,0.089012994
江门市,2009,741422,29,70155,1.229,13.3,1.7143,1031860.055,13.84687361,11903945.92,0.086682186
江门市,2010,871199,375,80560,1.229,13.3,1.7143,1213795.079,14.00926244,13300264.04,0.091260976
江门市,2011,934562,2104,88868,1.229,13.3,1.7143,1328906.31,14.09986684,15631977.66,0.08501204
江门市,2012,967877,3726,87498,1.229,13.3,1.7143,1389074.454,14.14414822,15889862.56,0.087418909
江门市,2013,1018789,5055,77498,1.229,13.3,1.7143,1452178.002,14.18857506,16705117.62,0.086930127
江门市,2014,1114644,7237,75137,1.229,13.3,1.7143,1594956.935,14.28235729,17137538.39,0.09306803
江门市,2015,1208195,10664,64490,1.229,13.3,1.7143,1737258.062,14.3678186,18021927.46,0.096396907
江门市,2016,1267596,12273,72875,1.229,13.3,1.7143,1846035.997,14.42855119,18754457.69,0.098431852
江门市,2017,2671250,39255,60351,1.229,13.3,1.7143,3908517.469,15.1786687,20428490.68,0.191326786
江门市,2018,2817757,26983,64920,1.229,13.3,1.7143,3933189.609,15.18496126,21648011.56,0.181688263
江门市,2019,2946423,52671,130363,1.229,13.3,1.7143,4545159.458,15.32957337,23426963.52,0.194014024
江门市,2020,3090700,38913,64576,1.229,13.3,1.7143,4426715.837,15.30316852,32010000,0.138291654
江门市,2021,3508400,65961,86366,1.229,13.3,1.7143,5337162.134,15.49020463,25734763.95,0.207391144
焦作市,2006,986818,8114,5182,1.229,13.3,1.7143,1329599.025,14.10038797,6990957,0.190188414
焦作市,2007,1274418,8158,5281,1.229,13.3,1.7143,1683814.34,14.33657222,7926128.283,0.212438442
焦作市,2008,1460481,9660,4592,1.229,13.3,1.7143,1931281.215,14.47369418,8942018.165,0.215978225
焦作市,2009,1366590,10326,3575,1.229,13.3,1.7143,1823003.533,14.41599599,9532269.896,0.19124548
焦作市,2010,1315224,11750,3578,1.229,13.3,1.7143,1778819.061,14.39146025,10548745.12,0.168628499
焦作市,2011,1518686,16466,2885,1.229,13.3,1.7143,2090408.65,14.55287013,11775500.48,0.177521852
焦作市,2012,1428404,19142,2690,1.229,13.3,1.7143,2014708.583,14.51598512,12669509.9,0.159020246
焦作市,2013,1471965,20265,2117,1.229,13.3,1.7143,2082198.658,14.54893494,13915417.68,0.149632494
焦作市,2014,1453974,18794,2093,1.229,13.3,1.7143,2040482.276,14.52869675,14976402.78,0.136246488
焦作市,2015,1720000,17922,2069,1.229,13.3,1.7143,2355789.487,14.67238647,15806941.43,0.149035125
焦作市,2016,1990000,19093,2045,1.229,13.3,1.7143,2703152.644,14.8099293,17140799.16,0.157702836
焦作市,2017,2266279,25685,2021,1.229,13.3,1.7143,3130331.991,14.95664962,18056858.39,0.173359724
焦作市,2018,2387292,27168,1997,1.229,13.3,1.7143,3298739.725,15.00905105,18139689.55,0.18185205
焦作市,2019,2436469,27395,1973,1.229,13.3,1.7143,3362156.215,15.02809306,20967146.66,0.160353541
焦作市,2020,2463900,30651,1949,1.229,13.3,1.7143,3439132.571,15.05072984,15959354.44,0.215493213
焦作市,2021,2527800,37190,2190,1.229,13.3,1.7143,3605047.517,15.09784551,16119393.58,0.223646597
揭阳市,2006,242752,18,25400,1.229,13.3,1.7143,342124.828,12.74293094,4578108.169,0.074730613
揭阳市,2007,225008,18,27010,1.229,13.3,1.7143,323077.475,12.68564743,5266128.044,0.061350099
揭阳市,2008,294145,18,27035,1.229,13.3,1.7143,408089.7055,12.9192423,6660847.62,0.061266933
揭阳市,2009,326722,18,27036,1.229,13.3,1.7143,448128.5528,13.01283542,7245022.383,0.061853301
揭阳市,2010,335000,18,27010,1.229,13.3,1.7143,458257.643,13.03518684,8549799.33,0.053598643
揭阳市,2011,345031,38,27050,1.229,13.3,1.7143,470920.314,13.06244417,10467766.26,0.04498766
揭阳市,2012,378838,66,28250,1.229,13.3,1.7143,514898.677,13.15172542,11803311.55,0.043623239
揭阳市,2013,508838,6075,70300,1.229,13.3,1.7143,826674.692,13.62516654,13407611.93,0.061657117
揭阳市,2014,638838,7104,70896,1.229,13.3,1.7143,1001152.115,13.81666201,14649973.16,0.068338154
揭阳市,2015,767716,2856,19226,1.229,13.3,1.7143,1014466.896,13.82987381,15205952.19,0.066715118
揭阳市,2016,798480,3056,161793,1.229,13.3,1.7143,1299338.46,14.07736582,15560859.94,0.083500428
揭阳市,2017,1486811,4791,91444.5,1.229,13.3,1.7143,2047774.325,14.53226407,15095099.84,0.135658217
揭阳市,2018,1558842,6526,21096,1.229,13.3,1.7143,2038777.491,14.52786092,16065555.45,0.126903642
揭阳市,2019,1570640,7500,19187,1.229,13.3,1.7143,2062958.834,14.53965184,15647752.56,0.131837389
揭阳市,2020,1669400,7874,25464,1.229,13.3,1.7143,2200069.735,14.60399962,21020000,0.104665544
揭阳市,2021,1881900,8668,24306,1.229,13.3,1.7143,2469807.276,14.71965068,16186959.28,0.152580064
金昌市,2006,246000,31,480,1.229,13.3,1.7143,303569.164,12.62336475,1526136,0.198913573
金昌市,2007,390716,31,1266,1.229,13.3,1.7143,482772.5678,13.08730095,1971878.451,0.244828766
金昌市,2008,390719,31,1250,1.229,13.3,1.7143,482748.826,13.08725177,1724077.876,0.280004072
金昌市,2009,420000,31,800,1.229,13.3,1.7143,517963.74,13.15766052,1788617.05,0.289588954
金昌市,2010,450000,31,980,1.229,13.3,1.7143,555142.314,13.22697978,1791351.7,0.309901352
金昌市,2011,520000,31,980,1.229,13.3,1.7143,641172.314,13.37105352,1835616.84,0.349295289
金昌市,2012,570000,972,500,1.229,13.3,1.7143,714314.75,13.47907897,1916702.019,0.372679083
金昌市,2013,600000,1136,450,1.229,13.3,1.7143,753280.235,13.5321926,1980846.824,0.380281921
金昌市,2014,597998,1560,450,1.229,13.3,1.7143,756458.977,13.53640358,2024361.163,0.373677875
金昌市,2015,607273.9,1670,315,1.229,13.3,1.7143,769090.6276,13.55296409,1909023.644,0.40287119
金昌市,2016,583257.8,3474,277,1.229,13.3,1.7143,763502.8973,13.5456722,1804619.505,0.423082481
金昌市,2017,584978,3271,380,1.229,13.3,1.7143,763093.696,13.5451361,1874371.825,0.407119701
金昌市,2018,698005,4212,601,1.229,13.3,1.7143,914898.0393,13.72656791,2147853.731,0.425959192
金昌市,2019,748886,4644,897,1.229,13.3,1.7143,983683.8211,13.7990598,2728234.904,0.360556864
金昌市,2020,785300,6555,900,1.229,13.3,1.7143,1053858.07,13.86796834,2885928.671,0.365171212
金昌市,2021,907900,7146,1200,1.229,13.3,1.7143,1212908.06,14.00853139,3259872.697,0.372072217
金华市,2006,237173,845,19390,1.229,13.3,1.7143,335964.394,12.72476046,12346957,0.027210299
金华市,2007,268983,1480,19946.5,1.229,13.3,1.7143,384458.392,12.85959085,13777291.36,0.027905223
金华市,2008,289996,1411,20100,1.229,13.3,1.7143,409628.814,12.9230067,15243388.19,0.026872557
金华市,2009,305179,733,22545,1.229,13.3,1.7143,423462.7845,12.95622091,16355727.62,0.025890795
金华市,2010,355567,790,23899,1.229,13.3,1.7143,488468.8987,13.09903108,18120076.23,0.026957331
金华市,2011,398693,1068,24950,1.229,13.3,1.7143,546969.882,13.21214902,19790800.79,0.027637582
金华市,2012,427253,1558,30481,1.229,13.3,1.7143,598068.9153,13.30146127,21858770.07,0.027360593
金华市,2013,491643,3123,35502,1.229,13.3,1.7143,706626.2256,13.46825713,23795719.23,0.029695519
金华市,2014,503986,3578,29224,1.229,13.3,1.7143,717084.8972,13.48294952,25921527.54,0.027663682
金华市,2015,521467,5565,27992,1.229,13.3,1.7143,762884.1286,13.54486144,27311725.46,0.027932476
金华市,2016,575175,8294,22257,1.229,13.3,1.7143,855355.4501,13.65927239,29277730.9,0.029215223
金华市,2017,3376777,14098,19600,1.229,13.3,1.7143,4371162.613,15.29053958,29724382.43,0.147056465
金华市,2018,3705731,18822,14440,1.229,13.3,1.7143,4829430.491,15.39023911,30641760.61,0.157609432
金华市,2019,3946681,18022,14355,1.229,13.3,1.7143,5114772.326,15.44764345,33796713.95,0.151339338
金华市,2020,4040000,18313,12816,1.229,13.3,1.7143,5230693.369,15.4700544,34916496.57,0.14980579
金华市,2021,4755600,23449,14110,1.229,13.3,1.7143,6180692.873,15.63694094,37705368.13,0.163920767
锦州市,2006,228048,6353,16306,1.229,13.3,1.7143,392719.2678,12.8808503,4602450,0.085328307
锦州市,2007,236704,6676,10000,1.229,13.3,1.7143,396843.016,12.89129606,5072066.021,0.078240901
锦州市,2008,254305,7080,8900,1.229,13.3,1.7143,421962.115,12.95267081,5965005.495,0.070739602
锦州市,2009,191723,8290,7500,1.229,13.3,1.7143,358741.817,12.79035824,6569865.064,0.054604138
锦州市,2010,505023,8398,6350,1.229,13.3,1.7143,743252.472,13.51879107,8386106.831,0.088629025
锦州市,2011,497977,8798,4435,1.229,13.3,1.7143,736630.0535,13.50984108,9609968.8,0.0766527
锦州市,2012,479634,9519,4669,1.229,13.3,1.7143,724076.9527,13.49265295,10669367.69,0.067865029
锦州市,2013,479210,10081,111,1.229,13.3,1.7143,723216.6773,13.49146415,11662788.84,0.062010612
锦州市,2014,495963,10372,122,1.229,13.3,1.7143,747695.2716,13.52475078,11992341.78,0.062347729
锦州市,2015,473059,10170,4,1.229,13.3,1.7143,716657.3682,13.48235314,11887119.54,0.060288564
锦州市,2016,424777,7316,78,1.229,13.3,1.7143,619487.4484,13.33664772,9212731.488,0.067242538
锦州市,2017,869734,13463,152,1.229,13.3,1.7143,1248221.56,14.03723034,9414607.154,0.132583499
锦州市,2018,908158,13463,152,1.229,13.3,1.7143,1295444.656,14.07436456,10151540.61,0.127610646
锦州市,2019,9207774,12475,79,1.229,13.3,1.7143,11482407.18,16.25632661,9107302.699,1.260791208
锦州市,2020,9207800,14931,47,1.229,13.3,1.7143,11515049.07,16.25916535,9058757.875,1.271150993
锦州市,2021,984400,15057,15,1.229,13.3,1.7143,1410111.415,14.15917928,9349872.875,0.150816106
晋城市,2006,124334,5520,2759,1.229,13.3,1.7143,230952.2397,12.34996621,3644086,0.063377275
晋城市,2007,195935,5500,2665,1.229,13.3,1.7143,318522.7245,12.6714491,3775186.61,0.08437271
晋城市,2008,130023,4444,1358,1.229,13.3,1.7143,221231.4864,12.30696488,4220586.485,0.052417238
晋城市,2009,161267,7036,1911,1.229,13.3,1.7143,295051.9703,12.59490679,5169257.935,0.057078206
晋城市,2010,163873,14734,1772,1.229,13.3,1.7143,400399.8566,12.90021897,5542238.525,0.072245151
晋城市,2011,177761,16717,1893,1.229,13.3,1.7143,444049.5389,13.00369141,6104093.877,0.072746184
晋城市,2012,188427,17743,1095,1.229,13.3,1.7143,469435.8415,13.05928692,7034066.782,0.066737473
晋城市,2013,199154,15701,1589,1.229,13.3,1.7143,456307.5887,13.0309224,7613555.615,0.059933573
晋城市,2014,165109,10792,1540,1.229,13.3,1.7143,349092.583,12.76309245,7945595.294,0.043935359
晋城市,2015,171874,11774,1942,1.229,13.3,1.7143,371156.5166,12.82437913,8398252.762,0.044194492
晋城市,2016,174470,10988,3540,1.229,13.3,1.7143,366632.652,12.81211568,8737843.947,0.041959167
晋城市,2017,1925375,11601,4248,1.229,13.3,1.7143,2527861.521,14.74288425,8446489.681,0.299279537
晋城市,2018,1999300,12536,3709,1.229,13.3,1.7143,2630226.839,14.78258065,9594046.786,0.274151971
晋城市,2019,2111202,11722,2552,1.229,13.3,1.7143,2754944.752,14.82890795,9599340.529,0.286993127
晋城市,2020,2128000,11460,1683,1.229,13.3,1.7143,2770615.167,14.83457994,10056729.55,0.275498625
晋城市,2021,2029300,10741,1877,1.229,13.3,1.7143,2640082.741,14.78632082,11375302.78,0.232089008
晋中市,2006,83402,2200,3000,1.229,13.3,1.7143,136903.958,11.82703492,3856794,0.035496829
晋中市,2007,117078,2200,2727,1.229,13.3,1.7143,177823.7581,12.08854822,4226831.528,0.042070226
晋中市,2008,162097,2427,2850,1.229,13.3,1.7143,236382.068,12.37320471,4542662.126,0.052036022
晋中市,2009,169017,3896,1765,1.229,13.3,1.7143,262564.4325,12.47825179,5431629.057,0.048339905
晋中市,2010,200141,5008,1983,1.229,13.3,1.7143,315979.1459,12.6634315,5794820.825,0.054527854
晋中市,2011,208581,5012,2810,1.229,13.3,1.7143,327822.832,12.7002286,6071767.277,0.053991337
晋中市,2012,276013,8837,2620,1.229,13.3,1.7143,461243.543,13.04168148,6851732.126,0.067317801
晋中市,2013,308012,8552,2600,1.229,13.3,1.7143,496745.528,13.11583316,7542089.969,0.065863114
晋中市,2014,308012,8824,2270,1.229,13.3,1.7143,499797.409,13.12195811,7987629.109,0.062571434
晋中市,2015,788862,10403,1993,1.229,13.3,1.7143,1111287.898,13.92103017,8445674.915,0.13158071
晋中市,2016,1269712,8458,2560,1.229,13.3,1.7143,1677356.056,14.33272934,9085613.201,0.184616714
晋中市,2017,1750562,10094,1150,1.229,13.3,1.7143,2287662.343,14.64304104,9424884.868,0.24272576
晋中市,2018,1917153,11296,1450,1.229,13.3,1.7143,2508903.572,14.73535639,10273587.1,0.244209111
晋中市,2019,2144866,11575,1153,1.229,13.3,1.7143,2791964.402,14.84225599,10343200.87,0.269932339
晋中市,2020,2155600,9571,1292,1.229,13.3,1.7143,2778741.576,14.83750871,10359982.96,0.26821874
晋中市,2021,2551200,8731,1261,1.229,13.3,1.7143,3253708.832,14.99530608,10970741.8,0.296580568
荆门市,2006,218125,425,10917,1.229,13.3,1.7143,292443.1381,12.58602553,3487304,0.083859376
荆门市,2007,252716,1900,23039,1.229,13.3,1.7143,375353.7217,12.83562412,3836353.815,0.097841268
荆门市,2008,282397,3900,19630,1.229,13.3,1.7143,432587.622,12.97754018,4429930.756,0.097651102
荆门市,2009,228681,5247,16584,1.229,13.3,1.7143,379264.0002,12.84598781,5062492.281,0.07491646
荆门市,2010,227911,5483,15657,1.229,13.3,1.7143,379867.3141,12.8475773,5743138.453,0.06614281
荆门市,2011,346339,7118,15657,1.229,13.3,1.7143,547160.8261,13.21249805,6884132.381,0.07948145
荆门市,2012,350520,8621,16637,1.229,13.3,1.7143,573969.1891,13.260331,7780562.974,0.073769622
荆门市,2013,345866,9410,7645,1.229,13.3,1.7143,563328.1375,13.24161757,8457846.293,0.066604206
荆门市,2014,405468,10367,6413,1.229,13.3,1.7143,647195.0779,13.38040304,9085918.812,0.071230559
荆门市,2015,473439,10541,5808,1.229,13.3,1.7143,732008.4854,13.50354738,9729473.6,0.075236186
荆门市,2016,509599,9480,5890,1.229,13.3,1.7143,762478.398,13.54432946,10482112.39,0.07274091
荆门市,2017,945983,9500,6344,1.229,13.3,1.7143,1299838.626,14.07775068,11074384.38,0.117373443
荆门市,2018,1035028,9502,6411,1.229,13.3,1.7143,1409416.389,14.15868627,11746038.83,0.119990782
荆门市,2019,1095263,14916,6513,1.229,13.3,1.7143,1555626.263,14.25738876,12832448.1,0.121225993
荆门市,2020,1059100,12164,4588,1.229,13.3,1.7143,1471280.308,14.20164354,11945751,0.123163484
荆门市,2021,1216400,12391,8300,1.229,13.3,1.7143,1673984.59,14.33071732,13016329.49,0.128606501
荆州市,2006,292008,2662,8900,1.229,13.3,1.7143,409539.702,12.92278913,4380700,0.093487274
荆州市,2007,398403,2747,8900,1.229,13.3,1.7143,541429.657,13.20196843,4745494.62,0.114093409
荆州市,2008,421430,6163,8700,1.229,13.3,1.7143,614819.78,13.32908446,5312068.939,0.115740173
荆州市,2009,251864,6628,8500,1.229,13.3,1.7143,412264.806,12.92942115,5986105.365,0.068870289
荆州市,2010,279168,6803,8200,1.229,13.3,1.7143,447634.632,13.01173263,6585096.223,0.067976931
荆州市,2011,303480,8061,7960,1.229,13.3,1.7143,493834.048,13.1099548,7618272.343,0.064822315
荆州市,2012,459323,8505,7758,1.229,13.3,1.7143,690924.0064,13.44578512,8574635.505,0.080577653
荆州市,2013,397891,12631,5034,1.229,13.3,1.7143,665630.1252,13.40848943,9388440.768,0.0708989
荆州市,2014,421260,13964,5959,1.229,13.3,1.7143,713665.2537,13.4781693,10263783.44,0.069532376
荆州市,2015,405404,21512,5910,1.229,13.3,1.7143,794482.629,13.5854464,11145245.64,0.071284443
荆州市,2016,449751,20708,5874,1.229,13.3,1.7143,838230.1772,13.63904802,11900057.57,0.07043917
荆州市,2017,1158361,16148,6036,1.229,13.3,1.7143,1648741.584,14.31552288,12791337.52,0.128895167
荆州市,2018,1334297,17937,9906,1.229,13.3,1.7143,1895394.969,14.4549378,13235293.84,0.143207623
荆州市,2019,1451518,19929,6313,1.229,13.3,1.7143,2059793.698,14.53811639,15873372.38,0.129764088
荆州市,2020,1478600,17121,7696,1.229,13.3,1.7143,2058101.953,14.53729473,14847578.23,0.13861533
荆州市,2021,2766000,19527,6918,1.229,13.3,1.7143,3670982.627,15.11596993,16667775.06,0.220244311
景德镇市,2006,92934,23550,23430,1.229,13.3,1.7143,467596.935,13.05536195,2247759,0.208028056
景德镇市,2007,125060,25864,15610,1.229,13.3,1.7143,524450.163,13.17010568,2409663.512,0.217644563
景德镇市,2008,130000,23609,19200,1.229,13.3,1.7143,506684.26,13.13564333,2797080.738,0.181147528
景德镇市,2009,67965,21990,21127,1.229,13.3,1.7143,412214.0011,12.92929791,3253433.194,0.126701234
景德镇市,2010,184497,21990,21127,1.229,13.3,1.7143,555431.8291,13.22750116,3823406.7,0.145271448
景德镇市,2011,146819,27510,23560,1.229,13.3,1.7143,586712.459,13.28229013,4259362.955,0.137746528
景德镇市,2012,155911,29757,24800,1.229,13.3,1.7143,629897.359,13.35331216,4757534.767,0.132399949
景德镇市,2013,163209,14895,23305,1.229,13.3,1.7143,438639.1225,12.99143231,5079896.859,0.086348037
景德镇市,2014,164325,25834,20149,1.229,13.3,1.7143,580089.0557,13.27093692,5519338.26,0.105101197
景德镇市,2015,174366,25853,20203,1.229,13.3,1.7143,592774.7169,13.2925697,5879914.906,0.100813486
景德镇市,2016,180311,25853,20203,1.229,13.3,1.7143,600081.1219,13.30482013,6364605.83,0.094284098
景德镇市,2017,525206,37072,4735,1.229,13.3,1.7143,1146652.985,13.95235781,6324546.655,0.181302004
景德镇市,2018,577026,25867,3501,1.229,13.3,1.7143,1059197.818,13.8730224,6139860.756,0.1725117
景德镇市,2019,603417,26170,5100,1.229,13.3,1.7143,1098403.423,13.90936825,6673189,0.164599478
景德镇市,2020,633000,26975,4654,1.229,13.3,1.7143,1144702.852,13.95065564,6873277.73,0.166543954
景德镇市,2021,683300,30869,4200,1.229,13.3,1.7143,1257533.46,14.04466279,7423857.894,0.169390831
九江市,2006,253057,380,20050,1.229,13.3,1.7143,350432.768,12.76692415,5062201,0.069225376
九江市,2007,293799,468,17548,1.229,13.3,1.7143,397385.9074,12.89266315,5452985.732,0.072874922
九江市,2008,329914,528,17295,1.229,13.3,1.7143,442135.5245,12.99937173,6086269.55,0.072644749
九江市,2009,375792,858,18055,1.229,13.3,1.7143,504211.4545,13.13075101,7430042.692,0.067861179
九江市,2010,408977,1289,18375,1.229,13.3,1.7143,551276.6955,13.21999213,8550384.039,0.064473911
九江市,2011,248239,1870,16000,1.229,13.3,1.7143,357385.531,12.7865704,9476583.372,0.037712487
九江市,2012,319184,2292,16840,1.229,13.3,1.7143,451629.548,13.02061754,10753953.36,0.041996607
九江市,2013,380300,3238,15151,1.229,13.3,1.7143,536427.4593,13.19268662,11960627.41,0.044849441
九江市,2014,376700,4323,15300,1.229,13.3,1.7143,546688.99,13.21163535,13308071.6,0.041079505
九江市,2015,422600,8079,15000,1.229,13.3,1.7143,652540.6,13.38862864,14490646.85,0.045031848
九江市,2016,466600,8920,12378,1.229,13.3,1.7143,713307.0054,13.47766719,15879422.17,0.044920212
九江市,2017,1775425,10799,10011,1.229,13.3,1.7143,2342785.882,14.66685133,17984058.55,0.130270143
九江市,2018,1976097,14433,10520,1.229,13.3,1.7143,2638616.549,14.7857653,19582797.53,0.134741553
九江市,2019,2136534,19440,11943,1.229,13.3,1.7143,2904826.171,14.88188411,22491385.39,0.129152834
九江市,2020,2294000,27057,10329,1.229,13.3,1.7143,3196891.105,14.97768937,23277213.3,0.137339941
九江市,2021,2596900,36955,9299,1.229,13.3,1.7143,3699032.876,15.12358196,25168360.34,0.146971548
酒泉市,2006,38680,258,3518,1.229,13.3,1.7143,57000.0274,10.95080703,1732453,0.032901341
酒泉市,2007,41969,285,3850,1.229,13.3,1.7143,61970.456,11.03441303,1879683.777,0.032968554
酒泉市,2008,59064,312,4050,1.229,13.3,1.7143,83682.171,11.33478122,2199301.327,0.038049434
酒泉市,2009,51242,339,15430,1.229,13.3,1.7143,93936.767,11.45037714,2948566.563,0.031858452
酒泉市,2010,75610,366,16100,1.229,13.3,1.7143,125392.72,11.73920585,3446620.394,0.036381355
酒泉市,2011,85274,369,15400,1.229,13.3,1.7143,136109.666,11.82121621,3797706.167,0.035839968
酒泉市,2012,96316,372,15700,1.229,13.3,1.7143,150234.474,11.91995251,4524767.152,0.033202697
酒泉市,2013,114101,506,15000,1.229,13.3,1.7143,172674.429,12.05916319,5045242.578,0.034225199
酒泉市,2014,108540,582,1400,1.229,13.3,1.7143,143536.28,11.8743431,4826083.046,0.029741776
酒泉市,2015,116700,686,900,1.229,13.3,1.7143,154090.97,11.94529842,4632309.627,0.033264393
酒泉市,2016,116712,864,1200,1.229,13.3,1.7143,156987.408,11.96392088,5018647.095,0.031280822
酒泉市,2017,284800,1282,1410,1.229,13.3,1.7143,369486.963,12.81987074,4669324.201,0.079130715
酒泉市,2018,368661,2075,1861,1.229,13.3,1.7143,483872.1813,13.08957606,4851739.93,0.099731681
酒泉市,2019,563862,2103,2024,1.229,13.3,1.7143,724426.0412,13.49313495,4958968.149,0.146084028
酒泉市,2020,587000,2142,2045,1.229,13.3,1.7143,753417.3435,13.53237459,5304304.653,0.142038852
酒泉市,2021,667100,2898,1857,1.229,13.3,1.7143,861592.7551,13.666538,5797862.162,0.14860525
开封市,2006,234371,2573,8238,1.229,13.3,1.7143,336385.2624,12.7260124,4752888,0.070774919
开封市,2007,222368,3103,8521,1.229,13.3,1.7143,329167.7223,12.70432269,5143056.671,0.064002352
开封市,2008,242719,3693,8700,1.229,13.3,1.7143,362332.961,12.80031885,5975654.08,0.060634862
开封市,2009,308429,5114,8500,1.229,13.3,1.7143,461646.991,13.04255579,6928175.488,0.06663327
开封市,2010,358825,6134,8075,1.229,13.3,1.7143,536421.0975,13.19267476,7849870.419,0.068335026
开封市,2011,432561,7473,11788,1.229,13.3,1.7143,651216.5374,13.38659749,8753686.21,0.074393407
开封市,2012,432600,11315,10790,1.229,13.3,1.7143,700652.197,13.45976689,9857746.931,0.071076302
开封市,2013,480758,11558,10248,1.229,13.3,1.7143,762141.1284,13.54388703,11113230.45,0.068579621
开封市,2014,597249,11658,10690,1.229,13.3,1.7143,907396.288,13.71833456,12115962.27,0.074892631
开封市,2015,590000,11100,11100,1.229,13.3,1.7143,891768.73,13.70096211,13178811.32,0.067666856
开封市,2016,586780,14041,13520,1.229,13.3,1.7143,931075.256,13.74409539,14359273.05,0.064841392
开封市,2017,1044213,16601,14340,1.229,13.3,1.7143,1528714.139,14.23993751,14948126.43,0.102267943
开封市,2018,1149334,17873,14540,1.229,13.3,1.7143,1675168.308,14.3314242,15315117.19,0.109380052
开封市,2019,1197557,18516,26650,1.229,13.3,1.7143,1763746.448,14.38295077,17952312.46,0.098246198
开封市,2020,1123600,18114,26890,1.229,13.3,1.7143,1667918.127,14.32708678,17822781.89,0.09358349
开封市,2021,1239900,20336,26915,1.229,13.3,1.7143,1840446.285,14.42551865,19287454.09,0.09542194
克拉玛依市,2006,306400,1403,22537,1.229,13.3,1.7143,433860.6791,12.98047875,4486591.359,0.096701626
克拉玛依市,2007,345000,1670,22672,1.229,13.3,1.7143,485082.6096,13.09207448,4579998.112,0.105913277
克拉玛依市,2008,370000,1871,19666,1.229,13.3,1.7143,513327.7238,13.14866976,6213200.616,0.082618888
克拉玛依市,2009,370000,2845,21783,1.229,13.3,1.7143,529911.0969,13.18046453,3945621.358,0.134303586
克拉玛依市,2010,421710,3829,22250,1.229,13.3,1.7143,607350.465,13.31686128,5385311.756,0.112779073
克拉玛依市,2011,420826,7308,21279,1.229,13.3,1.7143,650870.1437,13.38606543,5937110.224,0.109627431
克拉玛依市,2012,460064,10295,16525,1.229,13.3,1.7143,730670.9635,13.50171852,5885512.552,0.12414738
克拉玛依市,2013,498220,15938,10220,1.229,13.3,1.7143,841807.926,13.64330715,6171532.632,0.136401762
克拉玛依市,2014,522192,20988,4051,1.229,13.3,1.7143,927858.9973,13.74063506,6641442.157,0.139707457
克拉玛依市,2015,492206,28965,2674,1.229,13.3,1.7143,994739.7122,13.81023639,5123099.531,0.194167555
克拉玛依市,2016,524582,28540,3197,1.229,13.3,1.7143,1029773.895,13.84484982,4693432.886,0.219407398
克拉玛依市,2017,632711,34451,2279,1.229,13.3,1.7143,1239707.009,14.03038563,5201317.307,0.238344814
克拉玛依市,2018,722461,41827,2473,1.229,13.3,1.7143,1448443.133,14.18599984,6277672.786,0.230729314
克拉玛依市,2019,758276,45466,2497,1.229,13.3,1.7143,1540899.611,14.24787697,6929945.233,0.222353793
克拉玛依市,2020,830700,37037,2198,1.229,13.3,1.7143,1517290.431,14.23243669,8870000,0.171058673
克拉玛依市,2021,932000,36673,1493,1.229,13.3,1.7143,1635738.35,14.30760485,6923305.844,0.236265505
昆明市,2006,658410,17118,95580,1.229,13.3,1.7143,1200708.084,13.99842201,10913375.43,0.110021697
昆明市,2007,724051,18774,103857,1.229,13.3,1.7143,1317594.934,14.09131861,11854559.33,0.111146682
昆明市,2008,896966,24393,92700,1.229,13.3,1.7143,1585713.724,14.27654516,13084430.91,0.121190882
昆明市,2009,1170808,26270,116875,1.229,13.3,1.7143,1988672.845,14.50297806,14941959.92,0.133093172
昆明市,2010,919188,24393,116975,1.229,13.3,1.7143,1654639.195,14.31909353,16177997.11,0.102277135
昆明市,2011,919188,28487,101458,1.229,13.3,1.7143,1682488.601,14.33578457,18403036.99,0.091424508
昆明市,2012,2035210,30866,133318,1.229,13.3,1.7143,3140337.937,14.95984098,21436774.31,0.146493026
昆明市,2013,1036234,34406,153575,1.229,13.3,1.7143,1994405.009,14.50585632,24007042.6,0.083075831
昆明市,2014,1027164,34740,168000,1.229,13.3,1.7143,2012428.956,14.51485299,26628718.71,0.075573631
昆明市,2015,1707164,30542,167386,1.229,13.3,1.7143,2791262.976,14.84200473,28270740.58,0.098733281
昆明市,2016,2400000,32376,155350,1.229,13.3,1.7143,3646517.305,15.10928311,29705344.9,0.122756269
昆明市,2017,3071922,23602,76800,1.229,13.3,1.7143,4220956.978,15.25557243,32352770.17,0.130466633
昆明市,2018,3374433,24987,92652,1.229,13.3,1.7143,4638338.581,15.3498668,33705485.57,0.137613759
昆明市,2019,3763719,27929,102118,1.229,13.3,1.7143,5172127.238,15.45879462,41289618.36,0.125264593
昆明市,2020,3412400,32753,87637,1.229,13.3,1.7143,4779690.609,15.37988638,67340000,0.070978477
昆明市,2021,3853000,25650,109347,1.229,13.3,1.7143,5263935.562,15.47638951,44611838.71,0.11799414
拉萨市,2020,399100,5085,31186,1.229,13.3,1.7143,611586.5598,13.32381178,4309215.034,0.141925282
拉萨市,2021,,4559,35154,1.229,13.3,1.7143,120899.2022,11.70271244,4602587.207,0.026267661
来宾市,2006,167343,10,7100,1.229,13.3,1.7143,217969.077,12.29210848,1855187.479,0.117491671
来宾市,2007,198070,10,6100,1.229,13.3,1.7143,254018.26,12.44516143,2092712.019,0.12138233
来宾市,2008,193810,21.2,7900,1.229,13.3,1.7143,252017.42,12.43725349,2344184.989,0.10750748
来宾市,2009,390928,32.4,7970,1.229,13.3,1.7143,494544.403,13.11139222,2400452.347,0.206021337
来宾市,2010,572247,43.6,7990,1.229,13.3,1.7143,717568.7,13.48362397,3005835.082,0.23872524
来宾市,2011,577957,54.8,7999,1.229,13.3,1.7143,724750.6787,13.49358298,3621259.714,0.200137724
来宾市,2012,533524,66,7476,1.229,13.3,1.7143,669394.9028,13.41412945,3825967.43,0.174960952
来宾市,2013,408226,124.5,7564,1.229,13.3,1.7143,516332.5692,13.15450635,3805483.596,0.135681197
来宾市,2014,411153,183,3154,1.229,13.3,1.7143,513147.8392,13.14831927,4031187.465,0.127294462
来宾市,2015,547943,333,4354,1.229,13.3,1.7143,685314.9092,13.43763373,4006845.927,0.171036002
来宾市,2016,560705,628,4354,1.229,13.3,1.7143,704922.9072,13.46584372,4106480.658,0.171661081
来宾市,2017,873979,965,3995,1.229,13.3,1.7143,1093803.32,13.90517146,4478502.889,0.244234144
来宾市,2018,1249107,1275,2876,1.229,13.3,1.7143,1557040.33,14.25829735,4577328.194,0.340163577
来宾市,2019,1335856,2311,2888,1.229,13.3,1.7143,1677454.222,14.33278786,4297289.652,0.390351677
来宾市,2020,1402400,2101,4915,1.229,13.3,1.7143,1759918.685,14.38077816,7060000,0.249280267
来宾市,2021,1392000,2500,4717,1.229,13.3,1.7143,1752104.353,14.37632811,5190761.153,0.337542858
兰州市,2006,1778856,36567,4538,1.229,13.3,1.7143,2680334.617,14.8014522,6384705,0.419805554
兰州市,2007,1218862,36784,4236,1.229,13.3,1.7143,1994470.373,14.5058891,6776647.049,0.294315221
兰州市,2008,1305456,51746,4267,1.229,13.3,1.7143,2299942.142,14.64839452,7504424.677,0.306478143
兰州市,2009,1352332,57615,101000,1.229,13.3,1.7143,2601439.828,14.77157563,8504402.95,0.305893294
兰州市,2010,1473092,70182,101377,1.229,13.3,1.7143,2917641.259,14.88628606,9363703.874,0.311590509
兰州市,2011,1504368,80750,101330,1.229,13.3,1.7143,3096553.291,14.94580021,10725862.29,0.288699706
兰州市,2012,1672923,88493,101250,1.229,13.3,1.7143,3406552.142,15.04121124,12315184.78,0.276613969
兰州市,2013,1370989,114891,101250,1.229,13.3,1.7143,3386568.656,15.03532777,13960495.09,0.242582275
兰州市,2014,1396678,129818,26070,1.229,13.3,1.7143,3487788.463,15.06477842,15816400.99,0.2205172
兰州市,2015,1315450,125501,28897,1.229,13.3,1.7143,3335389.477,15.02010002,17821860.98,0.187151582
兰州市,2016,1195118,123141,17251,1.229,13.3,1.7143,3136148.711,14.95850608,19662069.33,0.159502474
兰州市,2017,3018829,142251,17438,1.229,13.3,1.7143,5631973.104,15.5439704,21162806.84,0.266125999
兰州市,2018,3023977,165739,17538,1.229,13.3,1.7143,5950861.826,15.59904661,22214420.49,0.26788283
兰州市,2019,2754514,174396,15477,1.229,13.3,1.7143,5731296.727,15.56145237,22764713.01,0.25176231
兰州市,2020,2485051,161181,13639,1.229,13.3,1.7143,5221216.317,15.46824094,23272838.2,0.224348069
兰州市,2021,2832300,149772,14861,1.229,13.3,1.7143,5498340.512,15.51995688,24551628.63,0.223950134
廊坊市,2006,174602,3701,2300,1.229,13.3,1.7143,267752.048,12.49781664,7298720,0.036684795
廊坊市,2007,214499,5250,2400,1.229,13.3,1.7143,337558.591,12.72949438,8005945.329,0.042163489
廊坊市,2008,248072,6101,2300,1.229,13.3,1.7143,389966.678,12.87381657,8802643.504,0.044301087
廊坊市,2009,295809,7650,2200,1.229,13.3,1.7143,469065.721,13.05849817,9633430.99,0.04869145
廊坊市,2010,361999,8125,2648,1.229,13.3,1.7143,557498.7374,13.23121552,10531098.23,0.052938328
廊坊市,2011,524339,8949,2700,1.229,13.3,1.7143,768062.941,13.55162696,11663422.96,0.065852275
廊坊市,2012,633412,11638,3100,1.229,13.3,1.7143,938563.078,13.75210534,13081709.23,0.071746212
廊坊市,2013,653024,17783.5,2900,1.229,13.3,1.7143,1044058.516,13.8586261,14581343.2,0.071602355
廊坊市,2014,730950,23929,2750,1.229,13.3,1.7143,1221307.575,14.01543263,16734998.04,0.072979248
廊坊市,2015,484631,25884,2650,1.229,13.3,1.7143,944411.594,13.75831736,19404284.94,0.04867026
廊坊市,2016,539854,28446,2600,1.229,13.3,1.7143,1046269.546,13.86074158,20998577.52,0.049825734
廊坊市,2017,2738800,33369,4052,1.229,13.3,1.7143,3816739.244,15.15490701,22144461.78,0.172356379
廊坊市,2018,2865949,37416,4159,1.229,13.3,1.7143,4027013.895,15.20853569,23992293.54,0.167846141
廊坊市,2019,2867113,38875,5420,1.229,13.3,1.7143,4050010.883,15.21423013,24453402.19,0.165621571
廊坊市,2020,2926200,60801,6267,1.229,13.3,1.7143,4415696.618,15.30067616,25351557.99,0.174178511
廊坊市,2021,3319500,70031,9074,1.229,13.3,1.7143,5026633.358,15.43026101,26046244.2,0.192988798
乐山市,2006,306547,11648,840,1.229,13.3,1.7143,533104.675,13.18647307,3374428.237,0.157983705
乐山市,2007,366547,10264,120,1.229,13.3,1.7143,587203.179,13.28312617,3833783.512,0.153165451
乐山市,2008,395661,11944,120,1.229,13.3,1.7143,645328.285,13.37751444,4899162.316,0.131722169
乐山市,2009,597017,13904,120,1.229,13.3,1.7143,918862.809,13.73089211,5113353.049,0.179698683
乐山市,2010,770842,15107,120,1.229,13.3,1.7143,1148493.634,13.95396176,5782395.863,0.198618991
乐山市,2011,834077,15780,120,1.229,13.3,1.7143,1235160.349,14.02671136,7014140.521,0.176095752
乐山市,2012,774453,16584,121,1.229,13.3,1.7143,1172577.367,13.97471476,7867794.069,0.149035086
乐山市,2013,773143,25504,120,1.229,13.3,1.7143,1289601.663,14.06984394,8567994.483,0.15051383
乐山市,2014,730976,27392,120,1.229,13.3,1.7143,1262888.82,14.04891237,9367581.35,0.134814823
乐山市,2015,765632,22802,120,1.229,13.3,1.7143,1244434.044,14.0341914,9963066.676,0.124904719
乐山市,2016,787098,23918,130,1.229,13.3,1.7143,1285675.701,14.06679498,10178057.88,0.126318372
乐山市,2017,1832169,26020,140,1.229,13.3,1.7143,2598041.703,14.77026853,10410766.78,0.249553348
乐山市,2018,1945383,37921,140,1.229,13.3,1.7143,2895465.009,14.87865628,11082652.52,0.261261012
乐山市,2019,2168115,39841,249,1.229,13.3,1.7143,3194925.496,14.97707433,12659290.12,0.252377935
乐山市,2020,2315800,40680,5223,1.229,13.3,1.7143,3396115.989,15.03814298,20030000,0.169551472
乐山市,2021,2704500,27032,5223,1.229,13.3,1.7143,3692309.889,15.12176281,14566559.25,0.253478521
丽江市,2006,32130,25,2600,1.229,13.3,1.7143,44277.45,10.6982308,634352.8764,0.0697994
丽江市,2007,32926,25,2603,1.229,13.3,1.7143,45260.8769,10.72019829,715616.6707,0.063247376
丽江市,2008,37748,25,2903,1.229,13.3,1.7143,51701.4049,10.85324023,875501.1244,0.059053499
丽江市,2009,48883,25,4602,1.229,13.3,1.7143,68298.9156,11.13164917,996941.5459,0.068508446
丽江市,2010,45994,25,6301,1.229,13.3,1.7143,67660.9303,11.12226419,1095551.407,0.061759704
丽江市,2011,48220,25,8000,1.229,13.3,1.7143,73309.28,11.20244248,1308971.225,0.056005265
丽江市,2012,48348,25,8400,1.229,13.3,1.7143,74152.312,11.21387653,1510960.106,0.049076287
丽江市,2013,43717,25,2996,1.229,13.3,1.7143,59196.7358,10.98862168,1748954.928,0.033846919
丽江市,2014,71950,81,2524,1.229,13.3,1.7143,93830.7432,11.44924783,1877843.918,0.049967275
丽江市,2015,52392,81,2996,1.229,13.3,1.7143,70603.1108,11.16482948,2063388.79,0.034217066
丽江市,2016,53736,81,2801,1.229,13.3,1.7143,71920.5983,11.18331799,2136603.837,0.033661176
丽江市,2017,197798,81,3400,1.229,13.3,1.7143,249999.662,12.42921484,2260998.842,0.110570451
丽江市,2018,249329,949,2396,1.229,13.3,1.7143,323154.5038,12.68588583,2270570.831,0.142323023
丽江市,2019,410817,2643,3123,1.229,13.3,1.7143,545399.7519,13.20927429,3015748.84,0.180850522
丽江市,2020,447000,2948,3871,1.229,13.3,1.7143,595207.4553,13.29666529,5130000,0.116024845
丽江市,2021,6505000,2687,3251,1.229,13.3,1.7143,8035955.289,15.89943644,3520524.444,2.282601759
丽水市,2006,78708,1548,11039,1.229,13.3,1.7143,136244.6897,11.82220774,3553709,0.03833873
丽水市,2007,96364,1548,10335,1.229,13.3,1.7143,156737.0465,11.96232482,4078564.034,0.038429468
丽水市,2008,113393,1548,11584,1.229,13.3,1.7143,179806.8482,12.09963849,4583184.692,0.039231857
丽水市,2009,123290,1548,12478,1.229,13.3,1.7143,193502.8454,12.1730475,5033146.308,0.038445702
丽水市,2010,140837,1548,11097,1.229,13.3,1.7143,212700.6601,12.2676411,5696053.152,0.037341762
丽水市,2011,161023,1548,12058,1.229,13.3,1.7143,239156.6964,12.38487425,6426733.016,0.037212795
丽水市,2012,170485,1548,12217,1.229,13.3,1.7143,251058.0681,12.43343954,7209776.151,0.034821895
丽水市,2013,176299,1548,12348,1.229,13.3,1.7143,258428.0474,12.46237259,7906314.367,0.032686285
丽水市,2014,183421,1548,12015,1.229,13.3,1.7143,266610.1235,12.49354266,8497906.977,0.031373622
丽水市,2015,184780,1548,15249,1.229,13.3,1.7143,273824.3807,12.52024223,8856497.161,0.03091791
丽水市,2016,203990,1548,13745,1.229,13.3,1.7143,294855.1635,12.59423954,9615667.711,0.030664034
丽水市,2017,869518,1548,9958,1.229,13.3,1.7143,1106297.021,13.91652898,9661339.512,0.114507623
丽水市,2018,1034544,5066,10948,1.229,13.3,1.7143,1357600.532,14.12122939,10422579.04,0.13025572
丽水市,2019,1124048,12227,12611,1.229,13.3,1.7143,1565693.129,14.26383918,10946874.23,0.143026502
丽水市,2020,1180000,5671,10934,1.229,13.3,1.7143,1544388.456,14.25013857,11430995.9,0.135105328
丽水市,2021,1354900,8074,12976,1.229,13.3,1.7143,1794801.057,14.40040474,12040369.65,0.149065279
连云港市,2006,239786,1695,30985,1.229,13.3,1.7143,370358.0795,12.8222256,5273800,0.070226038
连云港市,2007,237579,2425,30260,1.229,13.3,1.7143,376111.809,12.83764174,5805321.968,0.064787416
连云港市,2008,258917,4825,8940,1.229,13.3,1.7143,397707.335,12.89347167,6667092.711,0.059652288
连云港市,2009,280041,7140,9540,1.229,13.3,1.7143,455486.811,13.02912204,8440497.599,0.05396445
连云港市,2010,331797,7223,9600,1.229,13.3,1.7143,520301.693,13.1621641,10046779.9,0.051787906
连云港市,2011,397106,7968,10000,1.229,13.3,1.7143,611160.674,13.32311517,11169628.42,0.054716294
连云港市,2012,431228,8485,10500,1.229,13.3,1.7143,660829.862,13.40125169,12725277.82,0.051930486
连云港市,2013,484067,9828,9246,1.229,13.3,1.7143,741481.1608,13.51640503,14065031.43,0.052718059
连云港市,2014,954477,11606,8401,1.229,13.3,1.7143,1341813.867,14.10953289,15396637.94,0.087149797
连云港市,2015,658870,12565,11882,1.229,13.3,1.7143,997235.0426,13.81274177,16720046.63,0.059643078
连云港市,2016,636831,13716,13058,1.229,13.3,1.7143,987473.4284,13.80290487,18262635.12,0.054070698
连云港市,2017,1827913,16577,30366,1.229,13.3,1.7143,2519035.611,14.73938669,19593134.01,0.128567263
连云港市,2018,1785091,35584,16702,1.229,13.3,1.7143,2695776.278,14.80719676,20218491.3,0.133332217
连云港市,2019,1836700,35874,32502,1.229,13.3,1.7143,2790146.679,14.84160473,22909420.5,0.121790365
连云港市,2020,1940000,44246,23138,1.229,13.3,1.7143,3012397.273,14.91824676,23820683.54,0.126461412
连云港市,2021,2181900,69228,19400,1.229,13.3,1.7143,3635544.92,15.10626957,25822148.62,0.140791728
辽阳市,2006,632865,753,15300,1.229,13.3,1.7143,814034.775,13.60975837,3930333,0.207115981
辽阳市,2007,665492,933,15967,1.229,13.3,1.7143,857670.7961,13.66197562,4304688.668,0.199241075
辽阳市,2008,718911,1106,13300,1.229,13.3,1.7143,921051.609,13.73327135,4895149.445,0.188155973
辽阳市,2009,948886,1153,10306,1.229,13.3,1.7143,1199183.37,13.99715136,5494584.183,0.218248248
辽阳市,2010,768598,1180,11606,1.229,13.3,1.7143,980197.1078,13.79550896,6757802.679,0.145046719
辽阳市,2011,957592,1309,11378,1.229,13.3,1.7143,1213795.573,14.00926285,7646036.169,0.158748343
辽阳市,2012,955105,2266,10978,1.229,13.3,1.7143,1222781.43,14.01663868,8589757.162,0.142353434
辽阳市,2013,955105,2574,11372,1.229,13.3,1.7143,1227553.265,14.02053353,9365317.492,0.131074389
辽阳市,2014,613103,7328,11372,1.229,13.3,1.7143,870461.0066,13.67677824,8920553.051,0.097579265
辽阳市,2015,733648.5,8222,11315,1.229,13.3,1.7143,1030403.911,13.84546143,9211637.031,0.111858935
辽阳市,2016,851194,8736,11315,1.229,13.3,1.7143,1181703.531,13.98246763,5835268.088,0.202510581
辽阳市,2017,1068832,13676,7014,1.229,13.3,1.7143,1507509.428,14.22596946,6665803.989,0.226155679
辽阳市,2018,1183233,15455,7294,1.229,13.3,1.7143,1672248.961,14.32967996,7404386.072,0.225845728
辽阳市,2019,1218819,14609,7833,1.229,13.3,1.7143,1705656.363,14.34946056,7053279.164,0.241824593
辽阳市,2020,1257600,14351,7884,1.229,13.3,1.7143,1749974.241,14.37511163,7081379.757,0.247123343
辽阳市,2021,1296500,13152,6300,1.229,13.3,1.7143,1779120.19,14.39162952,7004260.167,0.254005441
辽源市,2006,142933,148,12616,1.229,13.3,1.7143,199260.6658,12.20236912,1716110,0.116111826
辽源市,2007,105058,148,14000,1.229,13.3,1.7143,155084.882,11.95172787,1910564.406,0.081172287
辽源市,2008,131869,148,7862,1.229,13.3,1.7143,177513.2276,12.08680041,2262095.723,0.078472907
辽源市,2009,134877,148,6040,1.229,13.3,1.7143,178086.605,12.09002526,2751568.138,0.064721859
辽源市,2010,159424,148,7332,1.229,13.3,1.7143,210469.7436,12.25709719,3141965.791,0.066986644
辽源市,2011,190557,148,7700,1.229,13.3,1.7143,249363.063,12.4266652,3511401.351,0.071015255
辽源市,2012,183491,148,6993,1.229,13.3,1.7143,239466.9389,12.38617064,4120744.839,0.058112537
辽源市,2013,212521,945,5506,1.229,13.3,1.7143,283195.7448,12.55389362,4762644.436,0.05946187
辽源市,2014,200806,1515,4236,1.229,13.3,1.7143,274201.8488,12.52161979,4720768.235,0.058084158
辽源市,2015,230806,1507,2064,1.229,13.3,1.7143,307241.9892,12.63539095,5245241.846,0.058575371
辽源市,2016,260806,1452,2811,1.229,13.3,1.7143,344661.0713,12.75031681,5652228.988,0.060977903
辽源市,2017,301849,2106,700,1.229,13.3,1.7143,400182.231,12.8996753,5143865.066,0.077797964
辽源市,2018,324735,2985,750,1.229,13.3,1.7143,440085.54,12.9947244,4672028.115,0.094195824
辽源市,2019,341699,3638,722,1.229,13.3,1.7143,469571.1956,13.05957521,3046031.856,0.154158334
辽源市,2020,332700,3092,2160,1.229,13.3,1.7143,453714.788,13.02522406,3115979.511,0.145609041
辽源市,2021,303400,3528,4360,1.229,13.3,1.7143,427275.348,12.96518393,3341791.621,0.127858166
聊城市,2006,174444,1000,2300,1.229,13.3,1.7143,231634.566,12.35291626,8413300,0.027531951
聊城市,2007,328563,1686,2928,1.229,13.3,1.7143,431247.1974,12.97443675,9580205.651,0.045014399
聊城市,2008,270319,2512,2280,1.229,13.3,1.7143,369540.255,12.82001496,10760234.3,0.034343142
聊城市,2009,221403,5366,4600,1.229,13.3,1.7143,351357.867,12.76956055,11928877.63,0.029454394
聊城市,2010,426778,10190,4000,1.229,13.3,1.7143,666894.362,13.41038693,13498633.73,0.049404582
聊城市,2011,908471,14348,4500,1.229,13.3,1.7143,1315053.609,14.08938799,15351682.96,0.085661853
聊城市,2012,1163900,16740,5000,1.229,13.3,1.7143,1661646.6,14.3233196,17128677.52,0.097009626
聊城市,2013,1262090,15905,5200,1.229,13.3,1.7143,1771559.47,14.38737077,18737853.09,0.094544421
聊城市,2014,499881,16040,3600,1.229,13.3,1.7143,833857.229,13.63381748,20163125.49,0.041355554
聊城市,2015,483462,13703,1400,1.229,13.3,1.7143,778824.718,13.56554129,21129063.77,0.036860352
聊城市,2016,506688,16712,2100,1.229,13.3,1.7143,848589.182,13.65133046,22918736.59,0.037026002
聊城市,2017,2622638,35885,2020,1.229,13.3,1.7143,3703955.488,15.12491186,24171501.15,0.153236469
聊城市,2018,3017122,38426,1960,1.229,13.3,1.7143,4222468.766,15.25593053,25409511.38,0.166176701
聊城市,2019,3078439,46528,2730,1.229,13.3,1.7143,4406903.97,15.29868295,18125112.68,0.243138018
聊城市,2020,6525700,35376,6520,1.229,13.3,1.7143,8501763.336,15.95578415,18569788.1,0.457827698
聊城市,2021,6574500,44367,5667,1.229,13.3,1.7143,8679856.538,15.97651556,20242846.45,0.428786365
临沧市,2006,9535,14,352,1.229,13.3,1.7143,12508.1486,9.434135599,1032085.239,0.012119298
临沧市,2007,12397,14,3700,1.229,13.3,1.7143,21765.023,9.988059511,1145618.108,0.018998498
临沧市,2008,16872,14,3750,1.229,13.3,1.7143,27350.513,10.21649056,1357832.143,0.020142779
临沧市,2009,53701,14,800,1.229,13.3,1.7143,67556.169,11.12071466,1498061.751,0.045095717
临沧市,2010,30139,14,1902,1.229,13.3,1.7143,40487.6296,10.60875176,1655461.162,0.02445701
临沧市,2011,33083,14,3602,1.229,13.3,1.7143,47020.1156,10.75833078,1997784.227,0.023536133
临沧市,2012,37361,14,3702,1.229,13.3,1.7143,52449.2076,10.86760051,2512896.158,0.020872016
临沧市,2013,46196,14,3986,1.229,13.3,1.7143,63794.2838,11.06341887,2924832.124,0.021811263
临沧市,2014,50695,14,3986,1.229,13.3,1.7143,69323.5548,11.14654002,3335741.612,0.020782052
临沧市,2015,45715,14,4120,1.229,13.3,1.7143,63432.851,11.05773716,3577457.419,0.017731267
临沧市,2016,40236,14,4300,1.229,13.3,1.7143,57007.734,10.95094222,3805097.234,0.014981939
临沧市,2017,225793,14,4783,1.229,13.3,1.7143,285885.2939,12.56334594,4023149.996,0.071060063
临沧市,2018,264237,14,2110,1.229,13.3,1.7143,328550.646,12.70244628,4078268.3,0.080561312
临沧市,2019,334986,31,2201,1.229,13.3,1.7143,415883.2683,12.93815989,4839224.882,0.085940058
临沧市,2020,393000,48,2356,1.229,13.3,1.7143,487674.2908,13.09740303,5234523.885,0.093164976
临沧市,2021,398290,73,1904,1.229,13.3,1.7143,493733.3372,13.10975085,5608133.676,0.088038796
临汾市,2006,200133,36639,3256,1.229,13.3,1.7143,738843.9178,13.51284197,5887387,0.125496068
临汾市,2007,209152,32407,3256,1.229,13.3,1.7143,693642.6688,13.44971222,5915858.475,0.117251397
临汾市,2008,234993,33814,3256,1.229,13.3,1.7143,744114.3578,13.51995001,6037331,0.123252205
临汾市,2009,240705,45364,3723,1.229,13.3,1.7143,905549.9839,13.71629776,6540926.149,0.138443695
临汾市,2010,220486,21796,3800,1.229,13.3,1.7143,567378.434,13.24878179,6753047.692,0.084018129
临汾市,2011,278333,23467,3850,1.229,13.3,1.7143,660782.412,13.40117988,7748353.404,0.085280366
临汾市,2012,289765,26862,14600,1.229,13.3,1.7143,738414.565,13.51226069,8480494.995,0.087072107
临汾市,2013,296800,27396,4200,1.229,13.3,1.7143,736334.06,13.50943918,9030076.411,0.081542395
临汾市,2014,297718,27593,4075,1.229,13.3,1.7143,739868.0945,13.5142272,9306551.367,0.079499706
临汾市,2015,284278,11758,4221,1.229,13.3,1.7143,512995.1223,13.14802162,9374059.705,0.054724969
临汾市,2016,274214,12191,1333,1.229,13.3,1.7143,501434.4679,13.12522821,10035489.63,0.049966119
临汾市,2017,1736241,13963,2400,1.229,13.3,1.7143,2323662.409,14.65865512,9684592.254,0.239933943
临汾市,2018,1952304,10423,1978,1.229,13.3,1.7143,2541398.401,14.74822504,10219927.7,0.248670879
临汾市,2019,2119276,9493,1673,1.229,13.3,1.7143,2733715.128,14.82117209,10293610.18,0.26557399
临汾市,2020,2289000,5844,3052,1.229,13.3,1.7143,2896138.244,14.87888877,10613869.54,0.272863561
临汾市,2021,2245800,5801,2000,1.229,13.3,1.7143,2840670.1,14.85955053,11357454.5,0.250115032
临沂市,2006,928995,1392,37240,1.229,13.3,1.7143,1224088.987,14.01770744,14048600,0.087132454
临沂市,2007,1017863,3406,63889,1.229,13.3,1.7143,1405778.34,14.15610169,15513273.77,0.090617774
临沂市,2008,966199,10507,62760,1.229,13.3,1.7143,1434791.139,14.17652985,16820623.79,0.08529952
临沂市,2009,1145899,16583,59812,1.229,13.3,1.7143,1731399.483,14.36444059,17906773.93,0.096689638
临沂市,2010,1207960,12831,60919,1.229,13.3,1.7143,1759668.582,14.38063604,19968556.05,0.088121974
临沂市,2011,1397177,23825,60632,1.229,13.3,1.7143,2137944.471,14.5753554,22158292.65,0.096485072
临沂市,2012,1492600,31102,54422,1.229,13.3,1.7143,2341357.635,14.6662415,24038873.14,0.09739881
临沂市,2013,1623727,56767,44802,1.229,13.3,1.7143,2827365.652,14.85485597,26427764.66,0.106984669
临沂市,2014,1694523,49459,40222,1.229,13.3,1.7143,2809326.042,14.84845517,28603689.94,0.098215512
临沂市,2015,1486876,52080,39854,1.229,13.3,1.7143,2588356.316,14.76653361,29851202.09,0.086708613
临沂市,2016,1830310,51129,38094,1.229,13.3,1.7143,2994771.234,14.9123784,32277793.83,0.092781162
临沂市,2017,4378608,60050,32904,1.229,13.3,1.7143,6236381.559,15.64591069,34731548.79,0.179559558
临沂市,2018,4844029,57948,22526,1.229,13.3,1.7143,6762636.363,15.72692337,38030231.04,0.177822647
临沂市,2019,4871823,65606,23034,1.229,13.3,1.7143,6899517.453,15.74696203,36891822.27,0.18702024
临沂市,2020,3549200,73379,21205,1.229,13.3,1.7143,5374259.232,15.49713131,38510069.84,0.139554648
临沂市,2021,5597100,89850,17993,1.229,13.3,1.7143,8104686.3,15.90795301,41864320.36,0.193594121
柳州市,2006,547123,4627,56779,1.229,13.3,1.7143,831289.5067,13.6307334,5674672.608,0.146491184
柳州市,2007,575770,4760,74781,1.229,13.3,1.7143,899126.3983,13.7091789,6441022.077,0.139593746
柳州市,2008,634269,5187,56588,1.229,13.3,1.7143,945512.5094,13.7594824,7853423.712,0.120394944
柳州市,2009,669939,5703,53055,1.229,13.3,1.7143,990157.1175,13.80561891,8387915.062,0.118045678
柳州市,2010,724039,6194,54971,1.229,13.3,1.7143,1066460.916,13.87985617,9764696.223,0.109215985
柳州市,2011,748868,6832,37060,1.229,13.3,1.7143,1074756.33,13.88760452,11765552.23,0.091347717
柳州市,2012,739463,7296,56116,1.229,13.3,1.7143,1102036.486,13.91267038,13543954.98,0.081367406
柳州市,2013,774610,7877,52346,1.229,13.3,1.7143,1146496.538,13.95222136,14836450.27,0.077275663
柳州市,2014,860562,9019,49902,1.229,13.3,1.7143,1263130.397,14.04910364,16150817.78,0.078208448
柳州市,2015,832719,10053,46832,1.229,13.3,1.7143,1237400.649,14.02852349,16514664.76,0.074927385
柳州市,2016,1290795,10178,43137,1.229,13.3,1.7143,1795704.214,14.40090782,17265868.73,0.10400312
柳州市,2017,1768733,13058,39071,1.229,13.3,1.7143,2414423.672,14.69697117,18594673,0.129844912
柳州市,2018,1877710,14335,32902,1.229,13.3,1.7143,2554764.989,14.7534708,20186759.77,0.126556467
柳州市,2019,1891821,16810,29071,1.229,13.3,1.7143,2598457.424,14.77042853,20553397.6,0.126424715
柳州市,2020,1932300,19541,26586,1.229,13.3,1.7143,2680268.38,14.80142749,31770000,0.084364759
柳州市,2021,2050900,22759,23955,1.229,13.3,1.7143,2864316.857,14.86784044,19049407.98,0.150362513
六安市,2006,129500,160,4784,1.229,13.3,1.7143,169484.7112,12.040518,3563500,0.047561305
六安市,2007,128251,266,3684,1.229,13.3,1.7143,167473.7602,12.02858196,4065272.992,0.04119619
六安市,2008,86901,732,6545,1.229,13.3,1.7143,127757.0225,11.75788548,4685150.748,0.027268498
六安市,2009,111817,1290,7600,1.229,13.3,1.7143,167608.773,12.02938781,5077294.831,0.033011432
六安市,2010,178203,2328,7760,1.229,13.3,1.7143,263276.855,12.48096144,5509108.244,0.047789378
六安市,2011,201447,3287,7520,1.229,13.3,1.7143,304186.999,12.62539792,6172313.256,0.049282495
六安市,2012,188547,4752,7240,1.229,13.3,1.7143,307337.395,12.63570143,6815250.306,0.04509554
六安市,2013,239326,5609,7410,1.229,13.3,1.7143,381434.317,12.85169394,7369559.469,0.051758089
六安市,2014,137480,5609,7409,1.229,13.3,1.7143,256263.8687,12.45396293,7979118.463,0.032116815
六安市,2015,274086,6162,6700,1.229,13.3,1.7143,430292.104,12.97221957,7602708.973,0.056597208
六安市,2016,267031,6777,6031,1.229,13.3,1.7143,428654.1423,12.96840568,8168741.618,0.05247493
六安市,2017,784917,9828,2566,1.229,13.3,1.7143,1099774.287,13.91061552,8289411.27,0.132672183
六安市,2018,891788,10473,2040,1.229,13.3,1.7143,1238795.524,14.02965011,8614105.209,0.143810122
六安市,2019,1037547,13845,274,1.229,13.3,1.7143,1459753.481,14.19377813,10730613.71,0.136036346
六安市,2020,1190900,14286,279,1.229,13.3,1.7143,1654098.19,14.31876652,10947950.23,0.151087478
六安市,2021,1372300,16170,186,1.229,13.3,1.7143,1901936.56,14.45838317,12395424.88,0.153438593
六盘水市,2006,249342,1992,557,1.229,13.3,1.7143,333889.7831,12.71856623,2539238,0.131492118
六盘水市,2007,270000,1700,545,1.229,13.3,1.7143,355374.2935,12.78092686,2746072.923,0.12941182
六盘水市,2008,216418,2935,533,1.229,13.3,1.7143,305926.9439,12.63110161,3172041.684,0.096444806
六盘水市,2009,326696,2935,521,1.229,13.3,1.7143,441438.0343,12.99779294,3594409.79,0.122812384
六盘水市,2010,255416,3628,509,1.229,13.3,1.7143,363031.2427,12.80224418,4027199.319,0.090144841
六盘水市,2011,293428,4723,497,1.229,13.3,1.7143,424290.9191,12.95817463,4585673.895,0.092525314
六盘水市,2012,466527,6680,485,1.229,13.3,1.7143,663037.1185,13.40458625,5193376.575,0.127669756
六盘水市,2013,482367,8129,494,1.229,13.3,1.7143,701791.6072,13.46139178,5894853.866,0.11905157
六盘水市,2014,373769,8232,587,1.229,13.3,1.7143,569853.9951,13.25313546,6710780.072,0.084916208
六盘水市,2015,313769,5540,3000,1.229,13.3,1.7143,464447.001,13.04860273,7446548.38,0.062370776
六盘水市,2016,244264,2705,3650,1.229,13.3,1.7143,342434.151,12.74383466,8044909.419,0.042565321
六盘水市,2017,1427600,3580,3580,1.229,13.3,1.7143,1808271.594,14.40788203,8549853.164,0.211497386
六盘水市,2018,922025,4934,1225,1.229,13.3,1.7143,1200890.943,13.99857429,8627816.45,0.139188281
六盘水市,2019,1066212,5315,1283,1.229,13.3,1.7143,1383263.495,14.13995612,7098731.581,0.194860656
六盘水市,2020,1221500,5449,1066,1.229,13.3,1.7143,1575522.644,14.27009761,7386089.007,0.213309458
六盘水市,2021,4587000,6318,1225,1.229,13.3,1.7143,5723552.418,15.56010022,8046181.955,0.711337682
龙岩市,2006,278374,57,4928,1.229,13.3,1.7143,351327.8164,12.76947502,4500075,0.078071547
龙岩市,2007,319082,57,9863,1.229,13.3,1.7143,409818.0189,12.92346848,5101595.511,0.080331343
龙岩市,2008,316794,57,8836,1.229,13.3,1.7143,405245.4808,12.91224829,5973563.878,0.067839817
龙岩市,2009,305621,57,8940,1.229,13.3,1.7143,391692.151,12.87823148,7239767.115,0.054102866
龙岩市,2010,348570,57,8942,1.229,13.3,1.7143,444479.9006,13.00466011,8199303.442,0.054209471
龙岩市,2011,393085,171,8900,1.229,13.3,1.7143,500633.035,13.12362865,9664625.495,0.051800562
龙岩市,2012,411750,285,8904,1.229,13.3,1.7143,525095.3772,13.1713352,10582962.62,0.049617049
龙岩市,2013,413703,399,7589,1.229,13.3,1.7143,526757.5097,13.17449559,11346599.13,0.046424264
龙岩市,2014,412825,513,7248,1.229,13.3,1.7143,526610.0714,13.17421565,12325191.48,0.04272632
龙岩市,2015,539439,523,10002,1.229,13.3,1.7143,687072.8596,13.44019562,13385281.83,0.051330474
龙岩市,2016,546316,646,10118,1.229,13.3,1.7143,697359.4514,13.45505627,14331012,0.048660866
龙岩市,2017,1234020,1115,10013,1.229,13.3,1.7143,1548605.366,14.25286532,15333141.09,0.100997268
龙岩市,2018,1327500,2665,9541,1.229,13.3,1.7143,1683298.136,14.3362656,16211409.6,0.103834162
龙岩市,2019,1376416,2837,9978,1.229,13.3,1.7143,1746452.649,14.37309723,17830616.33,0.097946847
龙岩市,2020,1434200,3200,10358,1.229,13.3,1.7143,1822948.519,14.41596581,19029940.97,0.095793703
龙岩市,2021,1569600,9114,8330,1.229,13.3,1.7143,2064534.719,14.54041544,19596733.57,0.105350961
陇南市,2006,9755,3,580,1.229,13.3,1.7143,13023.089,9.474479138,934900,0.013929927
陇南市,2007,11181,3,593,1.229,13.3,1.7143,14797.9289,9.602242511,1033998.092,0.01431137
陇南市,2008,9645,3,587,1.229,13.3,1.7143,12899.8991,9.464974769,1078301.637,0.011963164
陇南市,2009,9746,3,571,1.229,13.3,1.7143,12996.5993,9.47244301,1307278.743,0.00994172
陇南市,2010,9754,3,571,1.229,13.3,1.7143,13006.4313,9.473199229,1441571.912,0.009022395
陇南市,2011,14410,3,581,1.229,13.3,1.7143,18745.7983,9.838724916,1559018.706,0.012024101
陇南市,2012,14861,3,596,1.229,13.3,1.7143,19325.7918,9.869195845,1779574.905,0.01085978
陇南市,2013,43294,3,596,1.229,13.3,1.7143,54269.9488,10.90172592,1960917.769,0.02767579
陇南市,2014,41970,196,858,1.229,13.3,1.7143,55658.7994,10.92699546,2075149.091,0.026821591
陇南市,2015,41970,205,940,1.229,13.3,1.7143,55919.072,10.93166078,2679541.48,0.020868896
陇南市,2016,47725,236,960,1.229,13.3,1.7143,63438.553,11.05782705,2951512.865,0.021493572
陇南市,2017,411260,231,980,1.229,13.3,1.7143,510190.854,13.14254016,2900209.504,0.175915172
陇南市,2018,444635,462,1300,1.229,13.3,1.7143,554829.605,13.22641633,3082512.981,0.179992626
陇南市,2019,440737,1240,1300,1.229,13.3,1.7143,560386.363,13.23638176,3570778.036,0.156936768
陇南市,2020,473400,455,1325,1.229,13.3,1.7143,590131.5475,13.28810075,3643686.479,0.161960023
陇南市,2021,512600,466,1338,1.229,13.3,1.7143,638476.9334,13.36684083,3822181.74,0.167045153
娄底市,2006,239028,1546,2800,1.229,13.3,1.7143,319127.252,12.67334521,3591162,0.088864622
娄底市,2007,256082,1652,2632,1.229,13.3,1.7143,341208.4156,12.74024876,3899903.689,0.087491498
娄底市,2008,249865,1825,3200,1.229,13.3,1.7143,336842.345,12.72737028,4560857.097,0.073855054
娄底市,2009,251756,1879,3287,1.229,13.3,1.7143,340033.7281,12.73680009,4946163.068,0.068746971
娄底市,2010,268596,1912,3158,1.229,13.3,1.7143,360947.8434,12.79648875,5551690.415,0.065015845
娄底市,2011,336532,1938,3265,1.229,13.3,1.7143,444970.4175,13.00576308,6436834.973,0.06912876
娄底市,2012,479343,841,4050,1.229,13.3,1.7143,607240.762,13.31668063,7568550.876,0.080232104
娄底市,2013,665939,3077,6050,1.229,13.3,1.7143,869734.646,13.67594344,8370276.877,0.103907512
娄底市,2014,682443,2765,6225,1.229,13.3,1.7143,886168.4645,13.69466235,9029309.322,0.098143549
娄底市,2015,593376,2767,6270,1.229,13.3,1.7143,776808.865,13.56294961,9477494.426,0.081963526
娄底市,2016,662228,3032,6360,1.229,13.3,1.7143,865106.76,13.6706082,10262842.63,0.084295043
娄底市,2017,1299290,4500,8850,1.229,13.3,1.7143,1671848.965,14.32944074,10193498.2,0.164011307
娄底市,2018,1425955,4580,8950,1.229,13.3,1.7143,1828755.68,14.41914634,11163977.03,0.163808621
娄底市,2019,1453289,5490,9060,1.229,13.3,1.7143,1874640.739,14.44392759,11653477.97,0.160865344
娄底市,2020,1507000,5599,9080,1.229,13.3,1.7143,1942135.544,14.47929872,11824376.76,0.164248449
娄底市,2021,1673300,5610,9085,1.229,13.3,1.7143,2146673.116,14.57942981,12639257.64,0.169841709
泸州市,2006,205508,14900,2012,1.229,13.3,1.7143,454188.5036,13.0262676,3049174.187,0.148954594
泸州市,2007,209847,105439,2191,1.229,13.3,1.7143,1663996.694,14.32473291,3418420.452,0.48677356
泸州市,2008,217957,69528,1936,1.229,13.3,1.7143,1195910.438,13.99441833,4429001.404,0.270018076
泸州市,2009,228855,71021,1901,1.229,13.3,1.7143,1229100.979,14.02179355,4853858.79,0.253221413
泸州市,2010,263020,71788,2161,1.229,13.3,1.7143,1281736.582,14.06372642,5556155.539,0.230687671
泸州市,2011,318069,74563,2225,1.229,13.3,1.7143,1386409.019,14.14222752,6882782.908,0.201431461
泸州市,2012,295688,75532,2274,1.229,13.3,1.7143,1371874.47,14.13168859,7812477.279,0.175600443
泸州市,2013,366134,79057,2297,1.229,13.3,1.7143,1505374.533,14.22455228,8610966.963,0.174820614
泸州市,2014,413954,79813,2255,1.229,13.3,1.7143,1574128.113,14.2692121,9772053.873,0.161084674
泸州市,2015,402039,80524,2149,1.229,13.3,1.7143,1568759.162,14.26579552,10362595.4,0.151386704
泸州市,2016,449788,81152,2147,1.229,13.3,1.7143,1635791.654,14.30763744,10723115.19,0.152548175
泸州市,2017,770637,85730,2147,1.229,13.3,1.7143,2091002.475,14.55315416,11021276.2,0.18972417
泸州市,2018,887783,80215,2147,1.229,13.3,1.7143,2161625.409,14.586371,11630757.32,0.185854227
泸州市,2019,963831,87107,2147,1.229,13.3,1.7143,2346752.001,14.6685428,14140624.12,0.165958163
泸州市,2020,1049000,58456,1754,1.229,13.3,1.7143,2069692.682,14.54291069,21570000,0.095952373
泸州市,2021,1193700,64976,1138,1.229,13.3,1.7143,2333188.973,14.66274655,15894395.26,0.146793189
洛阳市,2006,928579,18695,25925,1.229,13.3,1.7143,1434310.319,14.17619468,13336460,0.107548054
洛阳市,2007,1587564,24196,22958,1.229,13.3,1.7143,2312279.855,14.65374455,14771808.23,0.156533298
洛阳市,2008,1843169,27117,26868,1.229,13.3,1.7143,2671970.613,14.79832682,16639854.98,0.160576556
洛阳市,2009,1958609,31216,27052,1.229,13.3,1.7143,2868678.505,14.86936203,17806857.94,0.161099646
洛阳市,2010,2809681,33924,28005,1.229,13.3,1.7143,3952296.121,15.18980726,19644572.53,0.201190233
洛阳市,2011,2386096,38509,27932,1.229,13.3,1.7143,3492565.512,15.06614713,22061407.07,0.158311095
洛阳市,2012,2471959,29794,22235,1.229,13.3,1.7143,3472415.272,15.06036095,24346182.65,0.142626683
洛阳市,2013,2440217,21949,22123,1.229,13.3,1.7143,3328873.852,15.01814462,25597976.52,0.130044414
洛阳市,2014,1877765,21949,21875,1.229,13.3,1.7143,2637195.198,14.78522649,26671758.1,0.098875942
洛阳市,2015,1600727,22306,20316,1.229,13.3,1.7143,2298791.002,14.64789389,28469613.95,0.080745422
洛阳市,2016,1749908,24518,18864,1.229,13.3,1.7143,2509064.887,14.73542069,31254037.04,0.080279705
洛阳市,2017,4181000,40701,15148,1.229,13.3,1.7143,5705740.516,15.55698333,33975419.2,0.16793731
洛阳市,2018,4354348,45000,16818,1.229,13.3,1.7143,5978824.789,15.60373458,35497536.13,0.16842929
洛阳市,2019,4422312,49000,64780,1.229,13.3,1.7143,6197773.802,15.63970072,38235995.45,0.162092649
洛阳市,2020,4220900,31438,14805,1.229,13.3,1.7143,5630991.712,15.54379613,38530870.79,0.146142342
洛阳市,2021,4527800,83001,15803,1.229,13.3,1.7143,6695670.583,15.71697169,41086727.58,0.162964319
漯河市,2006,175370,1040,11995,1.229,13.3,1.7143,249924.7585,12.42891519,3802783,0.065721541
漯河市,2007,203675,1064,11895,1.229,13.3,1.7143,284859.3735,12.55975091,4046604.3,0.07039467
漯河市,2008,196387,1329,10685,1.229,13.3,1.7143,277352.6185,12.53304497,4769800.152,0.058147639
漯河市,2009,245701,1705,10595,1.229,13.3,1.7143,342806.0375,12.74492008,5264272.62,0.065119355
漯河市,2010,249138,1749,10685,1.229,13.3,1.7143,347769.5975,12.75929546,5761470.748,0.060361254
漯河市,2011,272126,1818,10500,1.229,13.3,1.7143,376622.404,12.83899838,6135794.409,0.061381197
漯河市,2012,336810,1967,10505,1.229,13.3,1.7143,458109.3115,13.03486311,6509935.256,0.070370794
漯河市,2013,351731,2123,9512,1.229,13.3,1.7143,476819.7206,13.07489375,7021729.871,0.067906304
漯河市,2014,318798,8426,8751,1.229,13.3,1.7143,518870.3813,13.15940938,7642512.882,0.067892641
漯河市,2015,339775,9184,14400,1.229,13.3,1.7143,564416.595,13.2435479,8148118.3,0.069269563
漯河市,2016,366820,9184,14400,1.229,13.3,1.7143,597654.9,13.30076878,8851726.267,0.067518457
漯河市,2017,593742,9233,15400,1.229,13.3,1.7143,878908.038,13.68643555,9226333.189,0.095260817
漯河市,2018,593724,9233,15400,1.229,13.3,1.7143,878885.916,13.68641038,9459289.237,0.092912469
漯河市,2019,766824,11998,31025,1.229,13.3,1.7143,1155186.254,13.95977215,11983396.39,0.096398902
漯河市,2020,770900,12205,21616,1.229,13.3,1.7143,1146818.909,13.9525025,11826753.24,0.096968195
漯河市,2021,814700,13389,11981,1.229,13.3,1.7143,1199879.028,13.9977313,12981505.08,0.092429886
吕梁市,2006,30341,1390,1120,1.229,13.3,1.7143,57696.105,10.96294495,4057513,0.014219574
吕梁市,2007,50491,1714,1015,1.229,13.3,1.7143,86589.6535,11.36893561,4563729.339,0.018973442
吕梁市,2008,49516,2460,1200,1.229,13.3,1.7143,95630.324,11.46824525,5037382.523,0.01898413
吕梁市,2009,55245,2785,1250,1.229,13.3,1.7143,107079.48,11.58132664,5216261.044,0.020528014
吕梁市,2010,47953,2837,1250,1.229,13.3,1.7143,98809.212,11.50094612,6414654.868,0.015403668
吕梁市,2011,70190,2657,1420,1.229,13.3,1.7143,124035.916,11.72832645,7711895.012,0.016083714
吕梁市,2012,76000,3340,1420,1.229,13.3,1.7143,140260.306,11.8512553,8545332.842,0.016413674
吕梁市,2013,86600,2488,1420,1.229,13.3,1.7143,141956.106,11.86327318,9064731.296,0.015660266
吕梁市,2014,79600,1800,1420,1.229,13.3,1.7143,124202.706,11.72967024,8448232.945,0.014701619
吕梁市,2015,78185,1822,1420,1.229,13.3,1.7143,122756.271,11.71795613,7716535.185,0.015908211
吕梁市,2016,84650,1890,1420,1.229,13.3,1.7143,131606.156,11.78756907,8287919.178,0.015879276
吕梁市,2017,1665715,1890,1420,1.229,13.3,1.7143,2074735.041,14.54534401,9611181.588,0.215866803
吕梁市,2018,1968428,1480,1420,1.229,13.3,1.7143,2441316.318,14.70804793,10079950.8,0.242195261
吕梁市,2019,2146065,1594,1420,1.229,13.3,1.7143,2661148.391,14.79426831,10711588.84,0.248436383
吕梁市,2020,2337000,1779,1420,1.229,13.3,1.7143,2898268.006,14.87962388,10846598.91,0.267205235
吕梁市,2021,2847100,1712,1420,1.229,13.3,1.7143,3524289.806,15.0751895,12321261.54,0.286033195
马鞍山市,2006,487126,4490,2000,1.229,13.3,1.7143,661823.454,13.40275411,4289000,0.15430717
马鞍山市,2007,588043,5942,3665,1.229,13.3,1.7143,808016.3565,13.60233758,4969403.752,0.162598251
马鞍山市,2008,931480,7767,3625,1.229,13.3,1.7143,1254304.358,14.04209168,5583253.434,0.224654742
马鞍山市,2009,915470,9510,2244,1.229,13.3,1.7143,1255442.519,14.04299867,5789020.699,0.216866131
马鞍山市,2010,972025,13136,2286,1.229,13.3,1.7143,1373246.415,14.13268814,6608238.734,0.207808233
马鞍山市,2011,992016,14001,2328,1.229,13.3,1.7143,1409391.854,14.15866886,8601796.107,0.163848554
马鞍山市,2012,1043359,15948,2370,1.229,13.3,1.7143,1498459.502,14.21994814,9144400.324,0.16386635
马鞍山市,2013,1122121,18962,2412,1.229,13.3,1.7143,1635416.201,14.30740789,9431098.547,0.173406756
马鞍山市,2014,1225297,21877,2454,1.229,13.3,1.7143,1801061.005,14.4038865,9707086.453,0.185540843
马鞍山市,2015,1252880,22237,2496,1.229,13.3,1.7143,1839820.513,14.42517858,10211637.43,0.180169001
马鞍山市,2016,1304915,22953,2538,1.229,13.3,1.7143,1913366.328,14.46437472,11011313.9,0.173763671
马鞍山市,2017,1970956,24495,2580,1.229,13.3,1.7143,2752511.318,14.82802426,12136157.97,0.226802529
马鞍山市,2018,2057085,27100,2622,1.229,13.3,1.7143,2893082.36,14.87783305,12827659.22,0.225534707
马鞍山市,2019,2105572,29800,2664,1.229,13.3,1.7143,2988654.883,14.91033397,13982917,0.213736153
马鞍山市,2020,2139000,30209,2706,1.229,13.3,1.7143,3035249.596,14.92580422,14337225.84,0.211704107
马鞍山市,2021,2354100,34020,2165,1.229,13.3,1.7143,3349366.36,15.02428174,15721498.33,0.213043712
茂名市,2006,295602,7,30247,1.229,13.3,1.7143,415240.3901,12.93661288,8682465.145,0.047825172
茂名市,2007,352799,7,30367,1.229,13.3,1.7143,485741.2191,13.09343129,9209232.854,0.052745025
茂名市,2008,362791,7,30505,1.229,13.3,1.7143,498257.9605,13.11887321,11188292.64,0.044533869
茂名市,2009,368570,7,90829,1.229,13.3,1.7143,608773.7847,13.31920202,10930688.67,0.055694001
茂名市,2010,398718,36,81404,1.229,13.3,1.7143,630054.0992,13.35356097,12636839.28,0.04985852
茂名市,2011,415329,163,37513,1.229,13.3,1.7143,576915.7769,13.26545157,14903385.74,0.038710383
茂名市,2012,432387,561,33056,1.229,13.3,1.7143,595532.8238,13.29721179,16361256.53,0.036398966
茂名市,2013,480736,887,33124,1.229,13.3,1.7143,659406.1172,13.39909489,18041344.03,0.036549722
茂名市,2014,654498,1299,42159,1.229,13.3,1.7143,893927.9157,13.70338042,19328460.55,0.046249308
茂名市,2015,671829,1439,41415,1.229,13.3,1.7143,915814.2755,13.72756887,19676110.86,0.046544476
茂名市,2016,690614,2336,10580,1.229,13.3,1.7143,897970.7,13.70789272,20444472.89,0.043922419
茂名市,2017,1069381,2589,24403,1.229,13.3,1.7143,1390537.012,14.14520057,22052138.99,0.063056786
茂名市,2018,1151803,2842,38226,1.229,13.3,1.7143,1518895.319,14.23349386,23079337.55,0.065811911
茂名市,2019,1236283,3016,32120,1.229,13.3,1.7143,1614567.923,14.29457794,24208606.73,0.066693963
茂名市,2020,1333800,3101,23576,1.229,13.3,1.7143,1720899.837,14.35835787,32790000,0.052482459
茂名市,2021,1528700,4433,42931,1.229,13.3,1.7143,2011327.813,14.51430567,26427980.31,0.076105998
眉山市,2006,320647,1412,5176,1.229,13.3,1.7143,421727.9798,12.95211579,2586095.645,0.163075167
眉山市,2007,399047,1734,4345,1.229,13.3,1.7143,520939.5965,13.16338938,2909360.252,0.179056408
眉山市,2008,413014,2968,4258,1.229,13.3,1.7143,554368.0954,13.22558418,3595224.45,0.154195685
眉山市,2009,174748,7237,2906,1.229,13.3,1.7143,315999.1478,12.6634948,3843808.644,0.082209906
眉山市,2010,224784,10865,3110,1.229,13.3,1.7143,426095.509,12.9624188,4292604.318,0.099262703
眉山市,2011,452998,8530,2760,1.229,13.3,1.7143,674915.01,13.42234205,5144420.411,0.131193595
眉山市,2012,528579,4409,2510,1.229,13.3,1.7143,712566.184,13.47662808,5877363.096,0.121239095
眉山市,2013,536971,4790,2259,1.229,13.3,1.7143,727516.9627,13.49739259,6493570.21,0.112036513
眉山市,2014,185111,5632,804,1.229,13.3,1.7143,303785.3162,12.62407653,7329761.635,0.041445456
眉山市,2015,188956,6093,771,1.229,13.3,1.7143,314585.5493,12.65901133,7885289.478,0.039895244
眉山市,2016,254876,10917,834,1.229,13.3,1.7143,459868.4302,13.03869571,8084296.735,0.05688416
眉山市,2017,1000374,9583,679,1.229,13.3,1.7143,1358077.556,14.1215807,8170621.157,0.166214726
眉山市,2018,1142464,12421,545,1.229,13.3,1.7143,1570221.85,14.26672747,8618718.77,0.182187387
眉山市,2019,1228204,14393,479,1.229,13.3,1.7143,1701710.766,14.34714464,9377251.942,0.181472224
眉山市,2020,1319700,15568,265,1.229,13.3,1.7143,1829419.99,14.41950953,14240000,0.128470505
眉山市,2021,1480300,15708,251,1.229,13.3,1.7143,2028635.389,14.5228739,10226319.15,0.198373956
梅州市,2006,60535,368,4401,1.229,13.3,1.7143,86836.5493,11.37178289,3284798.96,0.026435879
梅州市,2007,105388,1420,24000,1.229,13.3,1.7143,189551.052,12.15241367,3690736.236,0.051358602
梅州市,2008,111071,309,19860,1.229,13.3,1.7143,174661.957,12.07060771,4390320.76,0.039783416
梅州市,2009,119546,311,23950,1.229,13.3,1.7143,192115.819,12.16585369,4610066.871,0.041673109
梅州市,2010,121340,418,23000,1.229,13.3,1.7143,194115.16,12.17620687,5190395.402,0.037398916
梅州市,2011,129406,565,22300,1.229,13.3,1.7143,204783.364,12.22970794,6041719.093,0.033894883
梅州市,2012,167565,553,22243,1.229,13.3,1.7143,251423.4599,12.43489389,6303742.216,0.039884794
梅州市,2013,193299,375,21253,1.229,13.3,1.7143,278985.9889,12.53891684,6681581.351,0.041754485
梅州市,2014,268178,1023,20501,1.229,13.3,1.7143,378341.5263,12.84355258,7288920.431,0.051906387
梅州市,2015,287630,979,22160,1.229,13.3,1.7143,404506.858,12.91042397,7721814.132,0.052384951
梅州市,2016,388782,1362,19986,1.229,13.3,1.7143,530189.6778,13.1809901,8106993.38,0.065399052
梅州市,2017,895179,1775,8702,1.229,13.3,1.7143,1138700.33,13.94539811,8166308.606,0.139438807
梅州市,2018,991057,2990,4900,1.229,13.3,1.7143,1266176.123,14.05151199,8286391.485,0.152801871
梅州市,2019,1046715,2777,20172,1.229,13.3,1.7143,1357927.695,14.12147034,8836290.339,0.15367622
梅州市,2020,1120700,3238,12785,1.229,13.3,1.7143,1442323.026,14.18176558,12080000,0.119397601
梅州市,2021,1234100,6796,10007,1.229,13.3,1.7143,1624250.7,14.30055716,9347700.987,0.173759377
绵阳市,2006,252766,33522,720,1.229,13.3,1.7143,757726.31,13.53807753,5164667.696,0.146713468
绵阳市,2007,226789,34852,1847,1.229,13.3,1.7143,745421.5931,13.52170523,5700207.24,0.130770964
绵阳市,2008,205056,33970,1674,1.229,13.3,1.7143,706684.5622,13.46833968,6473902.923,0.109158968
绵阳市,2009,257627,37274,2340,1.229,13.3,1.7143,816379.245,13.61263429,6774934.59,0.120499945
绵阳市,2010,288581,36244,3340,1.229,13.3,1.7143,842437.011,13.64405417,7463681.977,0.112871504
绵阳市,2011,316983,38323,4298,1.229,13.3,1.7143,906636.0684,13.7174964,9085044.906,0.099794341
绵阳市,2012,336741,41584,3932,1.229,13.3,1.7143,973662.5166,13.78882003,10208018.33,0.095382129
绵阳市,2013,476195,46663,3602,1.229,13.3,1.7143,1212036.464,14.00781253,10986611.6,0.110319406
绵阳市,2014,484537,48271,4813,1.229,13.3,1.7143,1245751.199,14.03524928,12255615.48,0.10164738
绵阳市,2015,489624,39936,4158,1.229,13.3,1.7143,1140024.755,13.94656054,13018824.69,0.08756741
绵阳市,2016,614292,46102,4161,1.229,13.3,1.7143,1375254.67,14.13414949,13244937.54,0.103832477
绵阳市,2017,953728,47556,3697,1.229,13.3,1.7143,1810964.279,14.40937001,14325428.86,0.12641606
绵阳市,2018,1181301,52041,2957,1.229,13.3,1.7143,2149033.414,14.58052872,15808638.88,0.135940446
绵阳市,2019,1154644,56124,3011,1.229,13.3,1.7143,2170668.433,14.59054571,19406834.45,0.111850721
绵阳市,2020,1289000,62258,2954,1.229,13.3,1.7143,2417276.442,14.69815203,30100000,0.080308187
绵阳市,2021,1432700,57931,3978,1.229,13.3,1.7143,2538090.085,14.74692242,22130600.22,0.114686907
牡丹江市,2006,307455,1150,25006,1.229,13.3,1.7143,436024.9808,12.98545482,3470888,0.125623466
牡丹江市,2007,354609,1300,19257,1.229,13.3,1.7143,486116.7361,13.09420407,3983048.977,0.122046387
牡丹江市,2008,362341,1450,19006,1.229,13.3,1.7143,497184.0748,13.11671561,4578980.96,0.108579634
牡丹江市,2009,294117,1600,20005,1.229,13.3,1.7143,417044.3645,12.94094788,6195156.576,0.067317809
牡丹江市,2010,324664,1750,20005,1.229,13.3,1.7143,456581.6275,13.03152277,7309146.055,0.062467164
牡丹江市,2011,255198,1900,20001,1.229,13.3,1.7143,373196.0563,12.82985918,8332602.431,0.044787455
牡丹江市,2012,221626,1940,19001,1.229,13.3,1.7143,330753.7683,12.70912948,8522485.012,0.038809545
牡丹江市,2013,268603.5,2015,18041,1.229,13.3,1.7143,387840.8878,12.86835045,10567623.14,0.036700863
牡丹江市,2014,315581,2446,18021,1.229,13.3,1.7143,451274.2493,13.01983053,11260682.58,0.040075213
牡丹江市,2015,362558.5,2719,17841,1.229,13.3,1.7143,512331.9228,13.14672798,12813282.41,0.03998444
牡丹江市,2016,409536,2795,10960,1.229,13.3,1.7143,559281.972,13.23440905,13722436.82,0.040756753
牡丹江市,2017,456513.5,2794,8813,1.229,13.3,1.7143,613323.4174,13.32664767,13811764.99,0.044405868
牡丹江市,2018,503491,3249,8749,1.229,13.3,1.7143,677000.5497,13.42542736,13401627.66,0.050516293
牡丹江市,2019,524946,3331,7797,1.229,13.3,1.7143,702827.3311,13.46286652,8371856.388,0.083951193
牡丹江市,2020,546401,3311,7739,1.229,13.3,1.7143,728830.0967,13.49919592,8431392.01,0.08644244
牡丹江市,2021,560500,3627,9126,1.229,13.3,1.7143,752738.3018,13.53147291,8673736.233,0.086783628
南昌市,2006,563881,6194,53765,1.229,13.3,1.7143,867559.2885,13.67343913,11838973,0.073279945
南昌市,2007,728628,7753,73271,1.229,13.3,1.7143,1124207.187,13.93258862,12790339.1,0.087895026
南昌市,2008,876851,10197,68233,1.229,13.3,1.7143,1330241.811,14.1008713,14421561.57,0.09223979
南昌市,2009,906520,10197,60043,1.229,13.3,1.7143,1352664.895,14.1175872,16422067.78,0.082368732
南昌市,2010,1008000,18483,87615,1.229,13.3,1.7143,1634854.295,14.30706424,18227297.54,0.089692632
南昌市,2011,1150000,12792,85194,1.229,13.3,1.7143,1729531.674,14.36336122,20280978.42,0.085278513
南昌市,2012,1217000,20213,73772,1.229,13.3,1.7143,1890993.24,14.45261277,22721911.36,0.083223335
南昌市,2013,1494124,16004,81358,1.229,13.3,1.7143,2188603.615,14.59877428,24911144.61,0.087856405
南昌市,2014,1135203,25823,66044,1.229,13.3,1.7143,1851829.616,14.43168469,27423944.15,0.067526013
南昌市,2015,1321467,23932,46283,1.229,13.3,1.7143,2021721.49,14.51945993,30463789,0.066364742
南昌市,2016,1473811,30735,49607,1.229,13.3,1.7143,2305130.499,14.65064785,32991566.64,0.069870295
南昌市,2017,2059733,44652,38869,1.229,13.3,1.7143,3191916.584,14.9761321,36106942.07,0.088401742
南昌市,2018,2300011,42523,20265,1.229,13.3,1.7143,3427009.709,15.04719863,38253978.28,0.089585707
南昌市,2019,2471959,43995,19657,1.229,13.3,1.7143,3656869.106,15.1121179,40327392.71,0.090679532
南昌市,2020,2540000,49133,19530,1.229,13.3,1.7143,3808609.179,15.15277464,41268394.82,0.092288765
南昌市,2021,2807400,36422,35682,1.229,13.3,1.7143,3995876.853,15.2007736,44805879.18,0.089181976
南充市,2006,155431,11613,5291,1.229,13.3,1.7143,354547.9603,12.77859891,3650929.035,0.09711171
南充市,2007,213590,8255,5291,1.229,13.3,1.7143,381363.9713,12.8515095,4300601.034,0.088676901
南充市,2008,209123,8270,5291,1.229,13.3,1.7143,376073.5283,12.83753996,5243721.595,0.071718821
南充市,2009,184096,8440,5327,1.229,13.3,1.7143,347638.0601,12.75891716,5668942.748,0.061323262
南充市,2010,206736,8940,5350,1.229,13.3,1.7143,382152.049,12.85357384,6434612.713,0.059390062
南充市,2011,240359,10300,5467,1.229,13.3,1.7143,441763.2891,12.99852947,7865413.952,0.056165294
南充市,2012,243093,11685,5480,1.229,13.3,1.7143,463566.161,13.0467044,8949006.763,0.05180085
南充市,2013,250618,16396,5810,1.229,13.3,1.7143,536036.405,13.19195736,10030959.97,0.053438196
南充市,2014,255705,16730,5810,1.229,13.3,1.7143,546730.528,13.21171132,11108544.15,0.049217118
南充市,2015,249609,17320,5825,1.229,13.3,1.7143,547111.2585,13.21240746,11609006.44,0.047128173
南充市,2016,342552,19003,5825,1.229,13.3,1.7143,683722.1055,13.43530684,11949545.35,0.057217416
南充市,2017,657012,20620,5867,1.229,13.3,1.7143,1091771.546,13.90331221,12620531.94,0.08650757
南充市,2018,749135,21785,5877,1.229,13.3,1.7143,1220502.356,14.0147731,13765240.67,0.08866553
南充市,2019,789909,22290,5877,1.229,13.3,1.7143,1277330.102,14.0602826,15778245.66,0.080955141
南充市,2020,75100,24055,4704,1.229,13.3,1.7143,420293.4672,12.94870848,24010000,0.017504934
南充市,2021,928800,29390,4704,1.229,13.3,1.7143,1540446.267,14.24758272,17189200.53,0.089617098
南京市,2006,2602292,1429512,168276,1.229,13.3,1.7143,22499202.01,16.9289904,27737800,0.811138663
南京市,2007,2870984,1650773,165489,1.229,13.3,1.7143,25767418.03,17.06462138,30837474.37,0.835587822
南京市,2008,2977009,1580508,133368,1.229,13.3,1.7143,24908133.22,17.03070494,33553226.22,0.742346893
南京市,2009,3224717,1757470,154454,1.229,13.3,1.7143,27602308.69,17.13340998,37938973.5,0.727544953
南京市,2010,3547502,1976114,146476,1.229,13.3,1.7143,30893299.96,17.24604989,43196245.15,0.715184847
南京市,2011,3789004,67921,130752,1.229,13.3,1.7143,5784183.37,15.57063775,48665155.28,0.118856774
南京市,2012,4039334,82413,114673,1.229,13.3,1.7143,6257018.31,15.64921432,57154070.05,0.109476338
南京市,2013,4626718,86128,119147,1.229,13.3,1.7143,7035992.524,15.76654932,63114466.17,0.111479871
南京市,2014,4704973,95177,109278,1.229,13.3,1.7143,7235601.192,15.79452401,69083160.36,0.104737553
南京市,2015,4951753,104382,88285,1.229,13.3,1.7143,7625332.013,15.84698642,75223881.66,0.1013685
南京市,2016,5247900,116394,84795,1.229,13.3,1.7143,8143073.369,15.91267823,80712996.49,0.100889246
南京市,2017,5569607,122080,79917,1.229,13.3,1.7143,8605712.716,15.96793681,86935066.03,0.098990121
南京市,2018,6064005,138361,74924,1.229,13.3,1.7143,9421305.658,16.05848424,93519914.09,0.100741171
南京市,2019,6215300,143428,77511,1.229,13.3,1.7143,9679073.207,16.08547671,102402701.2,0.094519706
南京市,2020,6329400,140684,59267,1.229,13.3,1.7143,9751531.218,16.09293488,107712813.1,0.090532695
南京市,2021,6835700,153394,56080,1.229,13.3,1.7143,10537353.44,16.17043697,113290521.1,0.093011784
南宁市,2006,561969,618,70971,1.229,13.3,1.7143,820544.8863,13.61772389,7934314.51,0.103417237
南宁市,2007,659089,618,79048,1.229,13.3,1.7143,953751.7674,13.76815871,9118398.882,0.104596408
南宁市,2008,719178,1966,82065,1.229,13.3,1.7143,1050701.592,13.86496868,11360948.39,0.092483616
南宁市,2009,792994,2849,84135,1.229,13.3,1.7143,1156713.957,13.96109375,12226116.96,0.094610084
南宁市,2010,854042,4235,86406,1.229,13.3,1.7143,1254068.924,14.04190396,13364892.42,0.093833073
南宁市,2011,912268,5517,89305,1.229,13.3,1.7143,1347649.034,14.11387218,16470538.55,0.081821795
南宁市,2012,1012123,6554,93000,1.229,13.3,1.7143,1490497.267,14.21462036,18621800.82,0.080040447
南宁市,2013,1067842,9456,90675,1.229,13.3,1.7143,1593586.771,14.28149786,20693295.23,0.077009812
南宁市,2014,1108120,12588,60265,1.229,13.3,1.7143,1632612.17,14.30569185,23023502.67,0.070910677
南宁市,2015,1167542,18745,53061,1.229,13.3,1.7143,1775180.09,14.38941244,24500135.47,0.07245593
南宁市,2016,1488748,22048,61410,1.229,13.3,1.7143,2228184.855,14.61669785,25814601.87,0.086314903
南宁市,2017,1962368,31489,62941,1.229,13.3,1.7143,2938453.728,14.89339406,27793259.38,0.105725409
南宁市,2018,2226441,25780,108983,1.229,13.3,1.7143,3265999.546,14.99907641,26620694.7,0.122686488
南宁市,2019,2503122,28642,110753,1.229,13.3,1.7143,3647139.406,15.10945369,29614502.24,0.123153831
南宁市,2020,2623400,31078,108650,1.229,13.3,1.7143,3823754.695,15.1567434,47260000,0.080908902
南宁市,2021,2959300,35413,488610,1.229,13.3,1.7143,4945596.723,15.41400819,31911029.85,0.154980793
南平市,2006,235341,10,4490,1.229,13.3,1.7143,297064.296,12.60170388,3931859,0.075553141
南平市,2007,265216,10,4200,1.229,13.3,1.7143,333283.524,12.71674883,4300917.175,0.077491268
南平市,2008,292941,10,4300,1.229,13.3,1.7143,367528.979,12.81455745,4964098.562,0.074037406
南平市,2009,289587,10,4100,1.229,13.3,1.7143,363064.053,12.80233455,5456088.405,0.06654292
南平市,2010,342977,10,4500,1.229,13.3,1.7143,429366.083,12.97006517,6029326.098,0.071212948
南平市,2011,477792,1603,4200,1.229,13.3,1.7143,615726.328,13.33055787,6958175.035,0.088489629
南平市,2012,448320,1675,4355,1.229,13.3,1.7143,580728.5565,13.27203873,7673701.806,0.075677759
南平市,2013,441351,1552,5070,1.229,13.3,1.7143,571753.48,13.2564632,8478494.117,0.067435735
南平市,2014,434571,1959,5645,1.229,13.3,1.7143,569819.6825,13.25307524,9370484.281,0.060810057
南平市,2015,392724,2244,8480,1.229,13.3,1.7143,527040.26,13.17503222,10313639.75,0.051101287
南平市,2016,465481,2760,8021,1.229,13.3,1.7143,622534.5493,13.34155441,11020320.5,0.056489695
南平市,2017,1110247,375,6881,1.229,13.3,1.7143,1381277.161,14.13851911,11619723.86,0.118873493
南平市,2018,1230831,742,6859,1.229,13.3,1.7143,1534318.283,14.24359672,12141905.3,0.126365529
南平市,2019,1165297,1215,6595,1.229,13.3,1.7143,1459615.322,14.19368348,13258151.45,0.110091918
南平市,2020,1155300,1593,6259,1.229,13.3,1.7143,1451780.404,14.18830123,13303062.18,0.109131295
南平市,2021,1278200,2432,5350,1.229,13.3,1.7143,1612424.905,14.29324976,13467190.69,0.119729864
南通市,2006,610507,6313,36000,1.229,13.3,1.7143,895990.803,13.70568543,17583400,0.05095663
南通市,2007,697470,8023,33700,1.229,13.3,1.7143,1021668.44,13.83694757,19832643.17,0.051514487
南通市,2008,685465,4889,29040,1.229,13.3,1.7143,957243.457,13.77181303,22310717.81,0.042905095
南通市,2009,957646,4877,33693,1.229,13.3,1.7143,1299570.944,14.07754472,25764659.06,0.05044006
南通市,2010,1097437,5487,37434,1.229,13.3,1.7143,1485900.279,14.2115314,29178355.75,0.050924743
南通市,2011,1180261,7866,38022,1.229,13.3,1.7143,1620339.684,14.29814637,32310453.78,0.050149085
南通市,2012,858332,10110,39821,1.229,13.3,1.7143,1257618.168,14.04473015,36179131.01,0.034760873
南通市,2013,1344137,15761,30490,1.229,13.3,1.7143,1913834.68,14.46461947,39694918.41,0.048213594
南通市,2014,1368629,114857,24869,1.229,13.3,1.7143,3252276.068,14.99486564,44271256.95,0.073462474
南通市,2015,1429832,23415,23129,1.229,13.3,1.7143,2108333.073,14.56140818,47579170.73,0.044312102
南通市,2016,1515006,24440,19737,1.229,13.3,1.7143,2220829.513,14.61339134,52011869.24,0.042698514
南通市,2017,4005524,29555,18389,1.229,13.3,1.7143,5347394.759,15.49212004,57397005.27,0.093165048
南通市,2018,4333129,53079,19133,1.229,13.3,1.7143,6064165.943,15.61790757,61471741.6,0.098649652
南通市,2019,4515500,38878,19213,1.229,13.3,1.7143,6099563.746,15.62372781,68480118.69,0.089070578
南通市,2020,2729000,51436,31510,1.229,13.3,1.7143,4092057.393,15.22455843,72952206.27,0.056092305
南通市,2021,5417000,62827,45161,1.229,13.3,1.7143,7570511.602,15.83977121,76378978.76,0.099117738
南阳市,2006,427735,2002,12457,1.229,13.3,1.7143,573667.9501,13.25980602,12030522,0.047684377
南阳市,2007,456018,1848,15903,1.229,13.3,1.7143,612287.0349,13.32495646,12744080.06,0.04804482
南阳市,2008,565913,1642,17237,1.229,13.3,1.7143,746895.0661,13.52367998,14184937.77,0.052654095
南阳市,2009,561744,1819,18213,1.229,13.3,1.7143,745798.6219,13.5222109,15253529.7,0.048893511
南阳市,2010,634776,3225,19219,1.229,13.3,1.7143,855979.3357,13.66000151,16538266.87,0.051757499
南阳市,2011,697095,9301,19326,1.229,13.3,1.7143,1013563.617,13.82898301,17976505.55,0.056382683
南阳市,2012,669764,11871,21208,1.229,13.3,1.7143,1017381.13,13.83274236,19116195.89,0.053220899
南阳市,2013,752777,13172,20605,1.229,13.3,1.7143,1135673.685,13.94273659,20369269.09,0.055754268
南阳市,2014,1018559,15541,20930,1.229,13.3,1.7143,1494384.61,14.21722505,21726468.29,0.068781755
南阳市,2015,636926,15666,17758,1.229,13.3,1.7143,1021582.393,13.83686335,23527382.85,0.043420996
南阳市,2016,621022,10667,14667,1.229,13.3,1.7143,930250.7761,13.74320948,25484947.96,0.036501969
南阳市,2017,2045653,11304,16082,1.229,13.3,1.7143,2692020.11,14.80580244,26492525.94,0.101614324
南阳市,2018,2314663,13780,14507,1.229,13.3,1.7143,3052864.177,14.93159078,27282398.72,0.111898672
南阳市,2019,2429827,13363,10873,1.229,13.3,1.7143,3182624.867,14.97321684,28971265.67,0.109854533
南阳市,2020,2518400,14510,5069,1.229,13.3,1.7143,3296786.387,15.00845873,29499258.72,0.111758279
南阳市,2021,2822100,19950,2251,1.229,13.3,1.7143,3737554.789,15.13394216,32751711.25,0.114117847
内江市,2006,79948,3636,9000,1.229,13.3,1.7143,162043.592,11.99562066,2774500.415,0.058404602
内江市,2007,80816,4319,11000,1.229,13.3,1.7143,175622.864,12.07609416,3170558.823,0.05539177
内江市,2008,83293,5749,8560,1.229,13.3,1.7143,193503.205,12.17304935,4253528.65,0.045492395
内江市,2009,86979,4915,8612,1.229,13.3,1.7143,187030.2426,12.13902561,4633155.552,0.040367788
内江市,2010,96161,5191,9238,1.229,13.3,1.7143,203058.8724,12.22125123,5365488.009,0.037845369
内江市,2011,145724,4592,13660,1.229,13.3,1.7143,263585.734,12.48213396,6529936.479,0.040365742
内江市,2012,143148,7917,17800,1.229,13.3,1.7143,311739.532,12.64992328,7416167.906,0.042035123
内江市,2013,161482,8554,19496,1.229,13.3,1.7143,345651.5708,12.75318653,8073849.847,0.042811246
内江市,2014,172595,10297,17127,1.229,13.3,1.7143,378430.1711,12.84378685,8973376.329,0.042172551
内江市,2015,155037,11568,15360,1.229,13.3,1.7143,370726.521,12.82321993,9177080.651,0.040396999
内江市,2016,171322,12646,15080,1.229,13.3,1.7143,404598.182,12.91064971,9389958.274,0.04308839
内江市,2017,668111,13052,14894,1.229,13.3,1.7143,1020232.803,13.8355414,9197619.248,0.110923574
内江市,2018,777231,15421,14815,1.229,13.3,1.7143,1185713.554,13.98585531,9687330.425,0.12239838
内江市,2019,806652,14547,17187,1.229,13.3,1.7143,1214314.082,14.00968993,9737392.777,0.124706285
内江市,2020,848100,14596,13819,1.229,13.3,1.7143,1260131.612,14.04672673,14660000,0.085957136
内江市,2021,936600,15356,12437,1.229,13.3,1.7143,1376636.949,14.13515409,10609475.81,0.129755416
宁波市,2006,1748364,254,403099,1.229,13.3,1.7143,2843150.172,14.86042321,28744435,0.098911326
宁波市,2007,2057628,3038,270768,1.229,13.3,1.7143,3033407.794,14.92519723,32289023.92,0.093945478
宁波市,2008,2139561,6946,242821,1.229,13.3,1.7143,3138170.309,14.95915048,35928093.91,0.087345861
宁波市,2009,2237757,13698,234847,1.229,13.3,1.7143,3334984.965,15.01997873,39868419.47,0.083649791
宁波市,2010,2537433,22464,222036,1.229,13.3,1.7143,3797912.672,15.14996218,44337454.55,0.08565924
宁波市,2011,2767470,30479,154316,1.229,13.3,1.7143,4071135.249,15.21943245,48785109.85,0.083450366
宁波市,2012,3012523,42747,138584,1.229,13.3,1.7143,4508500.418,15.32147515,53076826.5,0.084942916
宁波市,2013,3081224,61395,133323,1.229,13.3,1.7143,4831933.415,15.39075724,57333322.72,0.084277924
宁波市,2014,3181606,70904,98346,1.229,13.3,1.7143,5021811.522,15.42930129,61489289.83,0.081669695
宁波市,2015,3451618,68377,110059,1.229,13.3,1.7143,5340126.766,15.49075995,64247668.84,0.083117829
宁波市,2016,4165873,78600,126842,1.229,13.3,1.7143,6382683.158,15.66909912,69016323.51,0.092480776
宁波市,2017,7092306,85250,104800,1.229,13.3,1.7143,10029927.71,16.12108395,76014040.19,0.131948357
宁波市,2018,7752759,97860,106994,1.229,13.3,1.7143,11013098.63,16.21459591,80302753.37,0.13714472
宁波市,2019,8079226,105453,120427,1.229,13.3,1.7143,11538341.66,16.26118611,88827547.52,0.129895984
宁波市,2020,8320000,113099,150369,1.229,13.3,1.7143,11987274.28,16.29935617,92108589.71,0.130142849
宁波市,2021,9384100,134335,190152,1.229,13.3,1.7143,13645691.97,16.42893442,102765611.2,0.132784614
宁德市,2006,50625,58,7122,1.229,13.3,1.7143,75198.7696,11.22789015,3839988,0.019583074
宁德市,2007,58784,58,6835,1.229,13.3,1.7143,84734.1765,11.3472743,4216838.672,0.020094242
宁德市,2008,66400,58,7220,1.229,13.3,1.7143,94754.246,11.45904193,4817856.922,0.019667302
宁德市,2009,70200,58,7438,1.229,13.3,1.7143,99798.1634,11.51090506,5373845.991,0.018571087
宁德市,2010,80722,58,7867,1.229,13.3,1.7143,113465.1361,11.6392509,6111719.848,0.018565173
宁德市,2011,100198,58,8111,1.229,13.3,1.7143,137819.4293,11.83369962,7236804.544,0.019044238
宁德市,2012,114533,151,6665,1.229,13.3,1.7143,154195.1665,11.94597439,8297048.518,0.018584339
宁德市,2013,148200,244,7785,1.229,13.3,1.7143,198728.8255,12.19969649,9497450.061,0.02092444
宁德市,2014,147681,337,8460,1.229,13.3,1.7143,200485.027,12.20849484,10461699.75,0.019163714
宁德市,2015,194223,603,5720,1.229,13.3,1.7143,256525.763,12.45498438,11451971.19,0.02240014
宁德市,2016,254644,488,6030,1.229,13.3,1.7143,329785.105,12.70619652,12270545.97,0.026876156
宁德市,2017,1679300,1030,5436,1.229,13.3,1.7143,2086877.635,14.55117955,12748210.15,0.163699658
宁德市,2018,1892000,8242,5410,1.229,13.3,1.7143,2444160.963,14.70921246,13159867.8,0.185728383
宁德市,2019,2174900,7354,5556,1.229,13.3,1.7143,2780284.951,14.83806398,16319772.77,0.17036297
宁德市,2020,2087000,1497,5559,1.229,13.3,1.7143,2594362.894,14.76885153,17359601.32,0.149448299
宁德市,2021,2541400,1497,5559,1.229,13.3,1.7143,3152820.494,14.96380801,20035466.41,0.157361971
攀枝花市,2006,623468,145864,7590,1.229,13.3,1.7143,2719244.909,14.81586479,2671213.545,1.017981102
攀枝花市,2007,714911,158597,8548,1.229,13.3,1.7143,3002619.555,14.91499565,2922118.284,1.027548944
攀枝花市,2008,748720,158993,7898,1.229,13.3,1.7143,3048323.321,14.93010227,3725057.144,0.818329278
攀枝花市,2009,790997,162826,7020,1.229,13.3,1.7143,3149755.499,14.96283539,3503045.706,0.899147703
攀枝花市,2010,955421,159719,5832,1.229,13.3,1.7143,3308472.907,15.01199728,4072922.011,0.812309418
攀枝花市,2011,1072023,165459,5740,1.229,13.3,1.7143,3527961.049,15.07623066,4932976.14,0.715179022
攀枝花市,2012,1093997,159925,5755,1.229,13.3,1.7143,3481390.61,15.06294237,5610639.76,0.620497975
攀枝花市,2013,891774,165003,120798,1.229,13.3,1.7143,3497614.157,15.06759162,6046901.047,0.57841432
攀枝花市,2014,995867,165259,5784,1.229,13.3,1.7143,3431780.754,15.04858985,6755405.254,0.508005164
攀枝花市,2015,856304,165757,6649,1.229,13.3,1.7143,3268364.097,14.99980014,7083797.996,0.461385841
攀枝花市,2016,829322,166571,6503,1.229,13.3,1.7143,3245779.131,14.99286598,7342260.106,0.442068121
攀枝花市,2017,1147522,115937.67,5221,1.229,13.3,1.7143,2961225.909,14.9011139,7900649.224,0.374807921
攀枝花市,2018,1229825,65304.333,3939,1.229,13.3,1.7143,2386755.182,14.68544534,8052626.812,0.29639461
攀枝花市,2019,1352811,14671,2657,1.229,13.3,1.7143,1862283.914,14.4373142,6863061.204,0.271348872
攀枝花市,2020,1400300,14475,2789,1.229,13.3,1.7143,1918267.383,14.46693293,10410000,0.184271603
攀枝花市,2021,1479300,14746,1261,1.229,13.3,1.7143,2016343.232,14.51679615,7491373.328,0.269155353
盘锦市,2006,331636,884,19679,1.229,13.3,1.7143,453073.5537,13.02380976,5091464,0.088986891
盘锦市,2007,336637,933,19679,1.229,13.3,1.7143,459871.4827,13.03870234,5180380.879,0.088771751
盘锦市,2008,345910,980,15284,1.229,13.3,1.7143,464358.7512,13.0484127,5831621.224,0.079627728
盘锦市,2009,406108,1049,14684,1.229,13.3,1.7143,538231.2132,13.19604351,6114322.746,0.088027936
盘锦市,2010,482800,1263,13504,1.229,13.3,1.7143,633309.0072,13.35871375,8511893.035,0.074402839
盘锦市,2011,583529,1506,14655,1.229,13.3,1.7143,762310.0075,13.54410859,9635725.553,0.079112881
盘锦市,2012,452099,2013,14655,1.229,13.3,1.7143,607525.6375,13.31714965,10688655.16,0.056838361
盘锦市,2013,518600,2240,14655,1.229,13.3,1.7143,692274.4665,13.44773778,11715904.52,0.059088435
盘锦市,2014,528646,2448,14675,1.229,13.3,1.7143,707421.6865,13.46938221,11464419.87,0.061705842
盘锦市,2015,536500,2542,13503,1.229,13.3,1.7143,716315.2929,13.4818757,11253134.37,0.063654736
盘锦市,2016,678400,3196,12817,1.229,13.3,1.7143,898232.5831,13.70818431,8983675.809,0.099984973
盘锦市,2017,885537,5835,9078,1.229,13.3,1.7143,1181492.888,13.98228936,9499360.462,0.124376045
盘锦市,2018,965772,10098,14660,1.229,13.3,1.7143,1346368.826,14.11292177,10357301.82,0.129992236
盘锦市,2019,1025845,11182,8458,1.229,13.3,1.7143,1423983.654,14.16896889,10872744.41,0.13096819
盘锦市,2020,1135400,10777,13080,1.229,13.3,1.7143,1561163.744,14.26094209,11019235.33,0.141676232
盘锦市,2021,1234500,11132,8220,1.229,13.3,1.7143,1679347.646,14.33391597,11263827.69,0.149092093
平顶山市,2006,381641,15366,4830,1.229,13.3,1.7143,681684.658,13.43232245,6754105,0.10092894
平顶山市,2007,446211,13983,1100,1.229,13.3,1.7143,736252.949,13.50932902,7603520.666,0.096830532
平顶山市,2008,493231,13072,940,1.229,13.3,1.7143,781649.941,13.56916227,9255069.329,0.084456411
平顶山市,2009,661662,15197,172,1.229,13.3,1.7143,1015597.558,13.83098772,10033928.04,0.101216349
平顶山市,2010,708696,25556,108,1.229,13.3,1.7143,1211067.328,14.00701262,11098340.29,0.109121481
平顶山市,2011,760982,15186,104,1.229,13.3,1.7143,1137398.965,13.9442546,12118251.93,0.093858336
平顶山市,2012,782350,10159,101,1.229,13.3,1.7143,1096795.994,13.90790376,12215840.34,0.089784736
平顶山市,2013,797948,9694,91,1.229,13.3,1.7143,1109764.293,13.9196582,12688951.73,0.0874591
平顶山市,2014,745154,9366,2163.7143,1.229,13.3,1.7143,1044071.321,13.85863836,13294343.66,0.078535003
平顶山市,2015,1145154,9321,4236.4286,1.229,13.3,1.7143,1538626.076,14.24640042,13998980.06,0.10990987
平顶山市,2016,1545154,9855,6309.1429,1.229,13.3,1.7143,2040881.53,14.52889239,14932311.96,0.136675522
平顶山市,2017,1957345,11588,8381.8571,1.229,13.3,1.7143,2574066.423,14.76099747,15796365.58,0.16295308
平顶山市,2018,1938670,13453,10454.571,1.229,13.3,1.7143,2579472.601,14.76309552,16332411.45,0.157935808
平顶山市,2019,2022199,14928,12527.286,1.229,13.3,1.7143,2705300.497,14.81072355,18020658.83,0.150122175
平顶山市,2020,2042100,11285,14600,1.229,13.3,1.7143,2684860.18,14.80313921,18453942.8,0.145489786
平顶山市,2021,2278200,12070,16672.714,1.229,13.3,1.7143,2989020.834,14.91045641,20320845.26,0.147091363
平凉市,2006,68550,10,1500,1.229,13.3,1.7143,86952.4,11.37311612,1255928,0.069233587
平凉市,2007,62780,11,1678,1.229,13.3,1.7143,80179.5154,11.29202334,1367063.261,0.058650918
平凉市,2008,60236,14,1681,1.229,13.3,1.7143,77097.9823,11.25283239,1552366.101,0.04966482
平凉市,2009,91455,14,1796,1.229,13.3,1.7143,115663.2778,11.65843847,1796946.199,0.064366578
平凉市,2010,80450,148,1234,1.229,13.3,1.7143,102956.8962,11.5420657,1973231.676,0.052176791
平凉市,2011,113929,189,1265,1.229,13.3,1.7143,144701.0305,11.88242503,2178147.609,0.066433069
平凉市,2012,120323,623,710,1.229,13.3,1.7143,157380.02,11.96641867,2555529.717,0.061584109
平凉市,2013,119560,900,120,1.229,13.3,1.7143,159114.956,11.97738221,2680661.044,0.059356611
平凉市,2014,87802,788,3013,1.229,13.3,1.7143,123554.2439,11.72443556,2770944.961,0.044589209
平凉市,2015,117544,790,4257,1.229,13.3,1.7143,162266.3511,11.99699441,2956428.445,0.054885939
平凉市,2016,115196,832,2952,1.229,13.3,1.7143,157702.0976,11.96846307,3189548.909,0.049443386
平凉市,2017,282323,1216,220,1.229,13.3,1.7143,363524.913,12.80360311,3001240.504,0.121124886
平凉市,2018,330879,1818,156,1.229,13.3,1.7143,431097.1218,12.97408868,3212061.87,0.134211961
平凉市,2019,356849,1970,114,1.229,13.3,1.7143,464963.8512,13.04971494,3667068.68,0.126794421
平凉市,2020,368900,1988,113,1.229,13.3,1.7143,480012.2159,13.08156683,3837156.557,0.125095812
平凉市,2021,413800,1942,85,1.229,13.3,1.7143,534534.5155,13.18915158,4209719.054,0.126976292
萍乡市,2006,280515,3295,10560,1.229,13.3,1.7143,406679.443,12.91578054,2654942,0.153178278
萍乡市,2007,292516,3305,9160,1.229,13.3,1.7143,419161.652,12.94601193,2910497.571,0.14401718
萍乡市,2008,295657,3390,10016,1.229,13.3,1.7143,425619.8818,12.96130193,3367493.895,0.126390691
萍乡市,2009,316892,3156,4473,1.229,13.3,1.7143,439103.1319,12.99248959,3766896.29,0.116568946
萍乡市,2010,380075,17472,4920,1.229,13.3,1.7143,707924.131,13.47009221,4311294.001,0.16420224
萍乡市,2011,447033,18081,5275,1.229,13.3,1.7143,798923.7895,13.59102084,4964163.794,0.160938241
萍乡市,2012,450208,19850,5720,1.229,13.3,1.7143,827116.428,13.62570075,5551203.638,0.148997674
萍乡市,2013,429611,24783,16759,1.229,13.3,1.7143,886335.7727,13.69485113,5961373.247,0.148679798
萍乡市,2014,417446,15437,12300,1.229,13.3,1.7143,739439.124,13.51364724,6466914.491,0.114341874
萍乡市,2015,417179,18835,17300,1.229,13.3,1.7143,792875.881,13.58342197,6948667.705,0.114104734
萍乡市,2016,420085,16292,14912,1.229,13.3,1.7143,758531.7066,13.53913988,7562507.003,0.10030162
萍乡市,2017,647649,18123,10475,1.229,13.3,1.7143,1054953.814,13.86900755,7526574.773,0.140163865
萍乡市,2018,686017,21602,24630,1.229,13.3,1.7143,1172644.702,13.97477218,7318028.275,0.160240526
萍乡市,2019,766059,27475,28415,1.229,13.3,1.7143,1355615.846,14.11976641,6702014.871,0.202269895
萍乡市,2020,793000,29660,16330,1.229,13.3,1.7143,1397069.519,14.1498874,6916370.381,0.201994607
萍乡市,2021,813900,29830,29571,1.229,13.3,1.7143,1447715.665,14.18549747,7464278.173,0.193952534
莆田市,2006,249918,19,10726,1.229,13.3,1.7143,325789.5038,12.69400676,4236808,0.076895036
莆田市,2007,279769,129,8252,1.229,13.3,1.7143,359698.2046,12.79302064,4716897.944,0.076257364
莆田市,2008,302483,130,17379,1.229,13.3,1.7143,403273.4267,12.90737009,5415269.597,0.074469686
莆田市,2009,331186,1293,18006,1.229,13.3,1.7143,455092.1798,13.02825527,6068404.484,0.074993712
莆田市,2010,436831,20710,19208,1.229,13.3,1.7143,845236.5734,13.64737184,7036126.185,0.120128115
莆田市,2011,490469,5080,14428,1.229,13.3,1.7143,695084.3214,13.45178844,8174353.537,0.085032329
莆田市,2012,523016,6800,13300,1.229,13.3,1.7143,756026.854,13.53583218,9259856.903,0.08164563
莆田市,2013,518439,6361,12980,1.229,13.3,1.7143,744014.445,13.51981573,10295920.37,0.072263034
莆田市,2014,603415,6969,13508,1.229,13.3,1.7143,857441.4994,13.66170823,11419444.89,0.075086093
莆田市,2015,744580,7284,16057,1.229,13.3,1.7143,1039492.535,13.85424321,12743974.56,0.081567374
莆田市,2016,693375,8477,14781,1.229,13.3,1.7143,990241.0433,13.80570367,13784894.7,0.071835227
莆田市,2017,1231746,9872,13888,1.229,13.3,1.7143,1668921.632,14.32768825,14535480.36,0.114817095
莆田市,2018,1443751,11408,13750,1.229,13.3,1.7143,1949668.004,14.48316966,15189385.59,0.128357266
莆田市,2019,1436084,15790,13600,1.229,13.3,1.7143,1998268.716,14.50779172,17271537.66,0.11569721
莆田市,2020,1423700,14432,15092,1.229,13.3,1.7143,1967545.116,14.49229719,17525309.62,0.112268779
莆田市,2021,1524000,19847,9911,1.229,13.3,1.7143,2153951.527,14.58281463,18331402.62,0.117500639
濮阳市,2006,277364,1564,12040,1.229,13.3,1.7143,382321.728,12.85401775,4562361,0.083799096
濮阳市,2007,253838,1564,12040,1.229,13.3,1.7143,353408.274,12.77537925,4871775.118,0.072541992
濮阳市,2008,303998,1564,12040,1.229,13.3,1.7143,415054.914,12.93616611,5697448.309,0.072849264
濮阳市,2009,341889,5121,12040,1.229,13.3,1.7143,508931.053,13.14006783,5886423.134,0.086458456
濮阳市,2010,371330,5250,12040,1.229,13.3,1.7143,546829.742,13.21189278,6565025.531,0.083294382
濮阳市,2011,376813,5610,12040,1.229,13.3,1.7143,558356.349,13.23275266,7324615.233,0.076230127
濮阳市,2012,463231,5801,12040,1.229,13.3,1.7143,667104.371,13.41070179,8082652.231,0.08253533
濮阳市,2013,492549,13886,12040,1.229,13.3,1.7143,810666.693,13.60561227,9213685.868,0.087985059
濮阳市,2014,483669,11235,12040,1.229,13.3,1.7143,764494.873,13.5469706,10179667.57,0.075100181
濮阳市,2015,475249,11973,12040,1.229,13.3,1.7143,763962.093,13.54627345,10901429.19,0.070079077
濮阳市,2016,579914,6659,12040,1.229,13.3,1.7143,821919.178,13.61939735,11859472.88,0.069304866
濮阳市,2017,888933,6803,12040,1.229,13.3,1.7143,1203618.729,14.00084318,12555856.01,0.095861145
濮阳市,2018,1022799,7354,12040,1.229,13.3,1.7143,1375468.343,14.13430484,12655110.14,0.108688769
濮阳市,2019,1116020,8452,12040,1.229,13.3,1.7143,1504640.352,14.22406446,12006178.51,0.125322171
濮阳市,2020,1184700,9214,12040,1.229,13.3,1.7143,1599182.672,14.28500323,12397803.59,0.128989192
濮阳市,2021,1260200,9360,12040,1.229,13.3,1.7143,1693913.972,14.34255237,13366198.14,0.126731173
普洱市,2006,37089,14,2161,1.229,13.3,1.7143,49473.1833,10.80918605,1127062.486,0.043895688
普洱市,2007,44100,14,1440,1.229,13.3,1.7143,56853.692,10.94823644,1278291.894,0.044476299
普洱市,2008,44765,14,1332,1.229,13.3,1.7143,57485.8326,10.95929381,1556761.987,0.036926539
普洱市,2009,70952,14,1360,1.229,13.3,1.7143,89717.656,11.40442286,1748928.351,0.051298646
普洱市,2010,51865,14,1400,1.229,13.3,1.7143,66328.305,11.10237201,1892803.612,0.03504236
普洱市,2011,38964,14,1581,1.229,13.3,1.7143,50783.2643,10.83532214,2208658.82,0.022992806
普洱市,2012,40614,38,1998,1.229,13.3,1.7143,53845.1774,10.89386812,2611685.725,0.02061702
普洱市,2013,70742,62,1858,1.229,13.3,1.7143,90951.6874,11.41808374,2990136.571,0.030417235
普洱市,2014,81323,86,1467,1.229,13.3,1.7143,103604.6451,11.54833744,3420540.549,0.030288969
普洱市,2015,80145,110,1507,1.229,13.3,1.7143,102544.6551,11.53805364,3662168.362,0.028001076
普洱市,2016,86393,134,1567,1.229,13.3,1.7143,110645.5051,11.61408672,3920649.621,0.028221217
普洱市,2017,323363,158,1567,1.229,13.3,1.7143,402200.8351,12.90470683,4159883.548,0.0966856
普洱市,2018,364449,182,2037,1.229,13.3,1.7143,453820.4501,13.02545691,4288369.515,0.105825874
普洱市,2019,484166,206,1980,1.229,13.3,1.7143,601174.128,13.3066399,5578816.564,0.107760153
普洱市,2020,404800,238,1890,1.229,13.3,1.7143,503904.627,13.1301423,9450000,0.053323241
普洱市,2021,475500,300,1810,1.229,13.3,1.7143,591482.383,13.29038718,6355473.076,0.093066618
七台河市,2006,104047,3004,2300,1.229,13.3,1.7143,171769.853,12.0539108,1142269,0.150376009
七台河市,2007,112580,3547,2300,1.229,13.3,1.7143,189478.81,12.15203248,1291105.05,0.146757082
七台河市,2008,146300,3540,2100,1.229,13.3,1.7143,230484.73,12.34793989,1693399.93,0.136107677
七台河市,2009,219976,3657,2300,1.229,13.3,1.7143,322931.494,12.68519549,2299993.404,0.1404054
七台河市,2010,275329,1300,2410,1.229,13.3,1.7143,359800.804,12.79330584,2916320.986,0.123374898
七台河市,2011,152766,4300,2400,1.229,13.3,1.7143,249053.734,12.42542395,2729774.891,0.091235997
七台河市,2012,287794,4410,2580,1.229,13.3,1.7143,416774.72,12.94030111,2596641.484,0.1605053
七台河市,2013,263222,4592,2460,1.229,13.3,1.7143,388790.616,12.87079622,2094176.109,0.185653257
七台河市,2014,261088,3611,1548,1.229,13.3,1.7143,371557.1884,12.82545807,1908758.325,0.194659106
七台河市,2015,238757,3568,1311,1.229,13.3,1.7143,343134.2003,12.7458769,2078861.466,0.165058714
七台河市,2016,223168,3568,1414,1.229,13.3,1.7143,324151.8922,12.68896749,2172946.856,0.149176171
七台河市,2017,256487,2321,1430,1.229,13.3,1.7143,348543.272,12.76151767,2350422.985,0.148289595
七台河市,2018,265343,2701,1325,1.229,13.3,1.7143,364301.2945,12.80573654,2575224.211,0.141463913
七台河市,2019,249581,3008,1380,1.229,13.3,1.7143,349107.183,12.76313427,2344119.789,0.148928901
七台河市,2020,233819,2315,1270,1.229,13.3,1.7143,320330.212,12.67710766,2087580.233,0.153445701
七台河市,2021,257100,3014,1361,1.229,13.3,1.7143,358395.2623,12.78939174,2289866.365,0.156513615
齐齐哈尔市,2006,448719,5426,9155,1.229,13.3,1.7143,639335.8675,13.36818521,4815986,0.13275285
齐齐哈尔市,2007,452509,5226,10142,1.229,13.3,1.7143,643025.7916,13.37394011,5311539.471,0.121062038
齐齐哈尔市,2008,423633,5805,7870,1.229,13.3,1.7143,611342.998,13.32341345,6024762.228,0.101471722
齐齐哈尔市,2009,440021,9876,6930,1.229,13.3,1.7143,684016.708,13.43573762,6797971.783,0.100620704
齐齐哈尔市,2010,450000,18089,6070,1.229,13.3,1.7143,804039.501,13.59740368,8412501.829,0.09557674
齐齐哈尔市,2011,450000,22960,7035,1.229,13.3,1.7143,870478.1005,13.67679788,9444333.138,0.092169356
齐齐哈尔市,2012,602254,24011,9820,1.229,13.3,1.7143,1076350.892,13.88908707,10216684.69,0.105352267
齐齐哈尔市,2013,560000,21791,6500,1.229,13.3,1.7143,989203.25,13.8046551,10692096.24,0.092517242
齐齐哈尔市,2014,526015,21791,6641.1667,1.229,13.3,1.7143,947677.6871,13.76176973,10773550.5,0.087963359
齐齐哈尔市,2015,406786,20421,6782.3333,1.229,13.3,1.7143,783166.248,13.57110027,12418580.13,0.063064073
齐齐哈尔市,2016,388102,23343,6923.5,1.229,13.3,1.7143,799308.2141,13.5915019,13293074.97,0.06012967
齐齐哈尔市,2017,830777,24073.667,7064.6667,1.229,13.3,1.7143,1353315.662,14.11806819,13699810.74,0.09878353
齐齐哈尔市,2018,892496,24804.333,7205.8333,1.229,13.3,1.7143,1439128.173,14.17954805,13786853.02,0.104384095
齐齐哈尔市,2019,947495,25535,7347,1.229,13.3,1.7143,1516681.817,14.23203549,11456758.62,0.132383152
齐齐哈尔市,2020,1018000,26966,6977,1.229,13.3,1.7143,1621730.471,14.29900433,12160661.55,0.133358737
齐齐哈尔市,2021,969600,30815,7253,1.229,13.3,1.7143,1613911.718,14.29417143,12143230.73,0.132906288
秦皇岛市,2006,598868,5891,12926,1.229,13.3,1.7143,836518.1138,13.63700345,5520509,0.151529164
秦皇岛市,2007,691197,1326,12846,1.229,13.3,1.7143,889138.8108,13.69800864,6191306.607,0.143610851
秦皇岛市,2008,733573,3837,13073,1.229,13.3,1.7143,975004.3609,13.79019722,6772194.636,0.143971698
秦皇岛市,2009,719755,4965,10117,1.229,13.3,1.7143,967956.9681,13.78294291,6754372.083,0.143308209
秦皇岛市,2010,467975,13000,8083,1.229,13.3,1.7143,761897.9619,13.54356792,7252732.82,0.105049777
秦皇岛市,2011,447394,22892,7350,1.229,13.3,1.7143,866910.931,13.67269152,7745242.735,0.111928181
秦皇岛市,2012,559006,20650,4547,1.229,13.3,1.7143,969458.2961,13.78449274,8306647.847,0.116708727
秦皇岛市,2013,729351,20650,2893,1.229,13.3,1.7143,1175976.849,13.97760972,8770376.266,0.134085108
秦皇岛市,2014,664064,44963,7690,1.229,13.3,1.7143,1427325.523,14.17131299,9229184.147,0.154653488
秦皇岛市,2015,934292,36591,1912,1.229,13.3,1.7143,1638182.91,14.3090982,9808122.4,0.16702309
秦皇岛市,2016,965399,44367,1743,1.229,13.3,1.7143,1779544.496,14.39186799,10469818.37,0.169968994
秦皇岛市,2017,1474871,60995,1493,1.229,13.3,1.7143,2626409.409,14.78112823,11532117.81,0.227747362
秦皇岛市,2018,1545332,60995,1182,1.229,13.3,1.7143,2712472.831,14.81337126,12624861.86,0.214851684
秦皇岛市,2019,1504480,78904,2128,1.229,13.3,1.7143,2902077.15,14.8809373,12333818.63,0.235294294
秦皇岛市,2020,1502600,63426,5773,1.229,13.3,1.7143,2700157.854,14.80882079,12948417.68,0.208531878
秦皇岛市,2021,1817300,69717,6547,1.229,13.3,1.7143,3171921.322,14.96984806,13517949.43,0.234645154
青岛市,2006,1373706,23697,97343,1.229,13.3,1.7143,2170329.879,14.59038973,32065800,0.067683634
青岛市,2007,1508100,27619,79715,1.229,13.3,1.7143,2357443.025,14.67308813,35376493.94,0.066638685
青岛市,2008,1582865,30471,81987,1.229,13.3,1.7143,2491155.699,14.7282573,38106074.38,0.065374241
青岛市,2009,1653309,34471,96721,1.229,13.3,1.7143,2656189.871,14.79240327,42006999.45,0.063232078
青岛市,2010,1877516,44835,80073,1.229,13.3,1.7143,3041041.808,14.92771071,47144210.02,0.064505096
青岛市,2011,1963859,55284,79812,1.229,13.3,1.7143,3285681.623,15.00508468,52912126.49,0.062096949
青岛市,2012,2148190,76545,54341,1.229,13.3,1.7143,3751330.786,15.13762121,58262716.85,0.064386472
青岛市,2013,2034910,70918,41302,1.229,13.3,1.7143,3514917.809,15.0725267,63412822.58,0.055429134
青岛市,2014,2010951,74823,39255,1.229,13.3,1.7143,3533899.526,15.0779125,69647076.39,0.050740099
青岛市,2015,2270034,70311,35255,1.229,13.3,1.7143,3785445.733,15.1466742,73772449.56,0.051312458
青岛市,2016,2425795,70586,32291,1.229,13.3,1.7143,3975452.316,15.19564909,80248923.97,0.049539011
青岛市,2017,4010565,91572,28309,1.229,13.3,1.7143,6195422.104,15.63932121,88423715.41,0.070065164
青岛市,2018,4318172,120089,30427,1.229,13.3,1.7143,6956378.094,15.75516951,96744367.81,0.071904735
青岛市,2019,4578992,131867,30210,1.229,13.3,1.7143,7433201.271,15.82146718,94162366.36,0.078940256
青岛市,2020,4765900,130745,29029,1.229,13.3,1.7143,7645964.015,15.84968849,99388839.98,0.076929804
青岛市,2021,5225600,147284,31287,1.229,13.3,1.7143,8434774.904,15.94787359,108268209.4,0.077906294
清远市,2006,249001,73,24500,1.229,13.3,1.7143,348993.479,12.76280852,4065297.037,0.085846981
清远市,2007,305565,73,24800,1.229,13.3,1.7143,419024.925,12.94568568,5338482.45,0.078491393
清远市,2008,339437,191,11348,1.229,13.3,1.7143,439162.2494,12.99262421,6859167.41,0.064025591
清远市,2009,376506,309,11513,1.229,13.3,1.7143,486572.3099,13.0951408,7648958.756,0.063612882
清远市,2010,454816,642,9699,1.229,13.3,1.7143,584134.4597,13.27788647,9216097.697,0.063381973
清远市,2011,518926,1520,10156,1.229,13.3,1.7143,675386.4848,13.42304038,8564986.194,0.078854358
清远市,2012,665456,1557,29487,1.229,13.3,1.7143,889103.0881,13.69796847,8661811.472,0.102646322
清远市,2013,831694,4316,32335,1.229,13.3,1.7143,1134986.617,13.94213142,9128878.221,0.124329254
清远市,2014,949183,5700,32435,1.229,13.3,1.7143,1297959.228,14.07630376,9855333.049,0.131701204
清远市,2015,1067802,6385,19975,1.229,13.3,1.7143,1431492.301,14.17422802,10280891.22,0.139238153
清远市,2016,1045170,9392,36083,1.229,13.3,1.7143,1471284.617,14.20164647,10759866.35,0.136738187
清远市,2017,1772592,19883,34659,1.229,13.3,1.7143,2502375.392,14.732751,11157475.51,0.224277919
清远市,2018,1988313,32625,45310,1.229,13.3,1.7143,2955224.11,14.89908505,11682275.55,0.252966479
清远市,2019,2160295,34850,28183,1.229,13.3,1.7143,3166821.672,14.96823902,12640287.28,0.250533995
清远市,2020,2401800,81400,32305,1.229,13.3,1.7143,4089812.662,15.22400972,17770000,0.230152654
清远市,2021,2763300,74105,40377,1.229,13.3,1.7143,4450910.491,15.30861924,14343146.7,0.31031618
庆阳市,2006,16700,368,800,1.229,13.3,1.7143,26790.14,10.19578919,1715456,0.015616921
庆阳市,2007,18426,376,1600,1.229,13.3,1.7143,30389.234,10.32184368,1857187.684,0.016363039
庆阳市,2008,19820,384,1780,1.229,13.3,1.7143,32517.434,10.38953166,2203573.704,0.014756681
庆阳市,2009,20918,392,1960,1.229,13.3,1.7143,34281.85,10.44237134,2775658.422,0.012350889
庆阳市,2010,23000,400,1990,1.229,13.3,1.7143,36998.457,10.51863149,3043057.524,0.012158317
庆阳市,2011,31200,408,1997,1.229,13.3,1.7143,47194.6571,10.76203597,3583188.117,0.013171136
庆阳市,2012,40723,480,2100,1.229,13.3,1.7143,60032.597,11.00264298,4168779.878,0.01440052
庆阳市,2013,41881,520,2000,1.229,13.3,1.7143,61816.349,11.03192316,4757812.902,0.012992598
庆阳市,2014,125313,590,1900,1.229,13.3,1.7143,165113.847,12.0143905,5287002.537,0.031230143
庆阳市,2015,171967,665,1800,1.229,13.3,1.7143,223277.683,12.31617149,5181890.811,0.043088072
庆阳市,2016,192600,672,1950,1.229,13.3,1.7143,248985.885,12.42515149,5191439.365,0.047960858
庆阳市,2017,374795,4200,1130,1.229,13.3,1.7143,518420.214,13.15854142,4954735.001,0.10463127
庆阳市,2018,399783,3840,2174,1.229,13.3,1.7143,546132.1952,13.21061634,5756129,0.09487838
庆阳市,2019,441468,2090,7960,1.229,13.3,1.7143,584007,13.27766825,5961995.688,0.097954952
庆阳市,2020,463300,3907,1008,1.229,13.3,1.7143,623086.8144,13.34244114,6086246.22,0.102376209
庆阳市,2021,573500,4070,3540,1.229,13.3,1.7143,765031.122,13.54767179,6724912.207,0.11376076
曲靖市,2006,76740,59,7000,1.229,13.3,1.7143,107098.26,11.58150201,4852683.933,0.022069902
曲靖市,2007,106119,57,7000,1.229,13.3,1.7143,143178.451,11.87184704,5487679.731,0.026090891
曲靖市,2008,105889,55,7200,1.229,13.3,1.7143,143212.041,11.87208162,6816839.459,0.021008569
曲靖市,2009,1080000,53,6200,1.229,13.3,1.7143,1338653.56,14.10717486,7195224.644,0.1860475
曲靖市,2010,1112400,51,8543,1.229,13.3,1.7143,1382463.165,14.13937737,7672498.504,0.180184221
曲靖市,2011,1112400,49,8560,1.229,13.3,1.7143,1382465.708,14.13937921,8872573.859,0.155813378
曲靖市,2012,239044,47,4680,1.229,13.3,1.7143,302433.1,12.61961537,9967985.192,0.030340444
曲靖市,2013,348170,45,4680,1.229,13.3,1.7143,436522.354,12.98659486,11133901.39,0.039206594
曲靖市,2014,371745,52,4069,1.229,13.3,1.7143,464541.6917,13.04880659,11829140.47,0.039270959
曲靖市,2015,249759,1481,4100,1.229,13.3,1.7143,333679.741,12.71793695,11757545.08,0.028380052
曲靖市,2016,239783,1441,3900,1.229,13.3,1.7143,320544.377,12.67777601,12262601.95,0.026139997
曲靖市,2017,2602684,1404,1892,1.229,13.3,1.7143,3220615.292,14.98508298,12928213.95,0.249115253
曲靖市,2018,2851785,2579,6511,1.229,13.3,1.7143,3550306.272,15.08254443,13032928.52,0.272410477
曲靖市,2019,2972111,3214,6690,1.229,13.3,1.7143,3706939.286,15.1257171,16819334.97,0.220397495
曲靖市,2020,3253200,5403,7964,1.229,13.3,1.7143,4083695.385,15.22251287,29590000,0.138009307
曲靖市,2021,1107700,5456,7594,1.229,13.3,1.7143,1446946.494,14.18496603,20962561.34,0.069025272
衢州市,2006,373402,947,7611,1.229,13.3,1.7143,484553.6953,13.09098353,3874000,0.125078393
衢州市,2007,427440,1140,7600,1.229,13.3,1.7143,553514.44,13.22404312,4497897.832,0.123060697
衢州市,2008,474737,1144,7237,1.229,13.3,1.7143,611073.3621,13.3229723,5257276.168,0.116233833
衢州市,2009,480679,1318,7010,1.229,13.3,1.7143,620301.134,13.33796034,5769880.533,0.107506755
衢州市,2010,530607,1521,8102,1.229,13.3,1.7143,686234.5616,13.43897477,6487732.793,0.105774172
衢州市,2011,579480,2488,8479,1.229,13.3,1.7143,759806.8697,13.54081956,7404195.9,0.102618418
衢州市,2012,630272,3643,8265,1.229,13.3,1.7143,837224.8775,13.63784798,7839883.638,0.106790472
衢州市,2013,675752,4567,5626,1.229,13.3,1.7143,900884.9598,13.71113285,8497389.391,0.106019028
衢州市,2014,679802,6017,5711,1.229,13.3,1.7143,925293.1253,13.73786586,9009727.795,0.102699343
衢州市,2015,735490,8804,5475,1.229,13.3,1.7143,1030396.203,13.84545395,9200388.234,0.111994861
衢州市,2016,803183,10177,4711,1.229,13.3,1.7143,1130542.074,13.93820779,9944179.073,0.113688829
衢州市,2017,1552838,11219,5014,1.229,13.3,1.7143,2066246.102,14.54124404,10281913.67,0.200959293
衢州市,2018,1717558,14797,2961,1.229,13.3,1.7143,2312754.924,14.65394998,10989917.26,0.210443343
衢州市,2019,1842468,17519,18276,1.229,13.3,1.7143,2528726.419,14.74322634,11665795.56,0.216764164
衢州市,2020,1880000,18280,14023,1.229,13.3,1.7143,2577683.629,14.76240174,12165845.64,0.211878706
衢州市,2021,2106000,22193,7341,1.229,13.3,1.7143,2896025.576,14.87884986,13209200.86,0.219243057
泉州市,2006,461242,317,28073,1.229,13.3,1.7143,619208.0619,13.33619662,19007599,0.032576869
泉州市,2007,530634,317,42673,1.229,13.3,1.7143,729519.6099,13.50014153,21051199.29,0.034654539
泉州市,2008,568425,726,72500,1.229,13.3,1.7143,832536.875,13.63223279,24017669.95,0.034663516
泉州市,2009,648138,1180,58510,1.229,13.3,1.7143,912559.295,13.72400834,26940196.89,0.03387352
泉州市,2010,703472,2405,51150,1.229,13.3,1.7143,984240.033,13.79962508,29498821.69,0.033365402
泉州市,2011,759361,6517,42210,1.229,13.3,1.7143,1092291.372,13.90378822,33229780.12,0.032870858
泉州市,2012,799256,9000,39742,1.229,13.3,1.7143,1170115.335,13.97261288,36387684.39,0.032156906
泉州市,2013,814315,10997,39160,1.229,13.3,1.7143,1214185.223,14.00958381,40007180.28,0.030349183
泉州市,2014,814315,10368,40418,1.229,13.3,1.7143,1207976.112,14.00445688,43587628.82,0.027713738
泉州市,2015,979710,8511,43316,1.229,13.3,1.7143,1391516.509,14.14590472,47257536.86,0.029445388
泉州市,2016,965619,11292,40705,1.229,13.3,1.7143,1406709.933,14.15676415,50247710,0.027995503
泉州市,2017,4703658,18891,39730,1.229,13.3,1.7143,6100155.121,15.62382476,54035076.42,0.112892505
泉州市,2018,5007371,22769,37318,1.229,13.3,1.7143,6520860.906,15.69051697,57359345.43,0.113684368
泉州市,2019,5152525,22869,37613,1.229,13.3,1.7143,6701090.891,15.71778089,66204233.17,0.101218465
泉州市,2020,6008500,19014,37403,1.229,13.3,1.7143,7701452.663,15.85691953,67337224.08,0.114371401
泉州市,2021,6124700,25229,34946,1.229,13.3,1.7143,7922709.928,15.88524387,71875884.57,0.110227651
日照市,2006,356583,383,11222,1.229,13.3,1.7143,462572.2816,13.04455811,5058700,0.09144094
日照市,2007,569679,401,11474,1.229,13.3,1.7143,725138.6692,13.49411818,5882012.755,0.123280703
日照市,2008,686014,495,11141,1.229,13.3,1.7143,868793.7223,13.674861,6641149.403,0.130819783
日照市,2009,877210,1450,9677,1.229,13.3,1.7143,1113965.371,13.92343661,7483058.487,0.148864983
日照市,2010,968785,2175,9644,1.229,13.3,1.7143,1236096.974,14.02746937,8528938.635,0.144929754
日照市,2011,1059977,2464,10897,1.229,13.3,1.7143,1354163.66,14.1186946,9710314.186,0.139456215
日照市,2012,1302667,3928,13308,1.229,13.3,1.7143,1676034.047,14.33194087,10792004.36,0.155303315
日照市,2013,1247698,7255,12896,1.229,13.3,1.7143,1652019.955,14.31750931,11881370.36,0.13904288
日照市,2014,1277313,10600,12000,1.229,13.3,1.7143,1731369.277,14.36442314,12915409.74,0.134054537
日照市,2015,1310932,14348,12416,1.229,13.3,1.7143,1823248.577,14.4161304,13253557.09,0.137566735
日照市,2016,1344182,15651,11789,1.229,13.3,1.7143,1880367.861,14.44697799,14448475.97,0.13014299
日照市,2017,1961422,23540,15636,1.229,13.3,1.7143,2750474.433,14.82728398,16113104.23,0.170697986
日照市,2018,2275527,28496,15536,1.229,13.3,1.7143,3202252.848,14.97936514,17751713.49,0.180391197
日照市,2019,2535454,28609,15566,1.229,13.3,1.7143,3523257.46,15.07489653,15630904.7,0.225403297
日照市,2020,2730700,29285,13710,1.229,13.3,1.7143,3769023.853,15.1423266,16077252.88,0.234432081
日照市,2021,2575400,29243,8147,1.229,13.3,1.7143,3568064.902,15.08753396,16941799.6,0.210607196
三门峡市,2006,314540,8,2792,1.229,13.3,1.7143,391462.3856,12.87764471,4121470,0.094981253
三门峡市,2007,286942,39,2789,1.229,13.3,1.7143,357951.6007,12.78815306,4800269.006,0.074569071
三门峡市,2008,302806,64,2488,1.229,13.3,1.7143,377264.9524,12.84070301,5670859.4,0.066526945
三门峡市,2009,235077,88,2618,1.229,13.3,1.7143,294568.0704,12.59326539,6252207.191,0.047114253
三门峡市,2010,281167,290,2985,1.229,13.3,1.7143,354528.4285,12.77854381,7403319.581,0.047887765
三门峡市,2011,295996,3870,3230,1.229,13.3,1.7143,420787.273,12.9498827,8411093.926,0.050027651
三门峡市,2012,206347,4534,2410,1.229,13.3,1.7143,318034.126,12.66991397,9206578.473,0.034544226
三门峡市,2013,179533,12066,2410,1.229,13.3,1.7143,385255.32,12.86166156,9715805.666,0.039652432
三门峡市,2014,163144,10861,2171,1.229,13.3,1.7143,348677.0213,12.76190133,10069670.65,0.034626457
三门峡市,2015,173843,11114,2371,1.229,13.3,1.7143,365533.8523,12.80911417,10267021.38,0.035602717
三门峡市,2016,447457,11922,3639,1.229,13.3,1.7143,714725.5907,13.47965396,10847489.09,0.065888574
三门峡市,2017,1127262,12417,3952,1.229,13.3,1.7143,1557326.012,14.25848081,11462592.86,0.135861583
三门峡市,2018,1193219,12789,3660,1.229,13.3,1.7143,1642834.189,14.31193347,11688687.37,0.140549074
三门峡市,2019,1166602,12892,3449,1.229,13.3,1.7143,1611130.079,14.2924464,10965794.92,0.146923236
三门峡市,2020,1044900,11342,1103,1.229,13.3,1.7143,1436921.573,14.17801359,10902553.34,0.131796794
三门峡市,2021,1355800,13752,3089,1.229,13.3,1.7143,1854475.273,14.43311234,11940570.91,0.155308761
三明市,2006,241353,2336,6300,1.229,13.3,1.7143,338491.727,12.73225493,4535752,0.074627477
三明市,2007,331013,2376,2100,1.229,13.3,1.7143,442015.807,12.99910092,5030163.212,0.087873055
三明市,2008,349876,2474,2100,1.229,13.3,1.7143,466501.834,13.05301723,5920957.975,0.078788236
三明市,2009,324737,2537,4106,1.229,13.3,1.7143,439882.7888,12.99426358,7023534.645,0.062629831
三明市,2010,328905,2673,3618,1.229,13.3,1.7143,445977.4824,13.00802374,8068603.26,0.055273195
三明市,2011,376652,2892,3260,1.229,13.3,1.7143,506957.526,13.1361825,9428562.514,0.053768273
三明市,2012,392576,3080,1500,1.229,13.3,1.7143,526011.354,13.17307808,10310710.25,0.051016015
三明市,2013,394300,2927,1400,1.229,13.3,1.7143,525923.82,13.17291165,11328872.69,0.046423315
三明市,2014,444754,2977,1803,1.229,13.3,1.7143,589287.6489,13.28666971,12325158.79,0.047811769
三明市,2015,413694,3000,1505,1.229,13.3,1.7143,550909.9475,13.21932664,13189669.78,0.04176829
三明市,2016,417934,3000,1456,1.229,13.3,1.7143,556036.9068,13.22858995,14067570.65,0.03952615
三明市,2017,1447863,2989,1161.5,1.229,13.3,1.7143,1821168.486,14.41498888,15067066.37,0.120870808
三明市,2018,1519964,2642,867,1.229,13.3,1.7143,1904660.654,14.45981442,15943314.88,0.119464532
三明市,2019,1658127,2493,1998,1.229,13.3,1.7143,2074420.154,14.54519223,17318127.55,0.119783166
三明市,2020,1796290,2741,1950,1.229,13.3,1.7143,2247438.595,14.62530172,17909752.87,0.125486857
三明市,2021,1825100,2807,1760,1.229,13.3,1.7143,2283398.168,14.64117532,18776493.91,0.121609401
三亚市,2006,93867,904,4622,1.229,13.3,1.7143,135309.2376,11.81531809,1092608,0.123840607
三亚市,2007,104113,1450,9761,1.229,13.3,1.7143,163973.1593,12.00745803,1179393.814,0.139031728
三亚市,2008,120390,1943,5834,1.229,13.3,1.7143,183802.4362,12.12161674,1284346.24,0.143109724
三亚市,2009,136557,2510,6408,1.229,13.3,1.7143,212196.7874,12.26526937,1568093.016,0.135321556
三亚市,2010,164625,3062,8624,1.229,13.3,1.7143,257832.8482,12.46006678,1942896.978,0.132705363
三亚市,2011,188119,3144,11636,1.229,13.3,1.7143,292961.0458,12.58779493,2197393.545,0.133322065
三亚市,2012,190147,3233,9962,1.229,13.3,1.7143,293767.4196,12.59054364,2476596.319,0.118617401
三亚市,2013,247514,3363,10093,1.229,13.3,1.7143,366225.0359,12.81100328,2742154.157,0.133553774
三亚市,2014,303186,6058,10661,1.229,13.3,1.7143,471463.1463,13.06359622,2897588.629,0.162708792
三亚市,2015,327436,7634,7650,1.229,13.3,1.7143,517065.439,13.15592472,3125763.923,0.165420503
三亚市,2016,355113,4230,7800,1.229,13.3,1.7143,506064.417,13.13441925,3347438.529,0.1511796
三亚市,2017,389778,8118,11000,1.229,13.3,1.7143,605863.862,13.31441059,3628969.766,0.166952028
三亚市,2018,427160,9043,13100,1.229,13.3,1.7143,667708.87,13.41160753,3952453.797,0.168935275
三亚市,2019,457907,10261,7443,1.229,13.3,1.7143,711998.5379,13.47583114,4385784.186,0.162342356
三亚市,2020,456200,8622,7371,1.229,13.3,1.7143,687978.5053,13.44151287,4483544.971,0.153445211
三亚市,2021,528337,9853,7716,1.229,13.3,1.7143,793598.6118,13.58433309,5099701.284,0.155616686
厦门市,2006,1032294,43,105128,1.229,13.3,1.7143,1449482.156,14.18671692,11680229,0.124097067
厦门市,2007,1188788,43,110749,1.229,13.3,1.7143,1651449.363,14.31716386,12793250.64,0.129087549
厦门市,2008,1251154,510,99674,1.229,13.3,1.7143,1715322.404,14.35511161,13849926.6,0.123850649
厦门市,2009,1281795,977,82047,1.229,13.3,1.7143,1728973.327,14.36303834,15247253.85,0.11339572
厦门市,2010,1550100,9085,89955,1.229,13.3,1.7143,2180113.257,14.59488739,17046337.07,0.127893356
厦门市,2011,1745300,9856,96681,1.229,13.3,1.7143,2441798.738,14.70824551,19757214.64,0.123590232
厦门市,2012,1875722,17053,84906,1.229,13.3,1.7143,2677621.594,14.80043949,21687664.25,0.123462885
厦门市,2013,2002650,22058,77254,1.229,13.3,1.7143,2887064.782,14.8757509,23140644.43,0.124761641
厦门市,2014,2136462,24962,84494,1.229,13.3,1.7143,3102554.462,14.94773635,24887243.72,0.124664446
厦门市,2015,2112934,25042,83869,1.229,13.3,1.7143,3073631.113,14.93837019,26686806.59,0.115174182
厦门市,2016,2324214,25923,85560,1.229,13.3,1.7143,3347910.414,15.02384695,28608592.29,0.117024647
厦门市,2017,2489140,30263,108864,1.229,13.3,1.7143,3648276.515,15.10976543,30658256.97,0.118998171
厦门市,2018,2695890,33701,119072,1.229,13.3,1.7143,3965597.24,15.19316703,32455487.96,0.122185722
厦门市,2019,2829763,34142,116542,1.229,13.3,1.7143,4131655.278,15.23418868,39900912.62,0.103547889
厦门市,2020,2912300,32690,90840,1.229,13.3,1.7143,4169720.712,15.24335962,42315271.04,0.098539383
厦门市,2021,3280500,38112,105971,1.229,13.3,1.7143,4720290.185,15.36738084,44725316,0.10553956
汕头市,2006,961121,56,313000,1.229,13.3,1.7143,1718538.409,14.35698473,6935420.505,0.247791523
汕头市,2007,1063303,158,315000,1.229,13.3,1.7143,1848905.287,14.43010429,7640822.122,0.241977271
汕头市,2008,1123958,260,311000,1.229,13.3,1.7143,1917949.682,14.4667673,8955336.936,0.214168344
汕头市,2009,1203995,577,313000,1.229,13.3,1.7143,2023959.855,14.52056647,9196134.648,0.220088106
汕头市,2010,1235327,973,315000,1.229,13.3,1.7143,2071162.283,14.5436205,10239099.49,0.20227973
汕头市,2011,1490218,1489,314000,1.229,13.3,1.7143,2389571.822,14.68662475,10893669.62,0.219354167
汕头市,2012,1536322,1565,321000,1.229,13.3,1.7143,2459244.538,14.71536476,12041770.09,0.204226166
汕头市,2013,1626322,1802,32200,1.229,13.3,1.7143,2077916.798,14.54687641,13078159.28,0.1588845
汕头市,2014,1716458,2097,323180,1.229,13.3,1.7143,2691444.456,14.80558858,14123916.08,0.190559363
汕头市,2015,1769414,2500,309000,1.229,13.3,1.7143,2737578.506,14.82258433,15029039.12,0.182152597
汕头市,2016,618384,3381,197825,1.229,13.3,1.7143,1144092.634,13.95012242,16135203.91,0.070906611
汕头市,2017,2009276,4744.5,198793.5,1.229,13.3,1.7143,2873293.751,14.87096958,17852158.25,0.160949377
汕头市,2018,2093623,6108,199762,1.229,13.3,1.7143,2996751.064,14.91303928,18749399.82,0.15983184
汕头市,2019,2119914,7908,207510,1.229,13.3,1.7143,3066285.099,14.93597732,20054731.4,0.152895845
汕头市,2020,2184600,8760,219454,1.229,13.3,1.7143,3177591.392,14.97163404,27310000,0.116352669
汕头市,2021,2493000,10807,163647,1.229,13.3,1.7143,3488170.152,15.06488784,20939421.93,0.16658388
汕尾市,2006,58808,3,17500,1.229,13.3,1.7143,102315.182,11.53581335,2328367.03,0.043942892
汕尾市,2007,57244,3,17540,1.229,13.3,1.7143,100461.598,11.51753082,2617813.87,0.038376142
汕尾市,2008,79719,3,20020,1.229,13.3,1.7143,132334.837,11.79309063,3217556.91,0.041128981
汕尾市,2009,86482,3,20030,1.229,13.3,1.7143,140663.707,11.85412726,3462663.71,0.040622977
汕尾市,2010,95000,3,20400,1.229,13.3,1.7143,151766.62,11.93009923,3938867.127,0.038530525
汕尾市,2011,100589,9,24348,1.229,13.3,1.7143,165483.3574,12.01662591,4701232.165,0.035199997
汕尾市,2012,29559,45,20348,1.229,13.3,1.7143,71809.0874,11.18176631,5158119.586,0.013921563
汕尾市,2013,91745,62,18235,1.229,13.3,1.7143,144839.4655,11.88338127,5610376.638,0.025816353
汕尾市,2014,235582,117.5,14235,1.229,13.3,1.7143,315496.0885,12.66190156,5899611.831,0.053477432
汕尾市,2015,142600,173,10075,1.229,13.3,1.7143,194827.8725,12.17987174,6131114.697,0.031776909
汕尾市,2016,129026,328,9625,1.229,13.3,1.7143,179435.4915,12.09757104,6423834.759,0.027932769
汕尾市,2017,549598,378,1860,1.229,13.3,1.7143,683671.94,13.43523346,6461409.535,0.105808483
汕尾市,2018,568315,661,2697,1.229,13.3,1.7143,711873.9021,13.47565607,6869056.356,0.10363489
汕尾市,2019,605378,858,2396,1.229,13.3,1.7143,759528.4248,13.54045303,8039758.691,0.094471545
汕尾市,2020,659500,940,3588,1.229,13.3,1.7143,829178.4084,13.62819062,11240000,0.073770321
汕尾市,2021,739100,1120,3349,1.229,13.3,1.7143,928991.0907,13.74185443,9204769.779,0.100924967
商洛市,2006,15960,125,1500,1.229,13.3,1.7143,23848.79,10.07948876,1141600,0.020890671
商洛市,2007,19905,125,1627,1.229,13.3,1.7143,28914.9111,10.2721127,1255439.819,0.023031698
商洛市,2008,19234,125,1319,1.229,13.3,1.7143,27562.2477,10.22420228,1460829.783,0.018867529
商洛市,2009,20170,125,750,1.229,13.3,1.7143,27737.155,10.23052813,1902770.144,0.014577249
商洛市,2010,28600,268,1037,1.229,13.3,1.7143,40491.5291,10.60884807,2235929.248,0.018109486
商洛市,2011,29276,428,749,1.229,13.3,1.7143,42956.6147,10.66794592,2595467.24,0.016550629
商洛市,2012,30421,652,634,1.229,13.3,1.7143,47145.8752,10.7610018,2924551.935,0.016120717
商洛市,2013,34056,1166,660,1.229,13.3,1.7143,58494.062,10.97668052,3467851.507,0.016867522
商洛市,2014,36722,2420,750,1.229,13.3,1.7143,78603.063,11.27216595,3918400.668,0.020059986
商洛市,2015,39174,2877,715,1.229,13.3,1.7143,87634.6705,11.38093198,4427523.669,0.019793157
商洛市,2016,155474,3409,3421,1.229,13.3,1.7143,242281.8663,12.39785706,5030185.153,0.048165596
商洛市,2017,411868,4171,3934,1.229,13.3,1.7143,568404.1282,13.25058794,5206755.068,0.109166673
商洛市,2018,424922,5434,1988,1.229,13.3,1.7143,597909.3664,13.30119446,5499687.763,0.108716966
商洛市,2019,452832,6004,1667,1.229,13.3,1.7143,639241.4661,13.36803754,5491505.848,0.116405497
商洛市,2020,399700,6263,1836,1.229,13.3,1.7143,577676.6548,13.26676957,4881636.176,0.118336688
商洛市,2021,606400,8944,2036,1.229,13.3,1.7143,867711.1148,13.67361412,5214821.458,0.166393255
商丘市,2006,417264,20,16001,1.229,13.3,1.7143,540513.9703,13.20027576,6509783,0.083031027
商丘市,2007,522036,368,14005,1.229,13.3,1.7143,670485.4155,13.41575723,7089703.527,0.094571714
商丘市,2008,644234,716,14515,1.229,13.3,1.7143,826169.4505,13.62455518,8073501.162,0.102331
商丘市,2009,642203,736,14525,1.229,13.3,1.7143,823956.4945,13.62187301,8857211.744,0.093026623
商丘市,2010,869297,789,14530,1.229,13.3,1.7143,1103768.492,13.91424078,9684012.453,0.113978426
商丘市,2011,976824,1035,15042,1.229,13.3,1.7143,1240068.697,14.03067734,10679661.78,0.116114978
商丘市,2012,943055,2257,14068,1.229,13.3,1.7143,1213149.467,14.0087304,11411238.49,0.106311814
商丘市,2013,944882,3676,13901,1.229,13.3,1.7143,1233981.262,14.0257563,12536875.4,0.098428135
商丘市,2014,886005,4039,14017,1.229,13.3,1.7143,1166648.188,13.9696454,13785340.71,0.084629623
商丘市,2015,757226,6971,14036,1.229,13.3,1.7143,1047406.969,13.86182811,14872053.93,0.070427862
商丘市,2016,829161,10404,14041,1.229,13.3,1.7143,1181482.555,13.98228061,16274172.01,0.072598628
商丘市,2017,1804449,12800,20850,1.229,13.3,1.7143,2423650.976,14.70078563,17387279.26,0.139392192
商丘市,2018,1937560,12175,17650,1.229,13.3,1.7143,2573446.135,14.76075647,18273825.45,0.140826897
商丘市,2019,1777354,11633,18360,1.229,13.3,1.7143,2370561.514,14.67863741,22106252.78,0.107234887
商丘市,2020,1700100,11853,19828,1.229,13.3,1.7143,2281058.94,14.64015034,21985438.37,0.103753171
商丘市,2021,1881300,25627,19860,1.229,13.3,1.7143,2687002.798,14.80393693,23255072.73,0.115544803
上海市,2006,9901500,454115,458588,1.229,13.3,1.7143,18994830.41,16.75967742,103663700,0.183235119
上海市,2007,10723800,485777,506502,1.229,13.3,1.7143,20508680.68,16.8363588,115559053.3,0.177473595
上海市,2008,11382200,497742,482268,1.229,13.3,1.7143,21435444.43,16.88055639,126214727.4,0.169833148
上海市,2009,11533784,497120,400176,1.229,13.3,1.7143,21472738.25,16.8822947,138775341.9,0.154730213
上海市,2010,12958700,592199,398427,1.229,13.3,1.7143,24485512.41,17.01359217,153310838.3,0.159711555
上海市,2011,13396200,661856,394278,1.229,13.3,1.7143,25942525.38,17.07139409,166234964.9,0.156059379
上海市,2012,13534500,721564,392514,1.229,13.3,1.7143,26903588.45,17.10777024,176454248.6,0.152467785
上海市,2013,14106000,750231,397314,1.229,13.3,1.7143,27995461.69,17.14755297,187120252.5,0.149612142
上海市,2014,13465607,727473,418013,1.229,13.3,1.7143,26941221.59,17.10916807,200767779.6,0.134190963
上海市,2015,14055500,740085,424112,1.229,13.3,1.7143,27844395.2,17.14214225,215228273.4,0.129371456
上海市,2016,14860200,770332,397885,1.229,13.3,1.7143,29190695.66,17.18936057,232154951.8,0.125737984
上海市,2017,15267716,808141,344534,1.229,13.3,1.7143,30102932.9,17.22013316,243494681,0.123628708
上海市,2018,15666595,892863,313578,1.229,13.3,1.7143,31666889.92,17.27078221,255346913.8,0.124015166
上海市,2019,15685775,973605,328008,1.229,13.3,1.7143,32789068.09,17.30560573,299586321.8,0.109447814
上海市,2020,15759600,899019,268425,1.229,13.3,1.7143,31785662.08,17.27452587,303337741.9,0.104786374
上海市,2021,17496200,952305,276367,1.229,13.3,1.7143,34642262.25,17.36058495,325213705.6,0.106521532
上饶市,2006,92677,246,5870,1.229,13.3,1.7143,127234.774,11.75378927,4514277,0.028184973
上饶市,2007,104289,302,5952,1.229,13.3,1.7143,142391.2946,11.86633414,4860005.302,0.029298588
上饶市,2008,106289,350,7510,1.229,13.3,1.7143,148158.574,11.90603843,5458527.529,0.02714259
上饶市,2009,50045,412,8440,1.229,13.3,1.7143,81453.597,11.30778878,6510758.528,0.012510616
上饶市,2010,58203,488,10982,1.229,13.3,1.7143,96848.3296,11.48090142,7464571.567,0.012974399
上饶市,2011,69250,588,12647,1.229,13.3,1.7143,114609.4021,11.64928512,8376632.398,0.013682038
上饶市,2012,69426,715,18000,1.229,13.3,1.7143,125691.454,11.7415854,9582351.76,0.013116973
上饶市,2013,80240,765,18367,1.229,13.3,1.7143,140276.0081,11.85136725,10464041.8,0.013405528
上饶市,2014,81812,1036,14488,1.229,13.3,1.7143,139162.5264,11.84339778,11590514.87,0.012006587
上饶市,2015,203550,1261,20400,1.229,13.3,1.7143,301905.97,12.61787089,12572410.46,0.024013372
上饶市,2016,239795,2105,18000,1.229,13.3,1.7143,353561.955,12.77581401,13770622.7,0.025675088
上饶市,2017,1430991,2996,19640,1.229,13.3,1.7143,1832203.591,14.42102995,15130356.6,0.121094541
上饶市,2018,1579232,4019,20420,1.229,13.3,1.7143,2029334.834,14.52321863,16082000.46,0.126186717
上饶市,2019,1698360,7653,22560,1.229,13.3,1.7143,2227743.948,14.61649995,18109853.09,0.123012812
上饶市,2020,1816000,9251,19240,1.229,13.3,1.7143,2387885.432,14.68591878,18845852.42,0.126706152
上饶市,2021,2072400,9616,18600,1.229,13.3,1.7143,2706758.38,14.81126231,20499818.12,0.132038166
韶关市,2006,471407,404,12360,1.229,13.3,1.7143,605921.151,13.31450514,3767412.918,0.160832158
韶关市,2007,439075,481,18000,1.229,13.3,1.7143,576877.875,13.26538587,4239636.535,0.136067767
韶关市,2008,434400,837,12375,1.229,13.3,1.7143,566224.1625,13.24674533,5014887.076,0.112908657
韶关市,2009,413074,936,23000,1.229,13.3,1.7143,559545.646,13.23488039,5137992.796,0.108903548
韶关市,2010,459495,1183,38204,1.229,13.3,1.7143,645946.3722,13.37847176,5785369.176,0.111651712
韶关市,2011,513525,1734,38204,1.229,13.3,1.7143,719677.5422,13.48655853,6974778.686,0.10318285
韶关市,2012,549191,2360,56056,1.229,13.3,1.7143,802440.5398,13.59541304,7659978.859,0.10475754
韶关市,2013,606000,2610,11751,1.229,13.3,1.7143,799631.7393,13.59190657,8435955.931,0.094788515
韶关市,2014,649772,2545,56896,1.229,13.3,1.7143,929955.1008,13.74289159,9162092.366,0.101500297
韶关市,2015,582226,2748,57500,1.229,13.3,1.7143,850676.404,13.65378708,9252072.378,0.091944417
韶关市,2016,552500,4111,58970,1.229,13.3,1.7143,834791.071,13.63493676,9447025.172,0.088365497
韶关市,2017,1194808,5241,14501,1.229,13.3,1.7143,1562983.396,14.26210699,9455917.591,0.165291563
韶关市,2018,1333393,5241,14501,1.229,13.3,1.7143,1733304.361,14.36554018,10030660.48,0.172800621
韶关市,2019,1442539,9769,14302,1.229,13.3,1.7143,1927326.05,14.47164413,9811483.292,0.196435747
韶关市,2020,1540900,11050,15684,1.229,13.3,1.7143,2067618.181,14.54190787,13530000,0.152817308
韶关市,2021,1676100,10800,12250,1.229,13.3,1.7143,2224567.075,14.61507288,11105754.84,0.200307598
邵阳市,2006,73899,1194,3800,1.229,13.3,1.7143,113216.411,11.63705641,4095117,0.027646685
邵阳市,2007,80589,1135,2800,1.229,13.3,1.7143,118939.421,11.68636958,4384036.767,0.027130115
邵阳市,2008,81694,1281,2750,1.229,13.3,1.7143,122153.551,11.71303415,4847135.135,0.025201185
邵阳市,2009,104127,1498,4017,1.229,13.3,1.7143,154781.8261,11.94977183,5227989.617,0.029606376
邵阳市,2010,114019,1477,3200,1.229,13.3,1.7143,165259.211,12.0152705,5949086.749,0.027778921
邵阳市,2011,123906,950,3100,1.229,13.3,1.7143,170229.804,12.04490459,6892393.585,0.024698213
邵阳市,2012,135622,2147,3542,1.229,13.3,1.7143,201306.5886,12.21258434,7763002.613,0.025931537
邵阳市,2013,161730,3330,3501,1.229,13.3,1.7143,249056.9343,12.4254368,8459099.629,0.029442487
邵阳市,2014,162359,6714,4300,1.229,13.3,1.7143,296206.901,12.59881348,9407766.727,0.031485358
邵阳市,2015,164853,2912,4700,1.229,13.3,1.7143,249391.147,12.42677781,10177017.9,0.024505327
邵阳市,2016,182919,3225,4660,1.229,13.3,1.7143,275688.589,12.52702721,11216593.92,0.024578637
邵阳市,2017,812183,4057,4100,1.229,13.3,1.7143,1059159.637,13.87298636,11751031.74,0.090133331
邵阳市,2018,909180,4859,4300,1.229,13.3,1.7143,1189378.41,13.98894138,12919543.91,0.092060402
邵阳市,2019,990653,5843,4280,1.229,13.3,1.7143,1302561.641,14.07984338,15282318.46,0.085233248
邵阳市,2020,1031000,6263,4300,1.229,13.3,1.7143,1357768.39,14.12135302,15843257.19,0.085700079
邵阳市,2021,1133300,7562,4100,1.229,13.3,1.7143,1500428.93,14.22126158,17041540.15,0.088045383
绍兴市,2006,396981,24614,9405,1.229,13.3,1.7143,831378.8405,13.63084086,16776266,0.049556847
绍兴市,2007,433115,6632,14940,1.229,13.3,1.7143,646115.577,13.37873368,18537279.87,0.034854929
绍兴市,2008,432693,8272,18747,1.229,13.3,1.7143,673935.2791,13.42088936,20147636.06,0.033449844
绍兴市,2009,423091,10718,19480,1.229,13.3,1.7143,695922.803,13.45299402,21878445.82,0.031808603
绍兴市,2010,485155,13509,18371,1.229,13.3,1.7143,807418.6003,13.60159752,24003900.97,0.033636974
绍兴市,2011,532462,10286,18699,1.229,13.3,1.7143,823255.2937,13.62102163,26827088.34,0.030687463
绍兴市,2012,548642,14353,15222,1.229,13.3,1.7143,891270.9926,13.7004038,29464956.89,0.030248508
绍兴市,2013,2447315,30170,30293,1.229,13.3,1.7143,3460942.425,15.05705149,31906590.06,0.108471084
绍兴市,2014,2501567,50786,31374,1.229,13.3,1.7143,3803664.091,15.15147539,34467341.06,0.1103556
绍兴市,2015,2531170,61814,30104,1.229,13.3,1.7143,3984541.417,15.19793279,35849803.89,0.111145417
绍兴市,2016,2514027,86663,31904,1.229,13.3,1.7143,4297050.11,15.27343932,38050032.81,0.112931574
绍兴市,2017,4115520,76579,39003,1.229,13.3,1.7143,6143337.623,15.63087874,39222217.84,0.156629022
绍兴市,2018,4377184,112340,69653,1.229,13.3,1.7143,6993087.274,15.76043269,40481419.1,0.172748076
绍兴市,2019,4623663,101100,65243,1.229,13.3,1.7143,7138957.902,15.78107737,42846228.81,0.166618116
绍兴市,2020,4530000,139958,60024,1.229,13.3,1.7143,7531710.543,15.83463274,44543770.4,0.169085609
绍兴市,2021,5157900,170990,53261,1.229,13.3,1.7143,8704531.432,15.9793543,47844626.79,0.181933312
深圳市,2006,4872038,12999,600925,1.229,13.3,1.7143,7190787.13,15.7883112,54679234.75,0.131508555
深圳市,2007,5678193,12999,527588,1.229,13.3,1.7143,8055830.005,15.90190661,61133366.61,0.131774683
深圳市,2008,5837586,28215,515303,1.229,13.3,1.7143,8433036.627,15.94766748,71718678.41,0.117584942
深圳市,2009,5856808,32000,405207,1.229,13.3,1.7143,8318263.392,15.93396406,72808861.72,0.114247953
深圳市,2010,6635406,38329,478614,1.229,13.3,1.7143,9485177.654,16.06524089,81148156.06,0.116887162
深圳市,2011,6960198,278598,437687,1.229,13.3,1.7143,13009763.57,16.38121068,98246760.76,0.132419262
深圳市,2012,7221044,278929,418551,1.229,13.3,1.7143,13301940.76,16.4034205,109431674.5,0.121554758
深圳市,2013,7297680,314286,387208,1.229,13.3,1.7143,13812643.19,16.4410949,121103344.2,0.114056662
深圳市,2014,7799339,354546,354229,1.229,13.3,1.7143,14908104.21,16.51741553,131667279.3,0.113225581
深圳市,2015,8155442,312676,363490,1.229,13.3,1.7143,14804759.93,16.5104593,140817818.2,0.105134138
深圳市,2016,8420909,328723,404609,1.229,13.3,1.7143,15414934.27,16.55084736,151139447.9,0.101991469
深圳市,2017,8844861,354115,381609,1.229,13.3,1.7143,16234255.98,16.60263413,170778916.8,0.095060071
深圳市,2018,9172307,353113,354338,1.229,13.3,1.7143,16576609.84,16.62350321,180787588.1,0.091691083
深圳市,2019,9839910,365416,335673,1.229,13.3,1.7143,17528726.41,16.6793516,200450539.1,0.087446641
深圳市,2020,9833400,341189,295121,1.229,13.3,1.7143,17128988.23,16.6562828,276700000,0.061904547
深圳市,2021,11034000,1268537,1585841,1.229,13.3,1.7143,33150935.33,17.31658149,219149274.3,0.151271025
沈阳市,2006,1479486,22816,45023,1.229,13.3,1.7143,2198924.023,14.60347872,25196338,0.087271572
沈阳市,2007,1630172,23581,40751,1.229,13.3,1.7143,2386968.127,14.68553455,29646558.88,0.080514172
沈阳市,2008,1665543,22709,38451,1.229,13.3,1.7143,2414898.596,14.69716786,33352111.03,0.072406169
沈阳市,2009,1781666,26594,35300,1.229,13.3,1.7143,2603882.504,14.77251416,38558707.51,0.067530337
沈阳市,2010,2033395,31889,31800,1.229,13.3,1.7143,2977680.895,14.90665533,46105797.36,0.064583655
沈阳市,2011,2169621,39741,156000,1.229,13.3,1.7143,3462450.309,15.05748708,50898446.58,0.06802664
沈阳市,2012,2326455,43332,156000,1.229,13.3,1.7143,3702959.595,15.12464295,56686945.77,0.065322969
沈阳市,2013,2479961,47277,149000,1.229,13.3,1.7143,3932086.869,15.18468085,62076748.04,0.063342346
沈阳市,2014,2538214,51160,134200,1.229,13.3,1.7143,4029952.066,15.20926504,62412140.87,0.064570002
沈阳市,2015,2573527,55510,127590,1.229,13.3,1.7143,4119875.22,15.23133343,65128349.5,0.063257786
沈阳市,2016,2714322,78330,122800,1.229,13.3,1.7143,4588206.778,15.33899983,49474501.38,0.092738818
沈阳市,2017,3385848,78501,32168,1.229,13.3,1.7143,5260416.094,15.47572069,50543552.67,0.104076896
沈阳市,2018,3574457,107195,64608,1.229,13.3,1.7143,5929458.647,15.59544348,53570141.46,0.110685887
沈阳市,2019,3660603,110062,52799,1.229,13.3,1.7143,6053219.013,15.61610076,54915422.61,0.110228033
沈阳市,2020,3761000,148834,58205,1.229,13.3,1.7143,6701542.032,15.71784821,55535593.99,0.120671115
沈阳市,2021,3984100,94357,65270,1.229,13.3,1.7143,6263299.361,15.65021766,59039397.62,0.106086776
十堰市,2006,392600,1582,10507,1.229,13.3,1.7143,521558.1501,13.16457605,3381500,0.154238696
十堰市,2007,221756,1658,8863,1.229,13.3,1.7143,309783.3649,12.64362851,3757272.284,0.082449006
十堰市,2008,305697,1658,8480,1.229,13.3,1.7143,412290.277,12.92948294,4151400.86,0.099313531
十堰市,2009,279801,1934,15998,1.229,13.3,1.7143,397023.0004,12.89174949,4647967.265,0.085418631
十堰市,2010,375120,1982,18055,1.229,13.3,1.7143,518334.7665,13.15837658,5795923.062,0.089430926
十堰市,2011,373712,1982,18241,1.229,13.3,1.7143,516923.1943,13.15564958,6217037.831,0.08314622
十堰市,2012,367428,3442,14057,1.229,13.3,1.7143,521445.5271,13.16436009,6851564.071,0.076106057
十堰市,2013,360877,3563,9012,1.229,13.3,1.7143,506355.0046,13.13499329,7599690.777,0.066628369
十堰市,2014,410603,3919,9708,1.229,13.3,1.7143,573396.2114,13.25933223,8324917.043,0.068877108
十堰市,2015,407089,3664,9609,1.229,13.3,1.7143,565516.2897,13.24549438,9110441.221,0.062073425
十堰市,2016,462575,5650,9538,1.229,13.3,1.7143,660000.6684,13.39999613,9849119.606,0.067011133
十堰市,2017,901064,14333,7331,1.229,13.3,1.7143,1310604.089,14.08599873,10862435.39,0.120654719
十堰市,2018,973936,13112,9061,1.229,13.3,1.7143,1386890.216,14.14257454,11109947.88,0.124833188
十堰市,2019,1031253,13268,9070,1.229,13.3,1.7143,1459423.038,14.19355174,12699959.7,0.114915565
十堰市,2020,1041000,14202,8730,1.229,13.3,1.7143,1483241.439,14.20974041,12002158.01,0.123581229
十堰市,2021,1110200,15424,6972,1.229,13.3,1.7143,1581527.1,14.27390146,13280215.47,0.119088964
石家庄市,2006,1136665,19150,19826,1.229,13.3,1.7143,1685643.997,14.33765824,20266320,0.083174646
石家庄市,2007,1214163,20837,17750,1.229,13.3,1.7143,1799767.252,14.40316791,21381547.72,0.084173853
石家庄市,2008,1224331,18478,12795,1.229,13.3,1.7143,1772394.668,14.38784211,23761592.73,0.074590735
石家庄市,2009,1270267,11027,14790,1.229,13.3,1.7143,1733171.74,14.36546366,25196642.69,0.06878582
石家庄市,2010,1316611,14419,14106,1.229,13.3,1.7143,1834069.535,14.42204785,26509147.13,0.06918629
石家庄市,2011,1421732,24568,33457,1.229,13.3,1.7143,2131418.363,14.57229821,29550453.73,0.07212811
石家庄市,2012,1440928,24613,32051,1.229,13.3,1.7143,2153198.441,14.58246494,32809163.1,0.06562796
石家庄市,2013,1492236,34194,30348,1.229,13.3,1.7143,2340763.82,14.66598785,36497056.24,0.064135688
石家庄市,2014,2228556,35231,34774,1.229,13.3,1.7143,3267080.692,14.99940739,39763716.43,0.082162358
石家庄市,2015,2257985,100133,41695,1.229,13.3,1.7143,4178310.204,15.24541747,42674492.6,0.097911186
石家庄市,2016,3469505.5,100133,41695,1.229,13.3,1.7143,5667268.898,15.55021788,45994093.12,0.12321732
石家庄市,2017,4681026,106680,128034,1.229,13.3,1.7143,7391313.64,15.81581604,47478872.69,0.155675845
石家庄市,2018,4975000,51369.97,29211,1.229,13.3,1.7143,6847572.018,15.7394047,46951543.47,0.145843385
石家庄市,2019,5469998,111908,44380,1.229,13.3,1.7143,8287084.576,15.93020879,44453775.57,0.186420264
石家庄市,2020,5112200,144925,18278,1.229,13.3,1.7143,8241730.275,15.92472086,45580580.63,0.180816702
石家庄市,2021,5395900,90044,18205,1.229,13.3,1.7143,7860355.132,15.87734235,47576730.9,0.165214276
石嘴山市,2006,642794,1551,1326,1.229,13.3,1.7143,812895.2878,13.60835758,1128606.71,0.720264447
石嘴山市,2007,631845,3012,1143,1.229,13.3,1.7143,818556.5499,13.61529776,1265911.108,0.646614557
石嘴山市,2008,719986,4221,1031,1.229,13.3,1.7143,942769.5373,13.75657714,1705705.332,0.55271536
石嘴山市,2009,1136800,745182,573,1.229,13.3,1.7143,11309030.09,16.24111209,1830880.227,6.176826823
石嘴山市,2010,1131000,11852,425,1.229,13.3,1.7143,1548359.178,14.25270633,1841372.329,0.840872404
石嘴山市,2011,1281400,11000,600,1.229,13.3,1.7143,1722169.18,14.35909521,2273368.25,0.75754079
石嘴山市,2012,1278559,13290,137,1.229,13.3,1.7143,1748340.87,14.37417782,2545697.98,0.686782518
石嘴山市,2013,1195674,13422,259,1.229,13.3,1.7143,1648439.95,14.31533991,2817001.861,0.585175314
石嘴山市,2014,1275043,14515,260,1.229,13.3,1.7143,1760523.065,14.38112152,3054024.661,0.576460003
石嘴山市,2015,1176297,12322,211,1.229,13.3,1.7143,1609913.33,14.2916909,3140220.167,0.512675304
石嘴山市,2016,1166052,12516,124,1.229,13.3,1.7143,1599753.281,14.28535998,3117793.007,0.513104391
石嘴山市,2017,2843700,13282,80,1.229,13.3,1.7143,3671695.044,15.11616398,3162549.571,1.160992092
石嘴山市,2018,2707073,16764,54,1.229,13.3,1.7143,3550046.489,15.08247126,3572005.29,0.993852529
石嘴山市,2019,3000000,15818,41,1.229,13.3,1.7143,3897449.686,15.17583297,2992612.23,1.302357067
石嘴山市,2020,3292927,15611,36,1.229,13.3,1.7143,4254695.298,15.26353371,5420000,0.784999132
石嘴山市,2021,2365100,17025,31,1.229,13.3,1.7143,3133193.543,14.95756334,3297502.168,0.950171792
双鸭山市,2006,161018,583,1185,1.229,13.3,1.7143,207676.4675,12.2437367,1692288,0.122719341
双鸭山市,2007,198948,693,1728,1.229,13.3,1.7143,256686.3024,12.45561001,1971914.254,0.130171128
双鸭山市,2008,214810,805,1650,1.229,13.3,1.7143,277536.585,12.53370804,2352893.915,0.117955418
双鸭山市,2009,206322,693,1964,1.229,13.3,1.7143,266153.5232,12.49182858,2938740.993,0.090567193
双鸭山市,2010,193455,693,2278,1.229,13.3,1.7143,250878.2704,12.43272312,3787009.296,0.06624707
双鸭山市,2011,208553,735,4275,1.229,13.3,1.7143,273415.7695,12.51874888,4456446.852,0.061352862
双鸭山市,2012,218533,735,4000,1.229,13.3,1.7143,285209.757,12.56098018,4911951.568,0.058064448
双鸭山市,2013,228533,735,4000,1.229,13.3,1.7143,297499.757,12.60316869,4823845.603,0.061672736
双鸭山市,2014,233668,735,3250,1.229,13.3,1.7143,302524.947,12.61991902,3854622.066,0.078483686
双鸭山市,2015,471166,975,3250,1.229,13.3,1.7143,597601.989,13.30068024,4236235.204,0.141069124
双鸭山市,2016,471166,975,3420,1.229,13.3,1.7143,597893.42,13.30116779,4387160.78,0.136282541
双鸭山市,2017,475373,945,4360,1.229,13.3,1.7143,604276.265,13.31178676,4754563.468,0.127093953
双鸭山市,2018,492834,1117,5184.5,1.229,13.3,1.7143,629436.8744,13.35258085,5215834.682,0.120678072
双鸭山市,2019,492108,726,6009,1.229,13.3,1.7143,624757.7607,13.34511927,4830307.443,0.1293412
双鸭山市,2020,491382,1030,5638,1.229,13.3,1.7143,627272.7014,13.34913666,5006139.006,0.125300696
双鸭山市,2021,505400,1015,5568,1.229,13.3,1.7143,644181.3224,13.37573552,5115026.167,0.125939008
朔州市,2006,140177,4230,1538,1.229,13.3,1.7143,231173.1264,12.35092217,2341263,0.098738641
朔州市,2007,175918,4444,1300,1.229,13.3,1.7143,277537.012,12.53370958,2986242.951,0.092938524
朔州市,2008,395962,4650,1300,1.229,13.3,1.7143,550710.888,13.21896525,3363385.385,0.163737076
朔州市,2009,73862,3693,1300,1.229,13.3,1.7143,142121.888,11.86444033,4787630.08,0.029685227
朔州市,2010,338164,4079,1300,1.229,13.3,1.7143,472082.846,13.06490977,5084052.36,0.092855622
朔州市,2011,410798,4314,1300,1.229,13.3,1.7143,564475.532,13.24365232,5832801.286,0.096776061
朔州市,2012,512848,4437,1300,1.229,13.3,1.7143,691530.882,13.44666309,6994524.293,0.098867464
朔州市,2013,505733,4048,1300,1.229,13.3,1.7143,677612.847,13.42633138,7572879.473,0.08947889
朔州市,2014,581519,4045,1300,1.229,13.3,1.7143,770713.941,13.55507256,7696981.584,0.100131972
朔州市,2015,628978,5151,1300,1.229,13.3,1.7143,843750.852,13.64561253,7275154.494,0.115977036
朔州市,2016,604079,3938,1300,1.229,13.3,1.7143,797017.081,13.58863139,7644709.976,0.104257334
朔州市,2017,768153,4345,1300,1.229,13.3,1.7143,1004077.127,13.8195794,7189914.698,0.13965077
朔州市,2018,846686,5397,1180,1.229,13.3,1.7143,1114380.068,13.92380882,7562756.289,0.147351048
朔州市,2019,883045,4377,2300,1.229,13.3,1.7143,1147419.295,13.95302589,7523615.972,0.15250902
朔州市,2020,1260200,5969,2400,1.229,13.3,1.7143,1632287.82,14.30549316,7757645.512,0.21041021
朔州市,2021,1025400,7272,2352,1.229,13.3,1.7143,1360966.234,14.12370547,8454134.547,0.160982325
四平市,2006,183135,2412,490,1.229,13.3,1.7143,257992.522,12.46068588,3801684,0.067862695
四平市,2007,239961,2467,100,1.229,13.3,1.7143,327894.599,12.70044749,4193973.03,0.078182334
四平市,2008,90680,2441,100,1.229,13.3,1.7143,144082.45,11.87814098,4976104.094,0.028954871
四平市,2009,352683,2748,6100,1.229,13.3,1.7143,480453.037,13.08248476,5390437.895,0.089130614
四平市,2010,383308,2764,6100,1.229,13.3,1.7143,518303.962,13.15831715,5971893.473,0.086790557
四平市,2011,426932,2870,9000,1.229,13.3,1.7143,578299.128,13.26784654,6907831.174,0.083716454
四平市,2012,417576,3277,9000,1.229,13.3,1.7143,572213.704,13.25726781,7645960.296,0.074838697
四平市,2013,335238,3281,9000,1.229,13.3,1.7143,471073.502,13.06276942,8231368.025,0.057229066
四平市,2014,246386,7768,5738,1.229,13.3,1.7143,415959.4474,12.93834305,8276893.57,0.050255503
四平市,2015,196921,3154,2230,1.229,13.3,1.7143,287786.998,12.5699759,8902185.576,0.032327679
四平市,2016,78188,3180,2130,1.229,13.3,1.7143,142038.511,11.8638535,8817594.218,0.016108533
四平市,2017,588001,3460,2110,1.229,13.3,1.7143,772288.402,13.55711334,7930376.782,0.09738357
四平市,2018,649565,5616,890,1.229,13.3,1.7143,874533.912,13.68144635,7097653.483,0.123214512
四平市,2019,684119,5821,870,1.229,13.3,1.7143,919692.992,13.73179519,5913759.409,0.155517485
四平市,2020,519800,6026,850,1.229,13.3,1.7143,720437.155,13.48761347,3818886.517,0.188651103
四平市,2021,542500,6120,820,1.229,13.3,1.7143,749534.226,13.52720726,3998601.637,0.187449087
松原市,2006,144026,2200,52500,1.229,13.3,1.7143,296268.704,12.59902211,4736781,0.062546422
松原市,2007,165630,2800,13200,1.229,13.3,1.7143,263428.03,12.48153548,5359723.537,0.049149556
松原市,2008,160661,3780,13900,1.229,13.3,1.7143,271555.139,12.51192049,6729243.794,0.040354481
松原市,2009,167977,4200,15000,1.229,13.3,1.7143,288018.233,12.57077907,7373078.352,0.039063498
松原市,2010,195231,5400,13300,1.229,13.3,1.7143,334559.089,12.72056879,8448537.249,0.039599647
松原市,2011,209253,6200,22700,1.229,13.3,1.7143,378546.547,12.84409432,9548396.15,0.03964504
松原市,2012,327133,6700,12600,1.229,13.3,1.7143,512756.637,13.14755662,10932457.77,0.046902229
松原市,2013,343116,7350,11000,1.229,13.3,1.7143,538301.864,13.19617477,11224705.16,0.047956882
松原市,2014,349745,7965,9934,1.229,13.3,1.7143,552800.9612,13.22275329,10916454.74,0.050639239
松原市,2015,356643,8030,6434,1.229,13.3,1.7143,556143.0532,13.22878083,11818825.44,0.047055696
松原市,2016,329123,8512,6024,1.229,13.3,1.7143,528028.7102,13.17690594,12199604.4,0.043282445
松原市,2017,535722,8583,5200,1.229,13.3,1.7143,781470.598,13.56893281,11220890.61,0.069644258
松原市,2018,575695,10180,4100,1.229,13.3,1.7143,849951.785,13.6529349,10324148.43,0.082326575
松原市,2019,598786,10265,3500,1.229,13.3,1.7143,878432.544,13.6858944,5423422.573,0.161970146
松原市,2020,631400,11000,3300,1.229,13.3,1.7143,927947.79,13.74073075,5456587.376,0.170060099
松原市,2021,663500,10782,2924,1.229,13.3,1.7143,963854.7132,13.77869585,5904072.454,0.163252521
苏州市,2006,1811087,28811,242230,1.229,13.3,1.7143,3024267.112,14.92217934,48202600,0.062740747
苏州市,2007,2114503,40391,169793,1.229,13.3,1.7143,3427000.627,15.04719598,53536623.22,0.064012267
苏州市,2008,2267713,49362,130052,1.229,13.3,1.7143,3666482.021,15.11474318,59562887.23,0.061556486
苏州市,2009,2296425,42945,126052,1.229,13.3,1.7143,3609565.769,15.09909804,69417763.24,0.051997725
苏州市,2010,2692950,63332,68005,1.229,13.3,1.7143,4268532.122,15.26678056,77700536.74,0.054935684
苏州市,2011,2899339,72303,67713,1.229,13.3,1.7143,4640997.927,15.35043997,84865720.48,0.054686367
苏州市,2012,5140791,94762,62000,1.229,13.3,1.7143,7684653.339,15.85473583,95328474.97,0.08061236
苏州市,2013,5492795,113539,86976,1.229,13.3,1.7143,8409816.712,15.94491024,102533888.5,0.082019875
苏州市,2014,5454612,114245,88875,1.229,13.3,1.7143,8375535.061,15.94082552,107773802.7,0.077714016
苏州市,2015,5679415,200918,87259,1.229,13.3,1.7143,9801798.539,16.09807645,112239302.6,0.087329468
苏州市,2016,6069996,117130,35905,1.229,13.3,1.7143,9079406.026,16.02151933,118922070.5,0.076347527
苏州市,2017,15035283,93553,83313,1.229,13.3,1.7143,19865441.18,16.80449216,128524126.8,0.154565852
苏州市,2018,15624897,103299,85125,1.229,13.3,1.7143,20722804.9,16.84674534,135661430,0.152753844
苏州市,2019,15444800,110081,62334,1.229,13.3,1.7143,20552595.68,16.8384978,140390446.9,0.14639597
苏州市,2020,15230000,129564,73412,1.229,13.3,1.7143,20566721.39,16.83918486,146616779.6,0.140275359
苏州市,2021,16852800,139919,64493,1.229,13.3,1.7143,22683574.25,16.93715162,157357181.4,0.14415341
宿迁市,2006,138168,40,6240,1.229,13.3,1.7143,181037.704,12.1064606,4542000,0.039858587
宿迁市,2007,170148,40,7460,1.229,13.3,1.7143,222432.57,12.31237928,5089916.378,0.043700633
宿迁市,2008,202970,320,7910,1.229,13.3,1.7143,267266.243,12.49600061,5822351.355,0.045903489
宿迁市,2009,240060,2575,8142,1.229,13.3,1.7143,343239.0706,12.74618248,7415609.374,0.046286024
宿迁市,2010,339119,3735,7023,1.229,13.3,1.7143,478492.2799,13.07839536,8958843.908,0.053410048
宿迁市,2011,461477,6212,10745,1.229,13.3,1.7143,668194.9865,13.41233531,10459373.66,0.063884799
宿迁市,2012,560014,8487,16150,1.229,13.3,1.7143,828820.251,13.62775858,12079339.54,0.068614699
宿迁市,2013,658322,11471,12301,1.229,13.3,1.7143,982729.6423,13.79808933,13441541.54,0.073111379
宿迁市,2014,710206,13863,7985,1.229,13.3,1.7143,1070909.76,13.88401909,15120877.03,0.070823257
宿迁市,2015,723258,14776,8247,1.229,13.3,1.7143,1099542.714,13.91040494,16453456.36,0.066827461
宿迁市,2016,783592,15261,8555,1.229,13.3,1.7143,1180671.705,13.98159408,18067750.07,0.065346914
宿迁市,2017,1715543,16579,6780,1.229,13.3,1.7143,2340526.001,14.66588625,19375186.73,0.120800178
宿迁市,2018,1920504,20737,5866,1.229,13.3,1.7143,2646157.6,14.78861918,20065450.23,0.131876313
宿迁市,2019,2092200,31272,5017,1.229,13.3,1.7143,2995832.043,14.91273256,22617487.78,0.132456446
宿迁市,2020,992300,31584,4727,1.229,13.3,1.7143,1647707.396,14.31489542,23711647.75,0.069489367
宿迁市,2021,2581700,32574,3898,1.229,13.3,1.7143,3612825.841,15.10000081,25759809.74,0.140250486
宿州市,2006,99482,240,7705,1.229,13.3,1.7143,138664.0595,11.83980945,3590100,0.03862401
宿州市,2007,148968,376,7600,1.229,13.3,1.7143,201111.152,12.21161303,3962354.689,0.050755464
宿州市,2008,162386,606,7800,1.229,13.3,1.7143,221003.734,12.30593488,4484705.545,0.04927943
宿州市,2009,188242,1294,7820,1.229,13.3,1.7143,261965.444,12.47596788,4699788.614,0.055739835
宿州市,2010,206120,1709,7500,1.229,13.3,1.7143,288908.43,12.57386507,5300916.671,0.054501598
宿州市,2011,226875,2250,7445,1.229,13.3,1.7143,321517.3385,12.68080675,6032531.433,0.05329725
宿州市,2012,289971,2750,7446,1.229,13.3,1.7143,405714.0368,12.91340385,6791148.28,0.059741596
宿州市,2013,319598,2696,7450,1.229,13.3,1.7143,441414.277,12.99773912,7399607.16,0.059653745
宿州市,2014,338139,2857,7100,1.229,13.3,1.7143,465742.461,13.0513881,8304737.506,0.056081539
宿州市,2015,341540,4664,6000,1.229,13.3,1.7143,492069.66,13.10637557,9243217.862,0.053235753
宿州市,2016,352494,4904,4880,1.229,13.3,1.7143,506804.11,13.13587984,9964924.034,0.050858803
宿州市,2017,781111,5413,4680,1.229,13.3,1.7143,1040001.243,13.85473247,10407094.86,0.099931946
宿州市,2018,877367,6828,4805,1.229,13.3,1.7143,1177333.655,13.97876282,10902418.24,0.107988304
宿州市,2019,960248,8610,4566,1.229,13.3,1.7143,1302485.286,14.07978476,13108570.69,0.09936135
宿州市,2020,992300,8681,5414,1.229,13.3,1.7143,1344275.22,14.11136556,13406322.29,0.100271737
宿州市,2021,1135200,9711,2290,1.229,13.3,1.7143,1528242.847,14.23962917,13974665.18,0.109358101
绥化市,2021,617200,1591,3500,1.229,13.3,1.7143,785699.15,13.57432924,11677327.18,0.06728416
随州市,2006,69713,346,14267,1.229,13.3,1.7143,114736.9951,11.65039779,2183300,0.052552098
随州市,2007,84733,346,14000,1.229,13.3,1.7143,132738.857,11.796139,2352701.584,0.056419759
随州市,2008,93594,698,12990,1.229,13.3,1.7143,146579.183,11.89532106,2640795.835,0.055505685
随州市,2009,109169,954,10370,1.229,13.3,1.7143,164634.192,12.01148127,2884395.396,0.057077539
随州市,2010,144062,1246,9270,1.229,13.3,1.7143,209515.559,12.25255328,3159681.936,0.066309066
随州市,2011,123214,1246,9270,1.229,13.3,1.7143,183893.367,12.12211134,3783099.473,0.048609181
随州市,2012,92812,1607,8470,1.229,13.3,1.7143,149959.169,11.91811833,4233619.637,0.03542103
随州市,2013,109720,1634,8470,1.229,13.3,1.7143,171098.201,12.04999295,4655363.563,0.036752919
随州市,2014,117264,2320,8470,1.229,13.3,1.7143,189493.577,12.15211041,5015457.133,0.037781915
随州市,2015,131567,2385,2972,1.229,13.3,1.7143,198511.2426,12.19860102,5502619.045,0.036075774
随州市,2016,145025,3476,8000,1.229,13.3,1.7143,238180.925,12.38078585,5872877.407,0.040556087
随州市,2017,375296,5476,3592,1.229,13.3,1.7143,540227.3496,13.19974535,6226841.579,0.086757844
随州市,2018,422498,6664,2790,1.229,13.3,1.7143,612664.139,13.32557217,6427588.765,0.095317881
随州市,2019,459582,7471,2720,1.229,13.3,1.7143,668853.474,13.41332029,7331024.923,0.091236011
随州市,2020,465100,7152,2510,1.229,13.3,1.7143,671032.393,13.41657269,6875387.642,0.097599209
随州市,2021,520800,7318,2750,1.229,13.3,1.7143,742106.925,13.51724862,7615872.182,0.097442145
遂宁市,2006,109550,4281,775,1.229,13.3,1.7143,192902.8325,12.16994188,2218766.567,0.086941473
遂宁市,2007,105261,5997,734,1.229,13.3,1.7143,210384.1652,12.2566905,2580936.145,0.081514673
遂宁市,2008,87281,7073,693,1.229,13.3,1.7143,202527.2589,12.21862977,3246434.109,0.062384528
遂宁市,2009,118010,8061,652,1.229,13.3,1.7143,253363.3136,12.44257976,3403884.092,0.07443359
遂宁市,2010,102545,8470,611,1.229,13.3,1.7143,239726.2423,12.38725289,3849376.561,0.062276641
遂宁市,2011,129489,9030,570,1.229,13.3,1.7143,280218.132,12.54332362,4609752.216,0.060788112
遂宁市,2012,133523,10425,529,1.229,13.3,1.7143,303659.1317,12.62366107,5173749.931,0.058692271
遂宁市,2013,144461,9794,488,1.229,13.3,1.7143,308639.3474,12.63992871,5561652.164,0.055494184
遂宁市,2014,163434,12313,447,1.229,13.3,1.7143,365389.5781,12.8087194,6279915.849,0.058183833
遂宁市,2015,189834,14254,406,1.229,13.3,1.7143,423580.1918,12.95649813,7012034.627,0.060407601
遂宁市,2016,189059,14268,365,1.229,13.3,1.7143,422743.6305,12.9545212,7297166.756,0.057932571
遂宁市,2017,431942,15738,324,1.229,13.3,1.7143,740727.5512,13.51538816,7857909.422,0.094265219
遂宁市,2018,476803,21143,283,1.229,13.3,1.7143,867677.9339,13.67357588,8381090.469,0.103528048
遂宁市,2019,506884,24031,242,1.229,13.3,1.7143,942987.5966,13.75680841,9146218.198,0.103101367
遂宁市,2020,538000,24933,201,1.229,13.3,1.7143,993155.4743,13.8086425,14030000,0.070787988
遂宁市,2021,663300,33492,180,1.229,13.3,1.7143,1260947.874,14.04737428,10041346.97,0.125575571
台州市,2006,491595,25,56577,1.229,13.3,1.7143,701492.7061,13.46096578,14633068,0.047938867
台州市,2007,562728,25,71024,1.229,13.3,1.7143,813681.6552,13.60932448,16185300.42,0.050272879
台州市,2008,618693,25,68494,1.229,13.3,1.7143,878125.4612,13.68554476,17812164.65,0.0492992
台州市,2009,671955,25,71261,1.229,13.3,1.7143,948327.9273,13.76245564,18790470.78,0.050468556
台州市,2010,761636,25,61161,1.229,13.3,1.7143,1041231.446,13.85591465,20837251.11,0.049969712
台州市,2011,818396,279,63912,1.229,13.3,1.7143,1119083.726,13.92802081,22176772.85,0.050461974
台州市,2012,865363,1036,61428,1.229,13.3,1.7143,1182615.947,13.98323945,23475490.96,0.050376623
台州市,2013,942172,2262,61770,1.229,13.3,1.7143,1293906.299,14.07317634,25360450.27,0.051020636
台州市,2014,954879,4216,67167,1.229,13.3,1.7143,1344763.479,14.1117287,27369221.93,0.049134151
台州市,2015,954079,5822,66601,1.229,13.3,1.7143,1364169.785,14.12605659,28527974.42,0.04781867
台州市,2016,1058562,8374,60150,1.229,13.3,1.7143,1515462.043,14.23123093,30975814.67,0.048924042
台州市,2017,3105087,13078,65378,1.229,13.3,1.7143,4102166.828,15.22702589,33891922.16,0.121036712
台州市,2018,3295674,18863,71355,1.229,13.3,1.7143,4423585.123,15.30246104,36429270.97,0.121429417
台州市,2019,3312213,20857,69021,1.229,13.3,1.7143,4466430.577,15.31210012,38050949.44,0.117380266
台州市,2020,3490000,20660,63163,1.229,13.3,1.7143,4672268.331,15.35715524,39065799.63,0.119599967
台州市,2021,3972600,27781,56927,1.229,13.3,1.7143,5349402.656,15.49249546,40740104.57,0.13130557
太原市,2006,1241413,70004,32255,1.229,13.3,1.7143,2512044.524,14.73660753,10136482,0.247822126
太原市,2007,1526347,76328,24535,1.229,13.3,1.7143,2933103.214,14.89157154,11281299.23,0.259996934
太原市,2008,1853577,73463,24000,1.229,13.3,1.7143,3296247.233,15.00829518,11745222.02,0.2806458
太原市,2009,1569268,72387,47000,1.229,13.3,1.7143,2971949.572,14.90472872,13180018.32,0.225489032
太原市,2010,2019443,82087,32728,1.229,13.3,1.7143,3629758.157,15.10467658,13489146.46,0.269087312
太原市,2011,2260178,94556,31439,1.229,13.3,1.7143,4089249.44,15.223872,14187258.16,0.288233949
太原市,2012,2311059,106822,32475,1.229,13.3,1.7143,4316696.004,15.27800085,16053076.78,0.268901474
太原市,2013,2299961,85741,31405.5,1.229,13.3,1.7143,4020845.818,15.20700284,17802387.48,0.22585992
太原市,2014,2058282,77014,30336,1.229,13.3,1.7143,3605919.783,15.09808744,19415559.15,0.1857232
太原市,2015,2263614,83000,30317,1.229,13.3,1.7143,3937854.039,15.18614647,22083439.06,0.178317065
太原市,2016,2348433,81156,1352,1.229,13.3,1.7143,3967916.691,15.19375175,24611289.85,0.161223435
太原市,2017,2705500,130238,21791,1.229,13.3,1.7143,5094581.211,15.44368803,24808231.75,0.205358498
太原市,2018,2915041,115641,42230,1.229,13.3,1.7143,5193005.578,15.4628232,27567983.91,0.188370887
太原市,2019,2879514,103590,32053,1.229,13.3,1.7143,4971618.164,15.41925593,28542983.76,0.174180044
太原市,2020,3190900,93043,30250,1.229,13.3,1.7143,5210945.575,15.46627189,29288638.01,0.177916965
太原市,2021,2885300,99257,35000,1.229,13.3,1.7143,4926152.3,15.41006877,30472960.7,0.161656504
泰安市,2006,385301,5371,11721,1.229,13.3,1.7143,565062.5393,13.24469169,10181800,0.055497313
泰安市,2007,322282,11464,10812,1.229,13.3,1.7143,567090.7896,13.24827469,11455247.4,0.049504892
泰安市,2008,309490,9962,1800,1.229,13.3,1.7143,515943.55,13.15375264,12999004.18,0.039691006
泰安市,2009,323811,10050,800,1.229,13.3,1.7143,533000.159,13.186277,14847924.7,0.035897283
泰安市,2010,366252,17100,800,1.229,13.3,1.7143,678925.148,13.42826616,17070524.08,0.039771781
泰安市,2011,422895,21147,1013,1.229,13.3,1.7143,802729.6409,13.59577325,18430065.63,0.043555441
泰安市,2012,429765,30755,1021,1.229,13.3,1.7143,938972.9853,13.75254199,20322307.18,0.046204054
泰安市,2013,403895,47023,1021,1.229,13.3,1.7143,1123543.155,13.93199778,22102535.9,0.050833224
泰安市,2014,419444,23312,2740,1.229,13.3,1.7143,830243.458,13.62947426,24055570.23,0.034513564
泰安市,2015,419444,21273,2813,1.229,13.3,1.7143,803249.9019,13.59642115,25053807.87,0.032060991
泰安市,2016,531504,25192,4416,1.229,13.3,1.7143,995842.3648,13.81134426,26586866.28,0.037456177
泰安市,2017,1812812,28095,1550,1.229,13.3,1.7143,2604266.613,14.77266166,28702048.42,0.090734521
泰安市,2018,1983766,39105,1500,1.229,13.3,1.7143,2960716.364,14.90094181,29435018.35,0.100584832
泰安市,2019,2047233,40261,1450,1.229,13.3,1.7143,3054006.392,14.93196486,21365177.07,0.142943182
泰安市,2020,2154100,42018,1380,1.229,13.3,1.7143,3208594.034,14.9813434,22168335.73,0.144737705
泰安市,2021,2449300,42731,1351,1.229,13.3,1.7143,3580828.019,15.09110462,22954147.11,0.155999175
泰州市,2006,276239,70144,20025,1.229,13.3,1.7143,1306741.789,14.08304741,10022800,0.130376919
泰州市,2007,317792,58109,20365,1.229,13.3,1.7143,1198327.788,13.99643763,11286279.15,0.106175629
泰州市,2008,325618,46074,20390,1.229,13.3,1.7143,1047923.299,13.86232095,12393628.5,0.08455339
泰州市,2009,371976,34039,20420,1.229,13.3,1.7143,944883.21,13.75881661,14895913.71,0.063432377
泰州市,2010,399557,22004,19445,1.229,13.3,1.7143,817043.3165,13.61344739,17248693.9,0.047368416
泰州市,2011,405334,9969,19125,1.229,13.3,1.7143,663529.1735,13.4053281,19184168.6,0.03458733
泰州市,2012,458012,13785,18025,1.229,13.3,1.7143,777137.5055,13.56337258,21441357.43,0.03624479
泰州市,2013,762225,15577,24029,1.229,13.3,1.7143,1185141.54,13.98537277,23687560,0.050032234
泰州市,2014,784406,18024,23558,1.229,13.3,1.7143,1244139.653,14.03395481,26400446.04,0.047125706
泰州市,2015,800883,20363,21284,1.229,13.3,1.7143,1291600.268,14.07139253,28538701.48,0.04525785
泰州市,2016,841311,26686,13079,1.229,13.3,1.7143,1411316.349,14.16003341,31521120.09,0.044773674
泰州市,2017,2739038,30915,9935,1.229,13.3,1.7143,3794478.773,15.14905761,35208067.27,0.107772993
泰州市,2018,2861359,40916,11421,1.229,13.3,1.7143,4080372.031,15.22169873,37258207.14,0.10951606
泰州市,2019,2960000,42424,9542,1.229,13.3,1.7143,4218437.051,15.25497525,37462266.78,0.11260496
泰州市,2020,3068100,43045,10968,1.229,13.3,1.7143,4361995.842,15.28844027,38620473.49,0.112945167
泰州市,2021,3378000,58050,12018,1.229,13.3,1.7143,4944229.457,15.41373169,41732415.62,0.118474557
唐山市,2006,2637663,27878,35778,1.229,13.3,1.7143,3673799.452,15.11673696,23621410,0.155528372
唐山市,2007,3281304,42929,35778,1.229,13.3,1.7143,4665012.541,15.35560108,25173762.44,0.185312488
唐山市,2008,3602444,44121,35778,1.229,13.3,1.7143,5075547.201,15.4399449,29812713.15,0.170247746
唐山市,2009,4247116,50790,26097,1.229,13.3,1.7143,5939950.651,15.59721138,32008920.51,0.185571727
唐山市,2010,4659232,73479,10557,1.229,13.3,1.7143,6721564.693,15.72083153,34834736.91,0.192955805
唐山市,2011,4753750,73229,11000,1.229,13.3,1.7143,6835161.75,15.73759069,39392472.12,0.173514415
唐山市,2012,5231221,58591,9921,1.229,13.3,1.7143,7225438.479,15.79311848,42734759.03,0.169076383
唐山市,2013,5650821,63206,9870,1.229,13.3,1.7143,7802418.95,15.86994437,45933795.96,0.169862272
唐山市,2014,5497923,49885,9869,1.229,13.3,1.7143,7437336.294,15.82202332,47877843.98,0.155339833
唐山市,2015,4970925,50445,10087,1.229,13.3,1.7143,6797477.469,15.73206214,47870648.55,0.14199677
唐山市,2016,3168787,73422,11000,1.229,13.3,1.7143,4889809.123,15.40266383,49308319.05,0.099168035
唐山市,2017,7613981,86630,10709,1.229,13.3,1.7143,10528120.09,16.16956034,50193061.41,0.209752499
唐山市,2018,7955282,85316,18327,1.229,13.3,1.7143,10943162.35,16.20822538,53685202.05,0.203839456
唐山市,2019,8615362,84190,18130,1.229,13.3,1.7143,11739087.16,16.27843461,52717128,0.222680704
唐山市,2020,8686800,99595,14266,1.229,13.3,1.7143,12025146.9,16.30251059,55380213.47,0.217137966
唐山市,2021,9121300,117948,12110,1.229,13.3,1.7143,12799546.27,16.36492028,60339610.48,0.212125106
天津市,2006,4457300,116592,23770,1.229,13.3,1.7143,7069444.211,15.77129242,43591500,0.162174833
天津市,2007,5106800,120100,20502,1.229,13.3,1.7143,7908733.779,15.88347825,48472005.08,0.163160855
天津市,2008,5352600,125109,87403,1.229,13.3,1.7143,8392130.063,15.94280493,55640905.23,0.150826627
天津市,2009,5769200,128080,58963,1.229,13.3,1.7143,8894891.071,16.00098763,68031994.67,0.130745704
天津市,2010,6753678,160000,53368,1.229,13.3,1.7143,10519759.02,16.16876586,79779189.41,0.131860941
天津市,2011,6951505,169739,58608,1.229,13.3,1.7143,10901400.04,16.20440178,93376309.43,0.116746958
天津市,2012,7224850,256241,49105,1.229,13.3,1.7143,12371526.65,16.33090815,106316227.2,0.116365366
天津市,2013,7744916,281885,49490,1.229,13.3,1.7143,13352412.97,16.40720767,118619231.4,0.11256533
天津市,2014,7943612,301000,43154,1.229,13.3,1.7143,13839978.05,16.44307192,130437379,0.106104386
天津市,2015,8006009,297416,50494,1.229,13.3,1.7143,13881579.73,16.44607332,143410506.9,0.096796114
天津市,2016,8079297,330923,54227,1.229,13.3,1.7143,14423693.26,16.48438278,155836885.5,0.09255635
天津市,2017,8055945,422860,57567,1.229,13.3,1.7143,15623481.51,16.56428557,152375557.7,0.102532727
天津市,2018,8614388,501030,57326,1.229,13.3,1.7143,17349055.81,16.66904864,150497274.6,0.115278206
天津市,2019,8784332,536544,52996,1.229,13.3,1.7143,18022830.27,16.70714986,112436197.6,0.160293844
天津市,2020,9727600,572058,48666,1.229,13.3,1.7143,19647019.92,16.79343623,113732726,0.172747288
天津市,2021,9822900,664135,87899,1.229,13.3,1.7143,21056024.86,16.86269729,121313031.6,0.173567708
天水市,2006,138910,76,6900,1.229,13.3,1.7143,183559.86,12.12029611,1663925,0.110317388
天水市,2007,116923,76,8943,1.229,13.3,1.7143,160040.1519,11.98318001,1814551.925,0.088198166
天水市,2008,170177,197,9015,1.229,13.3,1.7143,227222.0475,12.333683,2009114.936,0.113095594
天水市,2009,149797,242,9015,1.229,13.3,1.7143,202773.5275,12.21984501,2387911.685,0.084916678
天水市,2010,213493,469,9015,1.229,13.3,1.7143,284075.0115,12.55699361,2554777.197,0.111193654
天水市,2011,219398,621,6705,1.229,13.3,1.7143,289393.8235,12.57554375,2819820.832,0.102628444
天水市,2012,222985,748,6705,1.229,13.3,1.7143,295491.3465,12.59639483,3251419.423,0.090880723
天水市,2013,244641.2,798,7083,1.229,13.3,1.7143,323419.8217,12.68670652,3570807.68,0.090573296
天水市,2014,266297.4,1637,7083,1.229,13.3,1.7143,361193.9915,12.79717047,4132647.455,0.087400146
天水市,2015,287953.6,2410,6169,1.229,13.3,1.7143,396523.4911,12.89049056,4708635.269,0.084211978
天水市,2016,309609.8,4250,6234,1.229,13.3,1.7143,447722.3904,13.01192866,5127884.586,0.087311324
天水市,2017,331266,7095,6199,1.229,13.3,1.7143,512116.3597,13.14630714,5068584.011,0.101037362
天水市,2018,365527,8018,2165,1.229,13.3,1.7143,559583.5425,13.23494811,5300160.447,0.105578604
天水市,2019,400161,9197,2085,1.229,13.3,1.7143,617692.2845,13.33374569,5079331.454,0.121608974
天水市,2020,434795,9540,2085,1.229,13.3,1.7143,664819.3705,13.40727066,5376855.932,0.123644632
天水市,2021,974500,10204,1086,1.229,13.3,1.7143,1335235.43,14.10461819,5699078.141,0.234289721
铁岭市,2006,69519,2749,1925,1.229,13.3,1.7143,125300.5785,11.73847076,3239324,0.038681089
铁岭市,2007,72333,2800,2925,1.229,13.3,1.7143,131151.5845,11.78410907,3717992.235,0.035274841
铁岭市,2008,80598,3040,2900,1.229,13.3,1.7143,144458.412,11.88074694,4633542.069,0.03117667
铁岭市,2009,83977,3142,2835,1.229,13.3,1.7143,149856.3735,11.9174326,5471520.396,0.027388434
铁岭市,2010,96087,3723,2926,1.229,13.3,1.7143,172622.8648,12.05886452,6635586.371,0.026014711
铁岭市,2011,111220,4058,2826,1.229,13.3,1.7143,195505.3918,12.18334324,7518490.511,0.026003277
铁岭市,2012,142216,4318,3110,1.229,13.3,1.7143,237544.337,12.37810957,8373724.56,0.028367823
铁岭市,2013,146193,4364,3118,1.229,13.3,1.7143,243057.5844,12.40105367,8942845.327,0.027178999
铁岭市,2014,151909,4420,2945,1.229,13.3,1.7143,250530.7745,12.43133704,7625261.377,0.032855369
铁岭市,2015,360000,4580,2850,1.229,13.3,1.7143,508239.755,13.13870857,6635257.05,0.076596845
铁岭市,2016,560000,7058,3268,1.229,13.3,1.7143,787713.7324,13.57689002,5245355.251,0.150173572
铁岭市,2017,747127,6496,3340,1.229,13.3,1.7143,1010341.645,13.82579909,5194416.662,0.194505314
铁岭市,2018,900000,8110,1815,1.229,13.3,1.7143,1217074.455,14.01196055,5249566.409,0.231842853
铁岭市,2019,959000,11221,2589,1.229,13.3,1.7143,1332288.623,14.10240879,5432128.357,0.245260888
铁岭市,2020,1018000,12041,1485,1.229,13.3,1.7143,1413813.036,14.16180089,5602571.335,0.252350742
铁岭市,2021,870500,12156,2653,1.229,13.3,1.7143,1236067.338,14.0274454,5831453.814,0.211965554
通化市,2006,161582,1309,8000,1.229,13.3,1.7143,229708.378,12.34456586,2847362,0.080674104
通化市,2007,181445,1302,3700,1.229,13.3,1.7143,246655.415,12.41574756,3120685.897,0.079038847
通化市,2008,205285,1593,3000,1.229,13.3,1.7143,278625.065,12.5376223,3731373.213,0.074670918
通化市,2009,218859,2232,2100,1.229,13.3,1.7143,302263.341,12.61905391,4239718.287,0.071293261
通化市,2010,216349,2400,2100,1.229,13.3,1.7143,301412.951,12.61623653,4803884.632,0.062743587
通化市,2011,219676,2400,1960,1.229,13.3,1.7143,305261.832,12.62892515,5474022.783,0.055765539
通化市,2012,191393,2445,2110,1.229,13.3,1.7143,271357.67,12.51119305,6000198.435,0.045224783
通化市,2013,210617,3502,2090,1.229,13.3,1.7143,309007.78,12.64112173,6824316.343,0.045280401
通化市,2014,203693,3990,6656,1.229,13.3,1.7143,314816.0778,12.65974387,6896727.217,0.04564717
通化市,2015,198210,3752,2037,1.229,13.3,1.7143,296993.7191,12.60146627,7227238.948,0.041093663
通化市,2016,350000,3868,2000,1.229,13.3,1.7143,485023,13.09195159,6999038.325,0.06929852
通化市,2017,496407,3548,2000,1.229,13.3,1.7143,660701.203,13.40105698,6590541.324,0.100249914
通化市,2018,561751,5426,2100,1.229,13.3,1.7143,766157.809,13.54914344,6233117.856,0.122917267
通化市,2019,558095,5248,1700,1.229,13.3,1.7143,758611.465,13.53924502,5393705.189,0.140647558
通化市,2020,463600,4933,1197,1.229,13.3,1.7143,637425.3171,13.3651924,5427601.52,0.117441436
通化市,2021,591200,5621,1129,1.229,13.3,1.7143,803279.5447,13.59645806,4099649.332,0.195938599
通辽市,2006,185809,174,3460,1.229,13.3,1.7143,236604.939,12.37414711,4130283,0.057285406
通辽市,2007,430051,207,3650,1.229,13.3,1.7143,537542.974,13.19476399,5571009.799,0.096489325
通辽市,2008,499215,240,3750,1.229,13.3,1.7143,623155.86,13.34255194,6800161.343,0.091638393
通辽市,2009,481449,604,3030,1.229,13.3,1.7143,604928.35,13.3128653,8981174.438,0.06735515
通辽市,2010,597011,711,3030,1.229,13.3,1.7143,748377.148,13.52566234,10865752.24,0.068874859
通辽市,2011,689504,910,3010,1.229,13.3,1.7143,864663.459,13.67009565,13177149.34,0.0656184
通辽市,2012,973823,1775,3019,1.229,13.3,1.7143,1225611.439,14.01895041,15387559.4,0.079649502
通辽市,2013,705293,1912,3620,1.229,13.3,1.7143,898440.463,13.70841572,16189446.88,0.055495439
通辽市,2014,763331,1919,3672,1.229,13.3,1.7143,969951.4086,13.78500125,17316638.7,0.056012684
通辽市,2015,543552,1967,576,1.229,13.3,1.7143,695173.9448,13.45191737,17422611.39,0.039900674
通辽市,2016,674582,2000,555,1.229,13.3,1.7143,856612.7145,13.66074119,18178632.14,0.047121957
通辽市,2017,3507776,2256,523,1.229,13.3,1.7143,4341958.083,15.28383598,14591283.78,0.29757204
通辽市,2018,4176800,2459,473,1.229,13.3,1.7143,5166802.764,15.45776463,11345093.5,0.455421788
通辽市,2019,4162337,2248,450,1.229,13.3,1.7143,5146182.008,15.45376564,10894417.02,0.472368737
通辽市,2020,4147874,2718,348,1.229,13.3,1.7143,5134483.122,15.45148974,10909007.35,0.470664558
通辽市,2021,2853800,3106,302,1.229,13.3,1.7143,3549147.719,15.08221805,10548523.72,0.336459187
铜川市,2006,339370,1128,1441,1.229,13.3,1.7143,434558.4363,12.98208571,836310,0.519614062
铜川市,2007,420031,2084,1608,1.229,13.3,1.7143,546691.8934,13.21164066,945476.592,0.578218327
铜川市,2008,480050,2086,1708,1.229,13.3,1.7143,620653.2744,13.33852787,1079867.105,0.574749681
铜川市,2009,525123,3101,1700,1.229,13.3,1.7143,689533.777,13.44377096,1317373.276,0.52341564
铜川市,2010,580857,4530,3950,1.229,13.3,1.7143,780893.738,13.56819436,1468205.461,0.531869523
铜川市,2011,596297,5704,1779,1.229,13.3,1.7143,811761.9527,13.60696241,1677463.977,0.483922137
铜川市,2012,600252,7400,1288,1.229,13.3,1.7143,838337.7264,13.63917631,1888208.621,0.443985753
铜川市,2013,526897,8760,1327,1.229,13.3,1.7143,766339.2891,13.54938029,2185565.082,0.350636682
铜川市,2014,320834,11051,1337,1.229,13.3,1.7143,543575.3051,13.20592353,2212347.048,0.245700739
铜川市,2015,271006,12851,1020,1.229,13.3,1.7143,505733.26,13.13376466,2310763.06,0.218859851
铜川市,2016,374932,14869,852,1.229,13.3,1.7143,660009.7116,13.40000983,2241449.146,0.294456697
铜川市,2017,496421,14416,318,1.229,13.3,1.7143,802379.3564,13.59533679,2396361.805,0.334832309
铜川市,2018,420300,16077,729,1.229,13.3,1.7143,731622.5247,13.50301998,2186860.168,0.334553866
铜川市,2019,385051,15484,685,1.229,13.3,1.7143,680339.1745,13.43034674,2329133.305,0.292099715
铜川市,2020,454900,16324,615,1.229,13.3,1.7143,777235.5945,13.56349879,2523389.742,0.308012505
铜川市,2021,477800,18939,565,1.229,13.3,1.7143,840073.4795,13.64124464,2686979.601,0.312646021
铜陵市,2006,328705,3043,29700,1.229,13.3,1.7143,495365.055,13.11305025,2436300,0.203326789
铜陵市,2007,365339,2755,18791,1.229,13.3,1.7143,517856.5423,13.15745354,2679424.801,0.193271534
铜陵市,2008,384608,4597,18075,1.229,13.3,1.7143,564809.3045,13.24424344,2854452.577,0.19786957
铜陵市,2009,431922,8541,20946,1.229,13.3,1.7143,680335.1658,13.43034085,2988269.22,0.227668632
铜陵市,2010,459581,9596,17945,1.229,13.3,1.7143,723214.9625,13.49146178,3802723.474,0.190183422
铜陵市,2011,488230,9920,12488,1.229,13.3,1.7143,753378.8484,13.5323235,4355923.149,0.172955037
铜陵市,2012,503841,12216,15725,1.229,13.3,1.7143,808650.7565,13.60312241,4611544.835,0.17535355
铜陵市,2013,579237,18444,530,1.229,13.3,1.7143,958096.052,13.77270331,4965029.226,0.192968865
铜陵市,2014,587698,17901,277,1.229,13.3,1.7143,960839.0031,13.77556214,5215796.85,0.184217106
铜陵市,2015,684374,16836,134,1.229,13.3,1.7143,1065244.162,13.87871459,6818207.486,0.156235222
铜陵市,2016,713203,16703,1057,1.229,13.3,1.7143,1100488.402,13.91126464,7056768.693,0.15594792
铜陵市,2017,856403,17953,1030,1.229,13.3,1.7143,1293059.916,14.072522,7963313.545,0.16237712
铜陵市,2018,896923,18126,1020,1.229,13.3,1.7143,1345142.753,14.1120107,8174762.729,0.164548232
铜陵市,2019,983000,20299,1030,1.229,13.3,1.7143,1479849.429,14.2074509,6358882.196,0.23272163
铜陵市,2020,978900,22785,2900,1.229,13.3,1.7143,1511080.07,14.22833523,6581881.457,0.229581781
铜陵市,2021,1050600,23034,4770,1.229,13.3,1.7143,1605716.811,14.28908083,7515894.652,0.213642804
威海市,2006,290677,1262,11382,1.229,13.3,1.7143,393538.7956,12.88293493,13685270,0.028756378
威海市,2007,319196,1949,11591,1.229,13.3,1.7143,438084.0353,12.99016603,14793830.12,0.029612618
威海市,2008,335952,2420,10985,1.229,13.3,1.7143,463902.5935,13.04742988,15292914.82,0.030334478
威海市,2009,368631,4558,6728,1.229,13.3,1.7143,525202.7094,13.17153958,15407741.7,0.034086936
威海市,2010,435765,5441,3318,1.229,13.3,1.7143,613608.5324,13.32711243,16180421.98,0.0379229
威海市,2011,469000,5635,1720,1.229,13.3,1.7143,654295.096,13.39131375,16883556.05,0.038753394
威海市,2012,489839,5762,2452,1.229,13.3,1.7143,682850.1946,13.43403078,18653522.78,0.036607037
威海市,2013,512877,6338,7845,1.229,13.3,1.7143,728069.9165,13.49815236,20193720.13,0.036054274
威海市,2014,682884,10098,10465,1.229,13.3,1.7143,991507.9855,13.80698228,22358120.95,0.04434666
威海市,2015,681556,10333,9440,1.229,13.3,1.7143,991244.216,13.80671622,23809839.22,0.041631706
威海市,2016,712161,10595,15538,1.229,13.3,1.7143,1042796.162,13.85741628,25748489.31,0.040499314
威海市,2017,1170307,12114,16013,1.229,13.3,1.7143,1626874.589,14.3021713,28176837.32,0.057738013
威海市,2018,1264283,18800,15643,1.229,13.3,1.7143,1830660.602,14.42018744,29354005.2,0.062364934
威海市,2019,1328103,18918,13734,1.229,13.3,1.7143,1907392.183,14.46124752,23771165.48,0.080239742
威海市,2020,1378200,16518,16082,1.229,13.3,1.7143,1941066.573,14.47874816,24188010.57,0.08024912
威海市,2021,1521900,17616,16093,1.229,13.3,1.7143,2132296.13,14.57270995,26530919.45,0.080370231
潍坊市,2006,654117,9463,3130,1.229,13.3,1.7143,935133.452,13.74844453,17208800,0.054340422
潍坊市,2007,685482,9540,8550,1.229,13.3,1.7143,983996.643,13.79937776,19208894.6,0.051226094
潍坊市,2008,873723,11570,10370,1.229,13.3,1.7143,1245463.858,14.0350186,21404248.07,0.058187695
潍坊市,2009,831290,12864,14675,1.229,13.3,1.7143,1217903.963,14.01264188,23429279.06,0.051982136
潍坊市,2010,1058761,15658,15727,1.229,13.3,1.7143,1536429.465,14.24497175,25717277.68,0.059743083
潍坊市,2011,1146182,17420,10798,1.229,13.3,1.7143,1658854.689,14.32163798,28327934.89,0.05855897
潍坊市,2012,1127435,19301,8800,1.229,13.3,1.7143,1657406.755,14.32076474,32014729.03,0.051770132
潍坊市,2013,1356713,26298,8800,1.229,13.3,1.7143,2032249.517,14.52465387,35012247.99,0.05804396
潍坊市,2014,1298300,27549,8650,1.229,13.3,1.7143,1976841.095,14.49701072,38348719.83,0.051549077
潍坊市,2015,1362674,23772,8590,1.229,13.3,1.7143,2005619.783,14.51146369,41014793.49,0.048899912
潍坊市,2016,2691464,27500,8410,1.229,13.3,1.7143,3687976.519,15.1205885,41446715.29,0.088981153
潍坊市,2017,4938500,33920,10200,1.229,13.3,1.7143,6538038.36,15.69314773,46961957.01,0.139219887
潍坊市,2018,5362400,37020,10200,1.229,13.3,1.7143,7100241.46,15.77563935,49629862.62,0.143063895
潍坊市,2019,5805592,40020,10180,1.229,13.3,1.7143,7684790.142,15.85475363,45625560.19,0.168431688
潍坊市,2020,6430400,52000,10680,1.229,13.3,1.7143,8612870.324,15.96876819,47061629.58,0.183012582
潍坊市,2021,6908000,55900,9000,1.229,13.3,1.7143,9248830.7,16.04000769,53697539.34,0.172239377
渭南市,2006,44789,1380,4472,1.229,13.3,1.7143,81066.0306,11.30301929,3500700,0.023157092
渭南市,2007,46228,1426,4572,1.229,13.3,1.7143,83617.7916,11.33401159,3927994.381,0.021287656
渭南市,2008,52454,1978,4530,1.229,13.3,1.7143,98539.145,11.49820916,4110587.793,0.023972033
渭南市,2009,53316,2854,4554,1.229,13.3,1.7143,111290.4862,11.61989905,5540456.486,0.02008688
渭南市,2010,64316,3465,5713,1.229,13.3,1.7143,134922.6599,11.812457,6267663.958,0.021526786
渭南市,2011,75507,5123,6332,1.229,13.3,1.7143,171788.9506,12.05402197,7359740.164,0.023341714
渭南市,2012,77313,5260,6720,1.229,13.3,1.7143,176495.773,12.08105221,7971326.389,0.022141331
渭南市,2013,89468,5318,6200,1.229,13.3,1.7143,191314.232,12.16167255,9157054.411,0.020892552
渭南市,2014,93942,5340,6390,1.229,13.3,1.7143,197431.095,12.19314492,9680968.979,0.020393733
渭南市,2015,96722,5863,6935,1.229,13.3,1.7143,208737.9085,12.24883472,10460059.29,0.01995571
渭南市,2016,103541,6071,7155,1.229,13.3,1.7143,220262.0055,12.30257305,10707937.46,0.020569975
渭南市,2017,1468175,6856,7726,1.229,13.3,1.7143,1908816.557,14.461994,11352371.17,0.168142543
渭南市,2018,1501943,6980,7866,1.229,13.3,1.7143,1952206.631,14.4844709,11787413.36,0.165617899
渭南市,2019,1570521,7021,7897,1.229,13.3,1.7143,2037087.436,14.52703162,11993396.28,0.169850757
渭南市,2020,1652400,36887,2015,1.229,13.3,1.7143,2524851.015,14.74169261,12326296.49,0.204834519
渭南市,2021,1871000,37856,2114,1.229,13.3,1.7143,2806567.83,14.84747288,12773864.3,0.219711731
温州市,2006,880943,9909,121400,1.229,13.3,1.7143,1422584.667,14.16798596,18375038,0.077419414
温州市,2007,948999,5236,121500,1.229,13.3,1.7143,1444246.021,14.18309796,20293737.64,0.071167079
温州市,2008,980374,563,101439,1.229,13.3,1.7143,1386264.424,14.14212322,21972543.98,0.063090757
温州市,2009,1022082,783,107226,1.229,13.3,1.7143,1450370.21,14.1873294,23274243.97,0.062316534
温州市,2010,1159208,1063,108000,1.229,13.3,1.7143,1623948.932,14.30037135,25118903.86,0.06465047
温州市,2011,1230634,1860,94100,1.229,13.3,1.7143,1698502.816,14.34525772,27523816.52,0.061710294
温州市,2012,1203312,1535,105080,1.229,13.3,1.7143,1679424.592,14.33396179,29587138.62,0.056761981
温州市,2013,1228977,3657,115010,1.229,13.3,1.7143,1756212.476,14.37867005,32200725.38,0.054539531
温州市,2014,1282475,4009,53736,1.229,13.3,1.7143,1721601.1,14.35876529,34767602.11,0.049517395
温州市,2015,1246010,3947,44773,1.229,13.3,1.7143,1660595.744,14.32268698,37070852.4,0.044795186
温州市,2016,1402420,6566.5,72911,1.229,13.3,1.7143,1935899.957,14.47608287,40533146.78,0.04776091
温州市,2017,3991164,9186,61824,1.229,13.3,1.7143,5133299.239,15.45125914,41795650.45,0.122818982
温州市,2018,4233012,22598,61599,1.229,13.3,1.7143,5608524.314,15.5397982,44885111.48,0.124952888
温州市,2019,4410769,25995,61282,1.229,13.3,1.7143,5871624.334,15.58564187,48960765.87,0.119925092
温州市,2020,4990000,31227,59927,1.229,13.3,1.7143,6650761.956,15.71024199,51001540.81,0.130403157
温州市,2021,5138300,36349,55375,1.229,13.3,1.7143,6893341.763,15.74606654,53407136.74,0.129071547
乌海市,2006,758637,534,2100,1.229,13.3,1.7143,943067.103,13.75689272,1523965,0.618824647
乌海市,2007,972800,489,2680,1.229,13.3,1.7143,1206669.224,14.00337441,1806251.318,0.668051678
乌海市,2008,1044830,32927,1070,1.229,13.3,1.7143,1723859.471,14.36007621,2200542.263,0.783379397
乌海市,2009,1014540,37702,947,1.229,13.3,1.7143,1749929.702,14.37508617,2907252.165,0.601918789
乌海市,2010,1180348,1440,1510,1.229,13.3,1.7143,1472388.285,14.20239632,3611919.894,0.407646993
乌海市,2011,1443990,2810,1508,1.229,13.3,1.7143,1814621.874,14.41138767,4395160.755,0.412868146
乌海市,2012,1565686,2965,1508,1.229,13.3,1.7143,1966247.758,14.49163759,5116644.312,0.384284628
乌海市,2013,1593784,2965,1331,1.229,13.3,1.7143,2000476.769,14.50889609,5180198.684,0.386177614
乌海市,2014,1691538,6680,1331,1.229,13.3,1.7143,2170025.935,14.59024968,5516018.487,0.393404399
乌海市,2015,1581939,4298,1194.8,1.229,13.3,1.7143,2003414.677,14.51036362,5195703.795,0.385590626
乌海市,2016,1687490,5014,1058.6,1.229,13.3,1.7143,2142426.168,14.57744947,5336198.262,0.401489237
乌海市,2017,1764744,28532,922.4,1.229,13.3,1.7143,2549927.246,14.75157539,4794199.36,0.531877599
乌海市,2018,2015720,28962,786.2,1.229,13.3,1.7143,2863862.263,14.86768171,4322710.731,0.662515361
乌海市,2019,2244744,12048,650,1.229,13.3,1.7143,2920143.071,14.88714317,4737824.608,0.616346807
乌海市,2020,2325400,9972,650,1.229,13.3,1.7143,2991658.495,14.91133847,4809531.038,0.622027069
乌海市,2021,2239100,14144,460,1.229,13.3,1.7143,2940757.678,14.89417782,5367710.867,0.547860671
乌兰察布市,2006,30514,5170,3500,1.229,13.3,1.7143,112262.756,11.62859744,2850871,0.039378406
乌兰察布市,2007,60467,5170,3500,1.229,13.3,1.7143,149074.993,11.91220477,3269583.865,0.045594485
乌兰察布市,2008,79293,5170,5083,1.229,13.3,1.7143,174925.8839,12.07211764,3983947.498,0.043907678
乌兰察布市,2009,72022,5170,5190,1.229,13.3,1.7143,166173.255,12.02078623,4671008.313,0.035575457
乌兰察布市,2010,102339,5170,5190,1.229,13.3,1.7143,203432.848,12.22309124,5241647.487,0.03881086
乌兰察布市,2011,113247,5170,5190,1.229,13.3,1.7143,216838.78,12.28690941,6275992.643,0.034550515
乌兰察布市,2012,130334,3296,6012,1.229,13.3,1.7143,214323.6576,12.27524257,7104825.946,0.030165927
乌兰察布市,2013,149309,2552,3785,1.229,13.3,1.7143,223930.9865,12.31909319,7575864.295,0.029558474
乌兰察布市,2014,151100,2971,3785,1.229,13.3,1.7143,231704.8255,12.35321954,8018864.747,0.028894966
乌兰察布市,2015,90842,3700,3642.5,1.229,13.3,1.7143,167099.1558,12.02634266,8480582.568,0.019703735
乌兰察布市,2016,155416,2987,3500,1.229,13.3,1.7143,236733.414,12.37468995,8755274.291,0.027038949
乌兰察布市,2017,3866135,3283,3500,1.229,13.3,1.7143,4801143.865,15.38436475,7645274.076,0.627988456
乌兰察布市,2018,4375204,3285,3400,1.229,13.3,1.7143,5426644.836,15.50683161,6663760.663,0.814351702
乌兰察布市,2019,5201405,3282,3231,1.229,13.3,1.7143,6441716.248,15.67830556,6947662.945,0.927177426
乌兰察布市,2020,2263400,3291,3276,1.229,13.3,1.7143,2831104.947,14.85617763,7064799.589,0.400733936
乌兰察布市,2021,5400500,3301,2832,1.229,13.3,1.7143,6685972.698,15.71552226,6758232.066,0.989307948
乌鲁木齐市,2006,682070,628459,53843,1.229,13.3,1.7143,9289071.785,16.04434919,6202951.489,1.497524493
乌鲁木齐市,2007,804688,666210,47316,1.229,13.3,1.7143,9930668.371,16.11113834,7293077.551,1.361656763
乌鲁木齐市,2008,1354400,981220,33765,1.229,13.3,1.7143,14772666.94,16.5082892,9587979.956,1.540748626
乌鲁木齐市,2009,975855,984802,19505,1.229,13.3,1.7143,14330629.82,16.47790975,8991553.844,1.593787911
乌鲁木齐市,2010,1134410,68243,19620,1.229,13.3,1.7143,2335456.356,14.66371787,10133269.14,0.230474127
乌鲁木齐市,2011,1587434,88498,26853,1.229,13.3,1.7143,3174013.884,14.97050755,12516033.15,0.253595835
乌鲁木齐市,2012,1589621,146244,26625,1.229,13.3,1.7143,3944332.647,15.18779033,14549052.01,0.271105818
乌鲁木齐市,2013,1887672,233341,27340,1.229,13.3,1.7143,5470253.15,15.51483545,15935814.58,0.343267872
乌鲁木齐市,2014,1498365,297454,31326,1.229,13.3,1.7143,5851330.947,15.58217971,19285407.16,0.303407177
乌鲁木齐市,2015,1615085,279168,35563,1.229,13.3,1.7143,5758839.516,15.56624654,21419625.33,0.268858088
乌鲁木齐市,2016,2148571,309599,32857,1.229,13.3,1.7143,6814587.214,15.73457605,18584641.03,0.366678442
乌鲁木齐市,2017,3228386,307916,47199,1.229,13.3,1.7143,8143882.44,15.91277758,19077083.73,0.426893468
乌鲁木齐市,2018,3663958,314661,50800,1.229,13.3,1.7143,8775082.122,15.98742669,21666190.91,0.405012684
乌鲁木齐市,2019,3796954,303658,43870,1.229,13.3,1.7143,8780314.207,15.98802275,24308225.16,0.36120754
乌鲁木齐市,2020,4256100,285347,31326,1.229,13.3,1.7143,9079564.162,16.02153675,33370000,0.272087628
乌鲁木齐市,2021,5801700,306270,32336,1.229,13.3,1.7143,11259113.9,16.23668848,23844071.99,0.472197614
无锡市,2006,1893084,17203,19330,1.229,13.3,1.7143,2588537.555,14.76660362,33005900,0.07842651
无锡市,2007,2147849,25455,20628,1.229,13.3,1.7143,3013620.501,14.91865274,36235509.12,0.083167605
无锡市,2008,2151505,28360,74849,1.229,13.3,1.7143,3149701.286,14.96281818,39281717.42,0.080182372
无锡市,2009,2154395,30741,67305,1.229,13.3,1.7143,3171987.717,14.96986899,44768098.64,0.070853751
无锡市,2010,2507785,41635,55005,1.229,13.3,1.7143,3730108.337,15.13194784,48775263.76,0.076475411
无锡市,2011,2594821,51525,73487,1.229,13.3,1.7143,4000296.273,15.20187898,54482551.83,0.073423438
无锡市,2012,2604597,56521,65988,1.229,13.3,1.7143,4065902.241,15.21814623,60063371.63,0.06769354
无锡市,2013,2761769,62975,44122,1.229,13.3,1.7143,4307419.946,15.27584966,63574524.34,0.067753868
无锡市,2014,2720191,69289,46314,1.229,13.3,1.7143,4344054.529,15.28431869,64263100.82,0.06759796
无锡市,2015,2796971,69963,39995,1.229,13.3,1.7143,4436548.688,15.30538731,65918294.76,0.067303754
无锡市,2016,3014954,93030,39446,1.229,13.3,1.7143,5010299.744,15.4270063,70776625.38,0.070790317
无锡市,2017,6866704,137522,34501,1.229,13.3,1.7143,10327366.88,16.15030791,78005653.14,0.132392544
无锡市,2018,7328121,135471,33881,1.229,13.3,1.7143,10866107.21,16.20115907,83440357.53,0.130226038
无锡市,2019,7508200,112454,34531,1.229,13.3,1.7143,10782412.49,16.19342689,86499666.07,0.124652649
无锡市,2020,7595300,112107,34941,1.229,13.3,1.7143,10885546.16,16.20294643,89918173.73,0.121060579
无锡市,2021,8386400,125961,27164,1.229,13.3,1.7143,12028734.15,16.30280886,96992367.79,0.124017327
芜湖市,2006,248450,7801,58683,1.229,13.3,1.7143,509698.6169,13.14157488,4797190,0.106249412
芜湖市,2007,352907,10253,49184,1.229,13.3,1.7143,654403.7342,13.39147977,5438246.123,0.1203336
芜湖市,2008,431151,11278,32840,1.229,13.3,1.7143,736179.591,13.50922938,6577814.873,0.111918563
芜湖市,2009,479730,15531,29560,1.229,13.3,1.7143,846825.178,13.64924955,7841672.068,0.107990384
芜湖市,2010,527315,18677,29520,1.229,13.3,1.7143,947080.371,13.76113924,9032934.095,0.104847479
芜湖市,2011,638395,22928,29023,1.229,13.3,1.7143,1139283.984,13.94591054,12466430.88,0.091388144
芜湖市,2012,737276,26877,26003,1.229,13.3,1.7143,1308153.247,14.08412697,13906865.62,0.094065283
芜湖市,2013,859505,28851,18000,1.229,13.3,1.7143,1470907.345,14.20139001,15316211.3,0.096035979
芜湖市,2014,936850,27978,19200,1.229,13.3,1.7143,1556410.61,14.25789284,16816933.11,0.092550205
芜湖市,2015,966118,32568,17349,1.229,13.3,1.7143,1650254.813,14.31644027,18379268.1,0.08978893
芜湖市,2016,1073204,34131,17500,1.229,13.3,1.7143,1802910.266,14.40491273,19899000.41,0.090603057
芜湖市,2017,1799925,35904,24000,1.229,13.3,1.7143,2730774.225,14.82009573,21029790.36,0.12985266
芜湖市,2018,1928581,36617,30000,1.229,13.3,1.7143,2908661.149,14.88320345,21925805.42,0.132659261
芜湖市,2019,2027286,34361,23000,1.229,13.3,1.7143,2987964.694,14.91010301,23965037.28,0.124680161
芜湖市,2020,2067800,44619,25342,1.229,13.3,1.7143,3178202.691,14.9718264,24603387.56,0.129177443
芜湖市,2021,2350800,50263,22389,1.229,13.3,1.7143,3596012.563,15.09533617,27736616.37,0.129648567
吴忠市,2006,52086,2989,2051,1.229,13.3,1.7143,107283.4233,11.58322943,1040487.267,0.103108829
吴忠市,2007,194396,2667,3039,1.229,13.3,1.7143,279593.5417,12.54109219,1038014.389,0.269354206
吴忠市,2008,194551,10860,2371,1.229,13.3,1.7143,387605.7843,12.86774408,1290037.396,0.30046089
吴忠市,2009,202800,3507,2676,1.229,13.3,1.7143,300471.7668,12.61310907,1256926.06,0.239052858
吴忠市,2010,210230,3507,2676,1.229,13.3,1.7143,309603.2368,12.64304688,1338168.024,0.231363499
吴忠市,2011,227100,4732,2812,1.229,13.3,1.7143,346862.1116,12.75668261,1679968.204,0.20646945
吴忠市,2012,168200,4972,2011,1.229,13.3,1.7143,276292.8573,12.52921666,1956164.464,0.141242141
吴忠市,2013,177100,5355,2053,1.229,13.3,1.7143,292396.8579,12.58586726,2220639.411,0.131672372
吴忠市,2014,190995,8286,1410,1.229,13.3,1.7143,347353.818,12.75809919,2506108.707,0.138602854
吴忠市,2015,186073,6266,2833,1.229,13.3,1.7143,316878.1289,12.66627253,2635237.555,0.120246514
吴忠市,2016,307303,8499,1147,1.229,13.3,1.7143,492678.3891,13.10761189,2685881.267,0.183432676
吴忠市,2017,1562661,8473,1212,1.229,13.3,1.7143,2035279.001,14.52614347,3003555.455,0.677623247
吴忠市,2018,1626052,11673,1450,1.229,13.3,1.7143,2156154.543,14.58383689,3151178.189,0.684237581
吴忠市,2019,1660453,9952,1595,1.229,13.3,1.7143,2175792.646,14.59290359,3396702.727,0.64056022
吴忠市,2020,1694854,8123,1813,1.229,13.3,1.7143,2194119.492,14.60129138,6220000,0.35275233
吴忠市,2021,934300,9027,1898,1.229,13.3,1.7143,1271567.541,14.05576098,4072441.9,0.312237123
梧州市,2006,83121,30,7682,1.229,13.3,1.7143,115723.9616,11.65896299,2465749.428,0.046932572
梧州市,2007,96989,30,20015,1.229,13.3,1.7143,153910.1955,11.94412457,2725888.967,0.056462386
梧州市,2008,99468,30,6708,1.229,13.3,1.7143,134144.6964,11.80667432,3453683.729,0.038841048
梧州市,2009,176980,71,6496,1.229,13.3,1.7143,229588.8128,12.34404522,3637660.832,0.063114409
梧州市,2010,202829,180,7331,1.229,13.3,1.7143,264238.3743,12.48460691,4300507.711,0.06144353
梧州市,2011,416964,338,7360,1.229,13.3,1.7143,529561.404,13.1798044,5476022.81,0.096705478
梧州市,2012,234792,552,7475,1.229,13.3,1.7143,308715.3605,12.64017497,6193766.679,0.049842911
梧州市,2013,280031,710,6915,1.229,13.3,1.7143,365455.4835,12.80889975,7319926.711,0.049926112
梧州市,2014,310085,1053,8279,1.229,13.3,1.7143,409292.0547,12.92218425,7786995.085,0.052560975
梧州市,2015,261215,1319,6529,1.229,13.3,1.7143,349768.5997,12.76502707,7749217.758,0.045135988
梧州市,2016,297665,2472,5268,1.229,13.3,1.7143,407738.8174,12.91838209,8195030.027,0.049754402
梧州市,2017,667392,3999,7846,1.229,13.3,1.7143,886861.8658,13.69544452,9029337.376,0.098220039
梧州市,2018,754021,8118,9006,1.229,13.3,1.7143,1050100.195,13.86439614,6808017.705,0.154244633
梧州市,2019,801346,9214,9298,1.229,13.3,1.7143,1123339.995,13.93181694,6511642.271,0.172512547
梧州市,2020,948200,14054,7685,1.229,13.3,1.7143,1365430.396,14.12698024,10810000,0.126311785
梧州市,2021,1108000,18263,9940,1.229,13.3,1.7143,1621670.042,14.29896707,8530794.739,0.19009601
武汉市,2006,2068313,18020,94209,1.229,13.3,1.7143,2943125.166,14.89498256,25907569,0.113600978
武汉市,2007,2262132,37257,190000,1.229,13.3,1.7143,3601395.328,15.09683192,28693286.23,0.125513519
武汉市,2008,2529619,44499,148447,1.229,13.3,1.7143,3955221.143,15.19054707,33712984.48,0.117320409
武汉市,2009,2727838,65249,133134,1.229,13.3,1.7143,4448556.218,15.30809016,38982151.18,0.114117771
武汉市,2010,3117800,86887,215200,1.229,13.3,1.7143,5356290.66,15.49378225,43784714.63,0.122332433
武汉市,2011,3281625,113500,204800,1.229,13.3,1.7143,5893755.765,15.589404,49387199.09,0.119337721
武汉市,2012,3476037,125131,168563,1.229,13.3,1.7143,6225259.324,15.64412566,57381849.09,0.108488301
武汉市,2013,3768151,140000,175000,1.229,13.3,1.7143,6793060.079,15.73141207,63656755.24,0.106713892
武汉市,2014,3758831,147000,180000,1.229,13.3,1.7143,6883277.299,15.74460545,69808618.84,0.098602113
武汉市,2015,3928378,152000,180000,1.229,13.3,1.7143,7158150.562,15.7837622,76419736.47,0.093668873
武汉市,2016,4171334,185000,182900,1.229,13.3,1.7143,7900614.956,15.88245116,82096855.27,0.096235293
武汉市,2017,5193651,195000,180800,1.229,13.3,1.7143,9286442.519,16.0440661,89240438.06,0.104060925
武汉市,2018,5803372,219038,172726,1.229,13.3,1.7143,10341653.77,16.15169035,94376204.67,0.109579039
武汉市,2019,6154628,270239,167243,1.229,13.3,1.7143,11444921.19,16.25305663,102350445.2,0.111820922
武汉市,2020,5687900,222528,112650,1.229,13.3,1.7143,10143167.4,16.13231087,97872427.9,0.103636618
武汉市,2021,6844200,266582,124975,1.229,13.3,1.7143,12171307.04,16.31459186,108727161.5,0.111943574
武威市,2006,161100,40,3370,1.229,13.3,1.7143,204301.091,12.22735012,1616223,0.126406499
武威市,2007,192300,40,3370,1.229,13.3,1.7143,242645.891,12.39935842,1735434.115,0.139818555
武威市,2008,121790,40,4329,1.229,13.3,1.7143,157633.1147,11.96802555,1863146.493,0.084605862
武威市,2009,108800,40,3936,1.229,13.3,1.7143,140994.6848,11.85647747,1770623.369,0.079629969
武威市,2010,126764,40,4120,1.229,13.3,1.7143,163387.872,12.00388224,1946684.768,0.083931346
武威市,2011,89306,40,3814,1.229,13.3,1.7143,116827.4142,11.66845303,2151833.546,0.054292031
武威市,2012,107007,1172,3221,1.229,13.3,1.7143,152620.9633,11.93571276,2689671.39,0.056743349
武威市,2013,139869,1756,1330,1.229,13.3,1.7143,197533.82,12.19366509,2995872.091,0.065935332
武威市,2014,146827,2225,1500,1.229,13.3,1.7143,212614.333,12.26723516,3208969.098,0.066256273
武威市,2015,125402,2508,3585,1.229,13.3,1.7143,193621.2235,12.17365907,3538768.477,0.054714295
武威市,2016,140046,2445,3528,1.229,13.3,1.7143,210683.0844,12.25811031,4009533.043,0.052545541
武威市,2017,510895,3605,1269,1.229,13.3,1.7143,678011.9017,13.42692012,3642524.347,0.186137919
武威市,2018,599727,4215,760,1.229,13.3,1.7143,794426.851,13.58537619,3814378.286,0.208271648
武威市,2019,496567,4490,761,1.229,13.3,1.7143,671302.4253,13.41697502,3915819.51,0.171433444
武威市,2020,607900,4916,2526,1.229,13.3,1.7143,816822.2218,13.61317675,4240219.221,0.192636791
武威市,2021,729800,5715,2513,1.229,13.3,1.7143,977241.7359,13.79248933,4559262.513,0.214342064
西安市,2006,1257240,68631,6100,1.229,13.3,1.7143,2468397.49,14.71907971,14736800,0.16749888
西安市,2007,1278088,72253,42581,1.229,13.3,1.7143,2604731.66,14.77284022,16305519.02,0.1597454
西安市,2008,1481298,84874,74164,1.229,13.3,1.7143,3076478.787,14.93929625,18382838.36,0.167356027
西安市,2009,1591089,95885,74913,1.229,13.3,1.7143,3359142.237,15.02719621,23024702.9,0.145892968
西安市,2010,1628535,105807,8110,1.229,13.3,1.7143,3422605.588,15.04591269,25350620.14,0.135010724
西安市,2011,1770418,116649,2110,1.229,13.3,1.7143,3730892.595,15.13215806,27638802.51,0.134987491
西安市,2012,1921600,138050,2076.25,1.229,13.3,1.7143,4201270.715,15.25089759,30164385.92,0.139279173
西安市,2013,2186579,147044,2042.5,1.229,13.3,1.7143,4646492.249,15.35162314,33153455.96,0.140151068
西安市,2014,2356506,178125,2008.75,1.229,13.3,1.7143,5268651.974,15.4772851,37347903.39,0.141069551
西安市,2015,2434927,193039,1975,1.229,13.3,1.7143,5563329.726,15.53170736,41305355.17,0.134687856
西安市,2016,2731240,201925,1957,1.229,13.3,1.7143,6045651.345,15.61484979,45009100.47,0.134320644
西安市,2017,3214105,236110,1940,1.229,13.3,1.7143,7093723.787,15.77472098,51388662.88,0.138040638
西安市,2018,3967465,280615,28726,1.229,13.3,1.7143,8657438.967,15.97392951,55678298.07,0.155490366
西安市,2019,4184997,315238,7078,1.229,13.3,1.7143,9348160.528,16.05069015,61154511.36,0.15286134
西安市,2020,4150200,322730,9552,1.229,13.3,1.7143,9409279.794,16.05720697,66189437.74,0.142156817
西安市,2021,4893700,359901,52681,1.229,13.3,1.7143,10891351.64,16.2034796,65417854.16,0.166488977
西宁市,2006,1698293,43119,10010,1.229,13.3,1.7143,2677844.94,14.8005229,2816093,0.95090785
西宁市,2007,1614732,46871,7008,1.229,13.3,1.7143,2619903.742,14.77864814,3130916.385,0.83678496
西宁市,2008,2015351,48473,63007,1.229,13.3,1.7143,3229570.179,14.98785961,3486355.937,0.926345513
西宁市,2009,522711,47416,5560,1.229,13.3,1.7143,1282576.127,14.06438121,4348200.702,0.294967094
西宁市,2010,640184,54255,4386,1.229,13.3,1.7143,1515896.556,14.23151761,5073152.046,0.298807633
西宁市,2011,672757,59572,4816,1.229,13.3,1.7143,1627382.022,14.30248316,5845471.385,0.278400477
西宁市,2012,728957,102749,4448,1.229,13.3,1.7143,2270075.059,14.63532345,6435640.36,0.352734916
西宁市,2013,799664,103798,4129,1.229,13.3,1.7143,2370378.801,14.67856033,7314169.255,0.324080387
西宁市,2014,765342,113747,3923,1.229,13.3,1.7143,2460165.617,14.71573923,8066457.496,0.304987117
西宁市,2015,1067170,113871,3881,1.229,13.3,1.7143,2832689.428,14.85673715,8514552.669,0.332687992
西宁市,2016,769658,114233,3786,1.229,13.3,1.7143,2471698.922,14.72041629,9015770.495,0.274152822
西宁市,2017,4291942,116528,3776,1.229,13.3,1.7143,6831092.315,15.73699515,9114327.592,0.749489444
西宁市,2018,4591614,117555,3778,1.229,13.3,1.7143,7213051.731,15.79140268,8766788.265,0.822770154
西宁市,2019,4472802,131900,8000,1.229,13.3,1.7143,7265058.058,15.79858685,8971813.912,0.809764684
西宁市,2020,4353990,130258,12360,1.229,13.3,1.7143,7104673.858,15.77626342,9212001.5,0.771241066
西宁市,2021,5068400,133458,12861,1.229,13.3,1.7143,8026102.612,15.89820961,9763906.046,0.8220176
咸宁市,2006,65624,128,4230,1.229,13.3,1.7143,89605.785,11.40317516,2341500,0.038268539
咸宁市,2007,102730,128,4500,1.229,13.3,1.7143,135671.92,11.8179949,2618638.507,0.051810099
咸宁市,2008,87458,302,4600,1.229,13.3,1.7143,119388.262,11.69013617,3057857.691,0.039043106
咸宁市,2009,118867,476,4650,1.229,13.3,1.7143,160389.838,11.98536262,3417895.923,0.046926484
咸宁市,2010,234284,1452,6000,1.229,13.3,1.7143,317532.436,12.66833525,4093206.448,0.077575475
咸宁市,2011,84041,1622,5600,1.229,13.3,1.7143,134459.069,11.80901511,4761904.066,0.028236409
咸宁市,2012,153362,1859,5500,1.229,13.3,1.7143,222635.248,12.31329005,5455771.537,0.040807289
咸宁市,2013,159677,6018,5300,1.229,13.3,1.7143,285368.223,12.56153564,6133469.978,0.046526391
咸宁市,2014,159349,9511,5300,1.229,13.3,1.7143,331422.011,12.7111478,6684849.735,0.049578079
咸宁市,2015,151683,10391,5131,1.229,13.3,1.7143,333414.7803,12.71714258,7218096.936,0.046191508
咸宁市,2016,159265,13019,5103,1.229,13.3,1.7143,377637.4579,12.84168991,7635402.222,0.049458751
咸宁市,2017,715717,13708,5080,1.229,13.3,1.7143,1070641.237,13.88376831,8217498.388,0.130287977
咸宁市,2018,887256,15699,4510,1.229,13.3,1.7143,1306965.817,14.08321884,8660168.203,0.150916909
咸宁市,2019,973027,18196,4749,1.229,13.3,1.7143,1445998.194,14.18431043,10062809.6,0.143697263
咸宁市,2020,934600,18533,5400,1.229,13.3,1.7143,1404369.52,14.15509902,9557854.287,0.146933556
咸宁市,2021,1105300,18320,5102,1.229,13.3,1.7143,1610816.059,14.29225148,10751819.55,0.149817996
咸阳市,2006,65119,13900,4490,1.229,13.3,1.7143,272598.458,12.51575514,4839650,0.056326069
咸阳市,2007,71609,14100,11000,1.229,13.3,1.7143,294394.761,12.59267687,5416461.314,0.054351863
咸阳市,2008,80294,15100,10800,1.229,13.3,1.7143,318025.766,12.66988768,6417558.295,0.049555571
咸阳市,2009,128554,14265,10900,1.229,13.3,1.7143,366403.236,12.81148974,7380536.025,0.049644529
咸阳市,2010,151402,17411,11200,1.229,13.3,1.7143,436839.518,12.98732117,8592420.364,0.050840101
咸阳市,2011,121427,17941,11100,1.229,13.3,1.7143,406877.813,12.91626821,9736855.563,0.041787393
咸阳市,2012,129616,16100,11100,1.229,13.3,1.7143,392456.794,12.88018173,10872174.33,0.03609736
咸阳市,2013,140576,16427,5912,1.229,13.3,1.7143,401381.9456,12.90266874,12628299.92,0.031784322
咸阳市,2014,146007,18040,5912,1.229,13.3,1.7143,429509.5446,12.97039924,14125137.21,0.03040746
咸阳市,2015,155040,23032,8650,1.229,13.3,1.7143,511698.455,13.14549078,15350380.66,0.033334578
咸阳市,2016,155031,24092,4972,1.229,13.3,1.7143,519480.1986,13.16058397,17198707.56,0.030204607
咸阳市,2017,1171394,23667,5002,1.229,13.3,1.7143,1762989.255,14.38252137,15766964.39,0.111815389
咸阳市,2018,1301900,27529,1617,1.229,13.3,1.7143,1968942.823,14.49300732,15846596.05,0.124250206
咸阳市,2019,1395500,32762,1850,1.229,13.3,1.7143,2153975.555,14.58282579,14401260.85,0.14956854
咸阳市,2020,1489100,33645,3310,1.229,13.3,1.7143,2283256.733,14.64111337,14565639.74,0.156756365
咸阳市,2021,1623000,38702,1561,1.229,13.3,1.7143,2512079.622,14.7366215,15797481.43,0.159017729
湘潭市,2006,377544,842544,10150,1.229,13.3,1.7143,11687236.92,16.27400794,4220780,2.768975621
湘潭市,2007,468154,96909,10000,1.229,13.3,1.7143,1881393.966,14.44752353,4852956.281,0.387679974
湘潭市,2008,611700,106214,10000,1.229,13.3,1.7143,2181568.5,14.59555467,5651679.56,0.386003572
湘潭市,2009,689177,115359,15175,1.229,13.3,1.7143,2407287.736,14.69401125,6435016.612,0.374091922
湘潭市,2010,754268,118763,16210,1.229,13.3,1.7143,2534332.075,14.74544068,7312789.146,0.346561623
湘潭市,2011,821245,110470,11000,1.229,13.3,1.7143,2497418.405,14.73076812,8540365.406,0.29242524
湘潭市,2012,782176,125423,8400,1.229,13.3,1.7143,2643820.324,14.78773552,9680185.99,0.273116687
湘潭市,2013,788764,145308,8600,1.229,13.3,1.7143,2916730.336,14.8859738,10802312.2,0.270009816
湘潭市,2014,765338,150060,9700,1.229,13.3,1.7143,2953027.112,14.89834134,11711596.91,0.252145556
湘潭市,2015,787192,150060,9765,1.229,13.3,1.7143,2979997.108,14.90743289,12496370.35,0.238469013
湘潭市,2016,819897,150060,14300,1.229,13.3,1.7143,3027965.903,14.92340163,13683310.07,0.221288993
湘潭市,2017,1093832,15430,15074,1.229,13.3,1.7143,1575379.886,14.270007,14478231.68,0.108810242
湘潭市,2018,1201821,16140,17100,1.229,13.3,1.7143,1721014.539,14.35842452,15664201.81,0.109869278
湘潭市,2019,1272431,16700,15695,1.229,13.3,1.7143,1812833.638,14.41040172,16035072.07,0.113054287
湘潭市,2020,1320500,16500,13460,1.229,13.3,1.7143,1865418.978,14.43899624,16490782.58,0.113118887
湘潭市,2021,1448500,18642,15286,1.229,13.3,1.7143,2054349.89,14.53547,17636817.34,0.11648076
襄阳市,2006,253524,1980,22728,1.229,13.3,1.7143,376877.6064,12.83967576,6751838,0.05581852
襄阳市,2007,253510,4200,22841,1.229,13.3,1.7143,406580.1163,12.91553628,7173082.288,0.056681368
襄阳市,2008,297410,7000,23050,1.229,13.3,1.7143,498131.505,13.11861939,8534146.333,0.058369225
襄阳市,2009,338874,8902,22240,1.229,13.3,1.7143,572998.778,13.25863886,10131870.13,0.056554098
襄阳市,2010,409771,10524,22616,1.229,13.3,1.7143,682348.3678,13.43329561,12100891.13,0.056388274
襄阳市,2011,451729,12843,22233,1.229,13.3,1.7143,764100.8729,13.54645509,15572502.09,0.049067315
襄阳市,2012,493169,15549,22513,1.229,13.3,1.7143,851500.4369,13.65475529,17937321.32,0.04747088
襄阳市,2013,594588,16905,26115,1.229,13.3,1.7143,1000354.097,13.81586459,19790745.65,0.050546559
襄阳市,2014,607442,18363,27755,1.229,13.3,1.7143,1038354.515,13.85314782,21694200.55,0.04786323
襄阳市,2015,615733,19830,12626,1.229,13.3,1.7143,1042119.609,13.85676728,23699816.53,0.043971632
襄阳市,2016,672794,22989,12113,1.229,13.3,1.7143,1153382.842,13.95820978,25461057.88,0.045299879
襄阳市,2017,1427019,23396,13038.5,1.229,13.3,1.7143,2087325.052,14.55139392,27050280.35,0.077164637
襄阳市,2018,1559469,28299,13964,1.229,13.3,1.7143,2316902.586,14.65574176,27395007.65,0.084573898
襄阳市,2019,1647645,32330,13911,1.229,13.3,1.7143,2478792.332,14.72328204,30365079.99,0.081632992
襄阳市,2020,1603400,36329,13569,1.229,13.3,1.7143,2477015.637,14.72256502,28842783.89,0.085879908
襄阳市,2021,1811000,38176,11656,1.229,13.3,1.7143,2753441.681,14.82836221,32580713.47,0.084511399
孝感市,2006,65963,414,4008,1.229,13.3,1.7143,93445.6414,11.44513517,4041503,0.023121507
孝感市,2007,73696,424,3179,1.229,13.3,1.7143,101661.3437,11.52940241,4390881.615,0.023152832
孝感市,2008,80392,434,3131,1.229,13.3,1.7143,109941.4413,11.60770315,5048840.676,0.021775581
孝感市,2009,44519,439,3161,1.229,13.3,1.7143,65971.4533,11.0969774,5676499.589,0.011621855
孝感市,2010,104723,457,3191,1.229,13.3,1.7143,140252.9983,11.8512032,6298517.492,0.022267621
孝感市,2011,122513,1204,9555,1.229,13.3,1.7143,182961.8135,12.11703274,6997846.659,0.026145445
孝感市,2012,147492,1214,10092,1.229,13.3,1.7143,214714.5836,12.27706491,7923232.199,0.027099368
孝感市,2013,169208,1219,10098,1.229,13.3,1.7143,241480.3334,12.39454331,8713281.535,0.027714052
孝感市,2014,184204,4656,10246,1.229,13.3,1.7143,305876.2338,12.63093583,9391858.577,0.032568233
孝感市,2015,186654,5800,9072,1.229,13.3,1.7143,322089.8956,12.68258596,10211161.24,0.031542925
孝感市,2016,224938,7850,4800,1.229,13.3,1.7143,389082.442,12.87154653,10865905.18,0.035807642
孝感市,2017,1196327,9950,4800,1.229,13.3,1.7143,1610849.523,14.29227225,11593842.39,0.138940092
孝感市,2018,1320633,10050,4800,1.229,13.3,1.7143,1764951.597,14.38363382,12159272.29,0.145152732
孝感市,2019,1458436,10855,4800,1.229,13.3,1.7143,1945017.984,14.48078178,14516943.5,0.13398261
孝感市,2020,1390000,11522,4800,1.229,13.3,1.7143,1869781.24,14.441332,13750775.28,0.135976423
孝感市,2021,1620000,11625,4800,1.229,13.3,1.7143,2153821.14,14.5827541,15722695.03,0.136988038
忻州市,2006,59013,1136,2300,1.229,13.3,1.7143,91578.667,11.42495363,1944549,0.047095068
忻州市,2007,59396,1838,3000,1.229,13.3,1.7143,102585.984,11.53845659,2312853.652,0.044354723
忻州市,2008,58931,3648,3000,1.229,13.3,1.7143,126087.499,11.74473138,2490102.744,0.05063546
忻州市,2009,74611,8192,3000,1.229,13.3,1.7143,205793.419,12.23462812,2979390.006,0.069072333
忻州市,2010,79388,7560,3600,1.229,13.3,1.7143,204287.332,12.22728277,3318746.075,0.061555578
忻州市,2011,91425,7680,3600,1.229,13.3,1.7143,220676.805,12.30445449,3782214.32,0.058345928
忻州市,2012,109288,7689,3560,1.229,13.3,1.7143,242681.56,12.39950541,4312503.034,0.056273945
忻州市,2013,110739,7690,4050,1.229,13.3,1.7143,245318.146,12.4103112,4830671.749,0.050783444
忻州市,2014,139700,7695,4050,1.229,13.3,1.7143,280977.715,12.54603064,5218763.848,0.053839898
忻州市,2015,125080,7702,4045,1.229,13.3,1.7143,263094.2635,12.48026766,5499865.377,0.047836492
忻州市,2016,122093,3269,3700,1.229,13.3,1.7143,199872.907,12.20543698,5963254.991,0.033517417
忻州市,2017,1057597,3200,2876,1.229,13.3,1.7143,1347277.04,14.11359611,6414382.279,0.210040029
忻州市,2018,1459742,30375,2931,1.229,13.3,1.7143,2203035.031,14.60534653,7019814.713,0.313830937
忻州市,2019,1322421,3653,4300,1.229,13.3,1.7143,1681211.799,14.3350254,7098552.922,0.236838665
忻州市,2020,1442000,4416,3800,1.229,13.3,1.7143,1837465.14,14.42389754,7299239.187,0.251733789
忻州市,2021,1711600,5990,2900,1.229,13.3,1.7143,2188194.87,14.5985875,7996028.734,0.273660206
新乡市,2006,354397,2925,12271,1.229,13.3,1.7143,495492.5883,13.11330767,6399858,0.077422435
新乡市,2007,395077,4645,12500,1.229,13.3,1.7143,568756.883,13.25120835,7219377.513,0.078781984
新乡市,2008,495156,6890,8683,1.229,13.3,1.7143,715068.9909,13.48013431,8230415.947,0.08688127
新乡市,2009,505770,7178,6877,1.229,13.3,1.7143,728847.9711,13.49922044,8825473.211,0.082584577
新乡市,2010,584882,8480,4811,1.229,13.3,1.7143,839851.4753,13.64098034,10074741.37,0.083362088
新乡市,2011,704339,10113,4357,1.229,13.3,1.7143,1007604.736,13.82308652,12157375.07,0.082880123
新乡市,2012,723473,11920,2430,1.229,13.3,1.7143,1051850.066,13.86606114,13228317.79,0.079515028
新乡市,2013,757705,13870,1200,1.229,13.3,1.7143,1117747.605,13.92682615,14394124.26,0.077653047
新乡市,2014,780446,14469,1200,1.229,13.3,1.7143,1153662.994,13.95845265,15574735.73,0.074072717
新乡市,2015,571097,14891,1100,1.229,13.3,1.7143,901814.243,13.71216384,16208665.94,0.055637783
新乡市,2016,276800,15630,800,1.229,13.3,1.7143,549437.64,13.21665056,17728971.31,0.030990949
新乡市,2017,2258749,19618,1300,1.229,13.3,1.7143,3039150.511,14.9270886,18671873.36,0.162766234
新乡市,2018,2508130,23229,1360,1.229,13.3,1.7143,3393768.918,15.03745164,19325713.26,0.175608986
新乡市,2019,2610233,25784,1280,1.229,13.3,1.7143,3553097.861,15.08333042,22159411.07,0.160342612
新乡市,2020,2574000,21748,1270,1.229,13.3,1.7143,3454871.561,15.05529584,22646654.56,0.152555493
新乡市,2021,2572600,25707,1265,1.229,13.3,1.7143,3505797.09,15.06992847,24386522.91,0.143759613
新余市,2006,317769,5280,1765,1.229,13.3,1.7143,463787.8405,13.04718249,2142709,0.216449289
新余市,2007,434898,2247,1501,1.229,13.3,1.7143,566947.9063,13.2480227,2583770.117,0.219426606
新余市,2008,378530,2653,1571,1.229,13.3,1.7143,503191.4353,13.12872596,3495067.817,0.143971866
新余市,2009,485051,3136,1565,1.229,13.3,1.7143,640519.3585,13.37003462,4327155.332,0.148023195
新余市,2010,638327,3072,1569,1.229,13.3,1.7143,828051.2197,13.62683029,5229501.284,0.158342292
新余市,2011,856376,9486,1586,1.229,13.3,1.7143,1181368.784,13.98218431,5877259.185,0.201006753
新余市,2012,591329,8663,1614,1.229,13.3,1.7143,844728.1212,13.6467701,6287745.962,0.134345142
新余市,2013,560365,4200,1596,1.229,13.3,1.7143,747284.6078,13.52420139,6310393.831,0.118421231
新余市,2014,762921,4731,1125,1.229,13.3,1.7143,1002480.797,13.81798828,6730957.814,0.148935831
新余市,2015,776043,4943,1104,1.229,13.3,1.7143,1021391.334,13.83667631,7210726.202,0.141648886
新余市,2016,846479,5222,1004,1.229,13.3,1.7143,1111496.448,13.92121782,7849742.442,0.14159655
新余市,2017,896479,5222,1004,1.229,13.3,1.7143,1172946.448,13.97502947,7737337.177,0.151595623
新余市,2018,935470,6966,810,1.229,13.3,1.7143,1243729.013,14.03362469,7450702.057,0.166927761
新余市,2019,909252,7760,1300,1.229,13.3,1.7143,1222907.298,14.01674161,7004686.51,0.174584158
新余市,2020,973000,9151,1800,1.229,13.3,1.7143,1320611.04,14.0936051,7189290.5,0.183691428
新余市,2021,1033600,12000,1900,1.229,13.3,1.7143,1433151.57,14.17538647,7780903.691,0.184188319
信阳市,2006,176502,250,8000,1.229,13.3,1.7143,233960.358,12.36290697,5883499,0.039765513
信阳市,2007,172047,697,8157,1.229,13.3,1.7143,234699.4081,12.36606086,6472597.209,0.036260469
信阳市,2008,201197,1683,9000,1.229,13.3,1.7143,285083.713,12.56053815,7513528.713,0.03794272
信阳市,2009,257816,2363,10000,1.229,13.3,1.7143,365426.764,12.80882117,8265127.16,0.044213084
信阳市,2010,298002,2363,10890,1.229,13.3,1.7143,416341.085,12.93926012,9244096.882,0.04503859
信阳市,2011,360796,3347,11343,1.229,13.3,1.7143,507378.6889,13.13701292,10265906.7,0.049423661
信阳市,2012,394522,3865,10772,1.229,13.3,1.7143,554738.4776,13.22625207,11411610.08,0.048611762
信阳市,2013,420396,10400,10160,1.229,13.3,1.7143,672403.972,13.41861459,12886875.67,0.052177424
信阳市,2014,399437,10738,9960,1.229,13.3,1.7143,650797.901,13.38595443,14270127.35,0.045605613
信阳市,2015,440000,10955,9540,1.229,13.3,1.7143,702815.922,13.46285029,15410269.84,0.045606983
信阳市,2016,483649,11118,9180,1.229,13.3,1.7143,758011.295,13.53845357,16672176.88,0.045465646
信阳市,2017,1096623,13269,8980,1.229,13.3,1.7143,1539621.781,14.24704735,17379043.16,0.08859071
信阳市,2018,1204658,15377,8800,1.229,13.3,1.7143,1700124.622,14.34621211,18264355.17,0.093084295
信阳市,2019,1362130,16752,8680,1.229,13.3,1.7143,1911739.494,14.46352412,20944364.54,0.091277035
信阳市,2020,1376500,15548,8290,1.229,13.3,1.7143,1912718.447,14.46403606,21076266.1,0.090752244
信阳市,2021,1427500,15732,8037,1.229,13.3,1.7143,1977410.929,14.49729894,23119298.71,0.085530749
邢台市,2006,391012,9949,8355,1.229,13.3,1.7143,627198.4245,13.34901824,7909297,0.079298884
邢台市,2007,470099,16934,10916,1.229,13.3,1.7143,821687.1698,13.61911503,8067691.906,0.101849101
邢台市,2008,510683,21307,10834,1.229,13.3,1.7143,929585.2332,13.74249378,8279504.765,0.112275463
邢台市,2009,534610,16520,8596,1.229,13.3,1.7143,891487.8128,13.70064705,8867882.077,0.100529958
邢台市,2010,525945,22295,7335,1.229,13.3,1.7143,955484.2955,13.76997361,9447636.108,0.101134748
邢台市,2011,534289,26918,4700,1.229,13.3,1.7143,1022707.791,13.83796436,10342542.6,0.098883595
邢台市,2012,495570,27280,5288,1.229,13.3,1.7143,980944.7484,13.79627142,11169628.59,0.087822504
邢台市,2013,491311,27631,7292,1.229,13.3,1.7143,983814.1946,13.79919233,12040789.53,0.081706784
邢台市,2014,500258,30535,7130,1.229,13.3,1.7143,1033155.541,13.84812831,12666368.77,0.081566829
邢台市,2015,502759,5426,5677,1.229,13.3,1.7143,699788.6921,13.4585337,13842052.73,0.050555268
邢台市,2016,734129,19987,2409,1.229,13.3,1.7143,1172201.39,13.97439407,15330093.68,0.076464072
邢台市,2017,2506398,20349,592,1.229,13.3,1.7143,3352019.708,15.02507362,16069293.93,0.208597822
邢台市,2018,2763152,26203,923,1.229,13.3,1.7143,3745996.007,15.1361981,16601659.56,0.225639852
邢台市,2019,2926301,26100,890,1.229,13.3,1.7143,3945079.656,15.1879797,16220654.77,0.243213342
邢台市,2020,2890300,28203,1926,1.229,13.3,1.7143,3930580.342,15.18429764,16895918.68,0.232634899
邢台市,2021,3283500,27879,1703,1.229,13.3,1.7143,4409131.653,15.29918832,17791791.35,0.247818309
徐州市,2006,715443,5699,33860,1.229,13.3,1.7143,1013122.345,13.82854755,14288000,0.070907219
徐州市,2007,763298,6314,33750,1.229,13.3,1.7143,1079927.067,13.89240407,15772730.54,0.068467984
徐州市,2008,795395,6383,32208,1.229,13.3,1.7143,1117648.529,13.92673751,17841961.37,0.062641573
徐州市,2009,981887,7750,29937,1.229,13.3,1.7143,1361135.122,14.12382956,21436081.88,0.063497384
徐州市,2010,1499408,15186,29336,1.229,13.3,1.7143,2095036.937,14.55508174,24770618.69,0.084577497
徐州市,2011,1726166,18670,28050,1.229,13.3,1.7143,2417855.129,14.69839139,28124777.83,0.085968861
徐州市,2012,1951645,23270,31030,1.229,13.3,1.7143,2761257.434,14.83119673,31876923.32,0.086622457
徐州市,2013,2031639,13982,28480,1.229,13.3,1.7143,2731668.195,14.82042304,34944130.11,0.078172448
徐州市,2014,1979190,21255,28054,1.229,13.3,1.7143,2763208.982,14.83190324,38876806.46,0.071076028
徐州市,2015,2026364,26582,26856,1.229,13.3,1.7143,2889981.197,14.87676055,41167731.94,0.070200156
徐州市,2016,2040774,31629,20925,1.229,13.3,1.7143,2964648.674,14.90226909,44636976.26,0.06641688
徐州市,2017,3612266,32055,21094,1.229,13.3,1.7143,4901967.858,15.40514729,49021225.63,0.099996844
徐州市,2018,3520461,32755,18474,1.229,13.3,1.7143,4793958.047,15.38286694,49276818.92,0.097286273
徐州市,2019,3711300,52716,25908,1.229,13.3,1.7143,5306724.584,15.48448536,52190272.7,0.101680338
徐州市,2020,3902139,66769,15834,1.229,13.3,1.7143,5710900.757,15.55788732,53209460.93,0.107328672
徐州市,2021,3935500,52250,20012,1.229,13.3,1.7143,5565961.072,15.53218023,56222741.51,0.098998393
许昌市,2006,138471,343,8828,1.229,13.3,1.7143,189876.5994,12.15412966,7185397,0.026425346
许昌市,2007,152674,448,8478,1.229,13.3,1.7143,208128.5814,12.24591135,7920490.203,0.026277235
许昌市,2008,172833,449,8258,1.229,13.3,1.7143,232540.1464,12.35681816,9206089.531,0.025259384
许昌市,2009,197093,894,8275,1.229,13.3,1.7143,268303.3295,12.49987345,10060058.91,0.026670155
许昌市,2010,219253,2149,8275,1.229,13.3,1.7143,312229.4695,12.65149368,11146156.21,0.0280123
许昌市,2011,237849,2580,6582,1.229,13.3,1.7143,337913.9436,12.73054654,12968195.25,0.02605713
许昌市,2012,275070,3740,6763,1.229,13.3,1.7143,399396.8409,12.89771079,14015740,0.028496308
许昌市,2013,300228,4248,6776,1.229,13.3,1.7143,437094.7088,12.98790518,15302562.55,0.028563498
许昌市,2014,294369,5776,6796,1.229,13.3,1.7143,450250.6838,13.01755978,16948966.85,0.026565081
许昌市,2015,278267,6236,6943,1.229,13.3,1.7143,436831.3279,12.98730242,17818245.14,0.024515957
许昌市,2016,369363,6306,7090,1.229,13.3,1.7143,549971.314,13.2176214,19453154.01,0.028271576
许昌市,2017,1213912,10333,6250,1.229,13.3,1.7143,1640041.123,14.31023187,20850955.49,0.078655442
许昌市,2018,1374274,12847,5893,1.229,13.3,1.7143,1869950.216,14.44142237,21651544.38,0.086365674
许昌市,2019,1451086,14131,8470,1.229,13.3,1.7143,1985847.115,14.50155614,21498729.52,0.09237044
许昌市,2020,1516800,14940,8745,1.229,13.3,1.7143,2077840.754,14.54683981,25915166.41,0.080178561
许昌市,2021,1628500,14382,8333,1.229,13.3,1.7143,2206992.362,14.60714122,27569669.42,0.080051463
宣城市,2006,68420,65,3200,1.229,13.3,1.7143,90438.44,11.41242468,2878800,0.031415326
宣城市,2007,81200,128,4043,1.229,13.3,1.7143,108428.1149,11.5938427,3106673.981,0.034901672
宣城市,2008,90546,193,4253,1.229,13.3,1.7143,121138.8519,11.7046927,3611697.227,0.0335407
宣城市,2009,98336,214,3100,1.229,13.3,1.7143,129015.474,11.76768763,3762352.05,0.034291175
宣城市,2010,110715,1188,3100,1.229,13.3,1.7143,157183.465,11.96516897,4283462.031,0.036695426
宣城市,2011,127932,1770,3600,1.229,13.3,1.7143,186940.908,12.13854785,5047491.072,0.037036402
宣城市,2012,171981,2111,3600,1.229,13.3,1.7143,245612.429,12.41151008,5622247.495,0.043685809
宣城市,2013,197587,2626,3600,1.229,13.3,1.7143,283931.703,12.55648901,6148326.418,0.046180324
宣城市,2014,200235,3771,3600,1.229,13.3,1.7143,302414.595,12.61955419,6681704.379,0.045260098
宣城市,2015,207933,6641,3680,1.229,13.3,1.7143,350183.581,12.76621281,7265900.294,0.048195484
宣城市,2016,232194,6315,4126,1.229,13.3,1.7143,376429.1278,12.83848507,7797786.904,0.048273841
宣城市,2017,1057144,6353,4307,1.229,13.3,1.7143,1391108.366,14.14561137,8413676.148,0.165338948
宣城市,2018,1247308,7496,4200,1.229,13.3,1.7143,1639838.392,14.31010825,8809057.407,0.186153673
宣城市,2019,1347564,9794,4000,1.229,13.3,1.7143,1793273.556,14.39955331,10339807.4,0.173433942
宣城市,2020,1481200,10297,2950,1.229,13.3,1.7143,1962402.085,14.48967983,10534943.73,0.186275517
宣城市,2021,1726500,12221,2210,1.229,13.3,1.7143,2288196.403,14.64327447,11821741.67,0.193558315
雅安市,2006,50856,3303,951,1.229,13.3,1.7143,108062.2233,11.59046248,1371275.695,0.078804156
雅安市,2007,54330,1534,991,1.229,13.3,1.7143,88872.6413,11.39495963,1495945.681,0.059409003
雅安市,2008,70150,1879,1531,1.229,13.3,1.7143,113829.6433,11.64245825,1857448.162,0.06128281
雅安市,2009,85667,2350,1531,1.229,13.3,1.7143,139164.3363,11.84341079,1979317.678,0.070309247
雅安市,2010,59498,2525,303,1.229,13.3,1.7143,107224.9749,11.58268448,2227237.746,0.048142582
雅安市,2011,49826,3188,303,1.229,13.3,1.7143,104155.9869,11.55364493,2675017.995,0.038936556
雅安市,2012,157611,4354,303,1.229,13.3,1.7143,252131.5519,12.43770626,3017869.73,0.083546201
雅安市,2013,208154,5229,303,1.229,13.3,1.7143,325886.3989,12.69430413,3155793.531,0.103266071
雅安市,2014,231986,5245,303,1.229,13.3,1.7143,355388.7269,12.78096747,3587065.09,0.099075071
雅安市,2015,245397,5298,303,1.229,13.3,1.7143,372575.7459,12.82819564,3848063.824,0.096821613
雅安市,2016,219988,5395,303,1.229,13.3,1.7143,342638.1849,12.74443031,3945991.599,0.08683196
雅安市,2017,973945,5516,303,1.229,13.3,1.7143,1270860.638,14.0552049,4161917.704,0.305354581
雅安市,2018,1047480,6141,303,1.229,13.3,1.7143,1369547.653,14.12999106,4433520.344,0.308907493
雅安市,2019,1125100,6988,303,1.229,13.3,1.7143,1476207.733,14.20498701,4919659.714,0.300062976
雅安市,2020,1202720,6910,303,1.229,13.3,1.7143,1570565.313,14.26694618,7550000,0.208021896
雅安市,2021,1370000,9401,303,1.229,13.3,1.7143,1809282.733,14.40844104,5555771.578,0.325658229
烟台市,2006,657023,3565,46088,1.229,13.3,1.7143,933904.4254,13.74712938,24057504,0.038819672
烟台市,2007,738184,7075,34353,1.229,13.3,1.7143,1060216.984,13.87398415,26906680.53,0.039403485
烟台市,2008,784048,9670,33616,1.229,13.3,1.7143,1149833.901,13.95512806,29499141.06,0.038978555
烟台市,2009,825563,11348,34626,1.229,13.3,1.7143,1224904.679,14.01837359,32036535.84,0.038234617
烟台市,2010,972597,13110,29587,1.229,13.3,1.7143,1420405.707,14.1664531,36263548.1,0.039168967
烟台市,2011,1090552,16759,36745,1.229,13.3,1.7143,1626175.062,14.30174123,39245239.98,0.041436237
烟台市,2012,1115687,20196,42584,1.229,13.3,1.7143,1712787.874,14.35363294,42139538.78,0.040645625
烟台市,2013,1230845,24633,37634,1.229,13.3,1.7143,1904843.371,14.45991034,44462236.44,0.042841825
烟台市,2014,1298736,25099,34257,1.229,13.3,1.7143,1988690.019,14.5029867,48092778.58,0.041351115
烟台市,2015,1373205,25572,27812,1.229,13.3,1.7143,2075454.657,14.5456908,51133283.05,0.040589114
烟台市,2016,1486611,26224,28047,1.229,13.3,1.7143,2223905.091,14.61477526,55514989.43,0.040059543
烟台市,2017,4879740,31253,35503,1.229,13.3,1.7143,6473728.153,15.68326272,58902007.22,0.109906749
烟台市,2018,5292471,38412,35963,1.229,13.3,1.7143,7076977.83,15.77235751,63138502.49,0.112086564
烟台市,2019,5531898,37090,26380,1.229,13.3,1.7143,7337222.876,15.80847097,61376764.31,0.119543983
烟台市,2020,5644600,40693,35451,1.229,13.3,1.7143,7539203.949,15.83562716,62641978.33,0.120353861
烟台市,2021,5951000,42963,35229,1.229,13.3,1.7143,7945579.975,15.88812635,66725568.78,0.11907849
延安市,2006,67382,2921,5884,1.229,13.3,1.7143,131748.7192,11.78865174,4531110,0.029076478
延安市,2007,71121,3179,5418,1.229,13.3,1.7143,138976.4864,11.84206004,5640114.093,0.024640723
延安市,2008,84289,4168,5367,1.229,13.3,1.7143,168226.2291,12.03306495,5987088.768,0.028098169
延安市,2009,99201,5016,5781,1.229,13.3,1.7143,198541.1973,12.1987519,6155461.711,0.032254477
延安市,2010,109211,6810,5830,1.229,13.3,1.7143,234787.688,12.36643693,6924576.687,0.033906432
延安市,2011,125963,7042,6034,1.229,13.3,1.7143,258811.2132,12.46385417,7963247.54,0.032500712
延安市,2012,152422,7811,6055,1.229,13.3,1.7143,301593.0245,12.61683379,8781186.366,0.034345362
延安市,2013,160074,9164,5961,1.229,13.3,1.7143,328831.0883,12.70329949,9191863.256,0.035774149
延安市,2014,174942,13136,6541,1.229,13.3,1.7143,400925.7543,12.90153154,9424922.224,0.042538893
延安市,2015,183719,14044,6001,1.229,13.3,1.7143,422863.3653,12.95480439,8534413.202,0.04954803
延安市,2016,179314,14044,6001,1.229,13.3,1.7143,417449.6203,12.94191915,7789587.322,0.053590723
延安市,2017,864914,14744,6135,1.229,13.3,1.7143,1269591.737,14.05420594,9027467.617,0.140636532
延安市,2018,969387,26882,6270,1.229,13.3,1.7143,1559655.884,14.25997577,10395092.49,0.150037711
延安市,2019,1106626,30661,6440,1.229,13.3,1.7143,1778874.746,14.39149156,10917402.31,0.162939378
延安市,2020,1169800,32719,5789,1.229,13.3,1.7143,1882770.983,14.44825518,10575777.43,0.178026722
延安市,2021,1281900,34219,5946,1.229,13.3,1.7143,2040761.028,14.52883335,12271968.34,0.166294515
盐城市,2006,223243,2500,10160,1.229,13.3,1.7143,325032.935,12.69168179,11742600,0.02767981
盐城市,2007,256776,2050,23405,1.229,13.3,1.7143,382965.8955,12.85570122,12877488.44,0.029739176
盐城市,2008,279277,2993,14885,1.229,13.3,1.7143,408555.6885,12.92038351,14250210.72,0.028670151
盐城市,2009,298574,4300,25549,1.229,13.3,1.7143,467936.0967,13.05608702,17192559.9,0.02721736
盐城市,2010,366404,5696,26972,1.229,13.3,1.7143,572305.4156,13.25742807,19640098.78,0.02913964
盐城市,2011,401193,6745,28500,1.229,13.3,1.7143,631632.247,13.35606262,21945613.19,0.028781709
盐城市,2012,420733,8050,29000,1.229,13.3,1.7143,673860.557,13.42077848,24761364.34,0.027214193
盐城市,2013,460602,9600,24500,1.229,13.3,1.7143,735760.208,13.50865954,27378975.36,0.026873183
盐城市,2014,471912,11407,24000,1.229,13.3,1.7143,772836.148,13.55782234,30040161.16,0.025726764
盐城市,2015,993589,14459,27188,1.229,13.3,1.7143,1460033.969,14.19397026,32598302.55,0.04478865
盐城市,2016,1070232,17377,25428,1.229,13.3,1.7143,1590020.448,14.27925743,35165993.11,0.045214718
盐城市,2017,2872645,17119,31232,1.229,13.3,1.7143,3811704.423,15.153587,37717474.95,0.101059374
盐城市,2018,3209276,19574,31589,1.229,13.3,1.7143,4258687.427,15.26447155,40026149.74,0.106397629
盐城市,2019,3276900,20775,28472,1.229,13.3,1.7143,4352427.15,15.28624421,41615009.78,0.104587916
盐城市,2020,3580000,23784,16412,1.229,13.3,1.7143,4744282.292,15.37245072,43272666.79,0.109636929
盐城市,2021,4101200,26273,28506,1.229,13.3,1.7143,5438673.536,15.50904575,45832928.49,0.118663016
扬州市,2006,366317,3337,31708,1.229,13.3,1.7143,548942.7174,13.21574938,11001600,0.049896626
扬州市,2007,428664,2478,23265,1.229,13.3,1.7143,599668.6455,13.30413252,12319945.38,0.048674619
扬州市,2008,586164,2852,22340,1.229,13.3,1.7143,796624.618,13.58813885,13983829.21,0.056967559
扬州市,2009,642170,5034,22760,1.229,13.3,1.7143,895196.598,13.70479864,16649019.41,0.053768728
扬州市,2010,609643,6885,24726,1.229,13.3,1.7143,883209.5288,13.69131774,18770628.96,0.04705274
扬州市,2011,690335,10966,44780,1.229,13.3,1.7143,1071035.869,13.88413684,20828844.36,0.051420801
扬州市,2012,989823,12636,42871,1.229,13.3,1.7143,1458045.022,14.19260707,23278857.01,0.062633875
扬州市,2013,1082080,15164,35707,1.229,13.3,1.7143,1592770.03,14.28098522,25618368.99,0.062172968
扬州市,2014,1125263,17041,27480,1.229,13.3,1.7143,1656702.491,14.32033973,28961631.33,0.057203355
扬州市,2015,1134269,18812,19333,1.229,13.3,1.7143,1677358.763,14.33273095,31084193.62,0.053961791
扬州市,2016,1327317,21627,16814,1.229,13.3,1.7143,1947735.933,14.4821782,34192336.33,0.056964108
扬州市,2017,2370454,22885,15922,1.229,13.3,1.7143,3244953.551,14.99261159,37585635.32,0.086334939
扬州市,2018,2489850,25286,15622,1.229,13.3,1.7143,3423110.245,15.04606012,39873619.29,0.085848998
扬州市,2019,2594037,26469,14459,1.229,13.3,1.7143,3564896.237,15.08664551,42695160.86,0.083496494
扬州市,2020,2646600,25082,11470,1.229,13.3,1.7143,3605925.021,15.09808889,43963226.74,0.082021391
扬州市,2021,2897700,24284,16757,1.229,13.3,1.7143,3912977.025,15.17980903,46380125.31,0.084367539
阳江市,2006,107290,471,186925,1.229,13.3,1.7143,458569.2375,13.03586657,3191470.451,0.143685879
阳江市,2007,115191,658,143554,1.229,13.3,1.7143,396415.7612,12.89021884,3665868.791,0.10813692
阳江市,2008,93924,760,145659,1.229,13.3,1.7143,375243.8197,12.83533128,4445074.366,0.084417895
阳江市,2009,179118,768,148653,1.229,13.3,1.7143,485186.2599,13.09228814,4680942.901,0.103651395
阳江市,2010,179209,795,168251,1.229,13.3,1.7143,519254.0503,13.16014854,5418952.375,0.095821852
阳江市,2011,186273,798,163215,1.229,13.3,1.7143,519342.3915,13.16031866,6547980.424,0.07931337
阳江市,2012,271364,1160,91501,1.229,13.3,1.7143,505794.5203,13.13388578,7495680.004,0.067478137
阳江市,2013,415082,1228,118207,1.229,13.3,1.7143,729110.4381,13.49958049,8684527.038,0.083955112
阳江市,2014,420123,1309,105822,1.229,13.3,1.7143,715151.5216,13.48024972,9615135.9,0.074377682
阳江市,2015,626460,1466,132688,1.229,13.3,1.7143,1016884.178,13.83225378,10056832.01,0.101113768
阳江市,2016,753351,1741,134301,1.229,13.3,1.7143,1179255.883,13.98039419,9853042.123,0.119684446
阳江市,2017,1122528,2370,206957,1.229,13.3,1.7143,1765894.297,14.3841678,9958533.258,0.177324738
阳江市,2018,1198466,2950,280080,1.229,13.3,1.7143,1992290.858,14.50479572,10078457.8,0.197678147
阳江市,2019,1342638,10777,111691,1.229,13.3,1.7143,1984908.083,14.50108317,9617933.545,0.206375733
阳江市,2020,1452000,23793,49441,1.229,13.3,1.7143,2185711.606,14.59745201,13600000,0.160714089
阳江市,2021,1489900,29820,30091,1.229,13.3,1.7143,2279278.101,14.63936933,10834185.55,0.210378352
阳泉市,2006,443327,16070,490,1.229,13.3,1.7143,759419.89,13.54031012,2374387,0.319838295
阳泉市,2007,547616,26809,651,1.229,13.3,1.7143,1030695.773,13.84574464,2456296.973,0.419613664
阳泉市,2008,547748,50648,993,1.229,13.3,1.7143,1348502.992,14.11450564,2485337.724,0.5425834
阳泉市,2009,419532,45456,1389,1.229,13.3,1.7143,1122550.791,13.93111415,2974296.233,0.377417279
阳泉市,2010,505641,58750,1558,1.229,13.3,1.7143,1405478.668,14.15588849,3257457.288,0.431464957
阳泉市,2011,774086,71328,1337,1.229,13.3,1.7143,1902306.113,14.45857745,3601946.648,0.528132785
阳泉市,2012,808106,79997,1028,1.229,13.3,1.7143,2058884.674,14.53767497,4180602.137,0.492485199
阳泉市,2013,784159,82810,857,1.229,13.3,1.7143,2066573.566,14.54140251,4513984.246,0.457815857
阳泉市,2014,655615,85499,754,1.229,13.3,1.7143,1944180.117,14.48035091,4729948.255,0.411036234
阳泉市,2015,489988,82124,650,1.229,13.3,1.7143,1695558.747,14.34352289,4809312.307,0.352557422
阳泉市,2016,588904,88930,700,1.229,13.3,1.7143,1907732.026,14.46142567,5186569.964,0.367821516
阳泉市,2017,829295,93660,700,1.229,13.3,1.7143,2266081.565,14.63356272,4929268.435,0.459719651
阳泉市,2018,832467,153434,740,1.229,13.3,1.7143,3065042.725,14.93557207,5206999.874,0.588638909
阳泉市,2019,827380,142155,800,1.229,13.3,1.7143,2908882.96,14.8832797,5093672.207,0.571077769
阳泉市,2020,819000,37819,659,1.229,13.3,1.7143,1510673.424,14.22806609,5232884.518,0.28868847
阳泉市,2021,900800,45391,1848,1.229,13.3,1.7143,1713951.526,14.3543121,5455623.771,0.314162339
伊春市,2006,112782,19,11783,1.229,13.3,1.7143,159061.3749,11.97704541,1303332,0.1220421
伊春市,2007,174695,19,9078,1.229,13.3,1.7143,230515.2704,12.34807239,1463615.702,0.157497129
伊春市,2008,169672,19,9086,1.229,13.3,1.7143,224355.7178,12.3209881,1619661.181,0.138520155
伊春市,2009,140800,19,6545,1.229,13.3,1.7143,184515.9935,12.12549142,1697842.718,0.108676729
伊春市,2010,173203,19,9722,1.229,13.3,1.7143,229785.6116,12.34490203,1934260.222,0.118797672
伊春市,2011,199049,19,8276,1.229,13.3,1.7143,259071.4678,12.46485924,2035274.165,0.127290697
伊春市,2012,204406,19,8296,1.229,13.3,1.7143,265689.5068,12.49008364,2258927.396,0.11761755
伊春市,2013,205184,19,8770,1.229,13.3,1.7143,267458.247,12.49671875,2472221.925,0.108185371
伊春市,2014,185255,19,8811,1.229,13.3,1.7143,243035.7923,12.400964,2280841.433,0.106555322
伊春市,2015,200000,19,8801,1.229,13.3,1.7143,261140.2543,12.47281291,2426347.088,0.107626916
伊春市,2016,214000,19,14642,1.229,13.3,1.7143,288359.4806,12.57196318,2519742.48,0.11444006
伊春市,2017,230474,19,14512,1.229,13.3,1.7143,308383.1676,12.63909834,2651364.226,0.116311129
伊春市,2018,334492,19,14606,1.229,13.3,1.7143,436382.4338,12.98627428,2820339.096,0.154726938
伊春市,2019,354682,159,10284,1.229,13.3,1.7143,455648.7392,13.02947748,3034163.709,0.15017276
伊春市,2020,374872,122,10352,1.229,13.3,1.7143,480086.7216,13.08172204,2979362.08,0.161137421
伊春市,2021,260400,167,10369,1.229,13.3,1.7143,340028.2767,12.73678406,3162196.409,0.107529145
宜宾市,2006,246800,4854,2229,1.229,13.3,1.7143,371696.5747,12.82583314,3941993.557,0.094291523
宜宾市,2007,248434,8324,600,1.229,13.3,1.7143,417063.166,12.94099297,4477625.709,0.093143821
宜宾市,2008,283487,9035,600,1.229,13.3,1.7143,469599.603,13.0596357,5626274.186,0.083465467
宜宾市,2009,290744,10146,600,1.229,13.3,1.7143,493294.756,13.10886216,5953959.286,0.08285155
宜宾市,2010,402537,10632,700,1.229,13.3,1.7143,637323.583,13.36503279,6769030.395,0.094152862
宜宾市,2011,459991,9646,700,1.229,13.3,1.7143,694820.749,13.45140918,8336812.289,0.083343696
宜宾市,2012,425129,10564,767,1.229,13.3,1.7143,664299.6091,13.40648855,9422082,0.070504546
宜宾市,2013,377605,9666,550,1.229,13.3,1.7143,593577.21,13.29392258,10139237.93,0.058542586
宜宾市,2014,356039,10794,560,1.229,13.3,1.7143,582092.139,13.27438403,11200012.26,0.051972456
宜宾市,2015,328918,16149,408,1.229,13.3,1.7143,619721.3564,13.33702523,11683296.5,0.053043365
宜宾市,2016,324006,15419,408,1.229,13.3,1.7143,603975.5084,13.31128893,11961502.85,0.05049328
宜宾市,2017,797102,19386,1084,1.229,13.3,1.7143,1239330.459,14.03008184,12754482.21,0.09716823
宜宾市,2018,1124125,24509,1011,1.229,13.3,1.7143,1709252.482,14.35156669,13904794.29,0.122925406
宜宾市,2019,1019631,29611,1122,1.229,13.3,1.7143,1648876.244,14.31560455,17680876.49,0.093257608
宜宾市,2020,915137,31605,1192,1.229,13.3,1.7143,1547093.319,14.25188845,28020000,0.055213894
宜宾市,2021,1348900,35215,1071,1.229,13.3,1.7143,2127993.615,14.57069013,20796158.06,0.102326286
宜昌市,2006,424364,5962,20602,1.229,13.3,1.7143,636155.9646,13.36319904,6949100,0.091545087
宜昌市,2007,535940,7593,8050,1.229,13.3,1.7143,773457.275,13.55862571,7496827.615,0.103171277
宜昌市,2008,556163,8911,7700,1.229,13.3,1.7143,815240.737,13.61123873,8739314.546,0.093284288
宜昌市,2009,640431,8630,4164,1.229,13.3,1.7143,909007.0442,13.72010812,10733534.54,0.08468851
宜昌市,2010,779215,13677,1664,1.229,13.3,1.7143,1142411.93,13.94865231,12172083.49,0.093855085
宜昌市,2011,820649,13896,9624,1.229,13.3,1.7143,1209892.844,14.00604236,15634362.07,0.077386774
宜昌市,2012,804426,12818,9688,1.229,13.3,1.7143,1175727.092,13.97739732,17987004.63,0.065365363
宜昌市,2013,802981,13514,7821,1.229,13.3,1.7143,1180007.389,13.98103126,19819228.93,0.059538511
宜昌市,2014,733908,14584,5658,1.229,13.3,1.7143,1105639.641,13.91593459,21714652,0.050916756
宜昌市,2015,768439,15611,4317,1.229,13.3,1.7143,1159438.464,13.96344636,23718596.32,0.048883098
宜昌市,2016,712669,18371,4691,1.229,13.3,1.7143,1128246.282,13.93617502,25563398.03,0.044135223
宜昌市,2017,2192764,18881,4681,1.229,13.3,1.7143,2954048.894,14.89868729,25667920.46,0.115087192
宜昌市,2018,2277791,21604,4845,1.229,13.3,1.7143,3095044.123,14.94531272,25833797.51,0.119806007
宜昌市,2019,2340514,23202,5038,1.229,13.3,1.7143,3193714.949,14.97669536,28144322.01,0.11347635
宜昌市,2020,2250000,22332,4925,1.229,13.3,1.7143,3070708.528,14.93741888,26705585,0.114983758
宜昌市,2021,2504100,26293,5750,1.229,13.3,1.7143,3437093.025,15.05013662,30825564.84,0.11150138
宜春市,2006,53532,1191,4700,1.229,13.3,1.7143,89688.338,11.40409603,4397203,0.020396679
宜春市,2007,65314,1157,4900,1.229,13.3,1.7143,104059.076,11.55271406,4682698.103,0.022222034
宜春市,2008,72019,945,3626,1.229,13.3,1.7143,107295.9028,11.58334574,5342655.326,0.020082879
宜春市,2009,82455,594,5120,1.229,13.3,1.7143,118014.611,11.67856372,6258194.832,0.018857612
宜春市,2010,111002,1210,11830,1.229,13.3,1.7143,172794.627,12.05985904,7207724.854,0.023973533
宜春市,2011,129816,1730,14730,1.229,13.3,1.7143,207804.503,12.24435303,8130742.716,0.025557875
宜春市,2012,141097,2645,15306,1.229,13.3,1.7143,234825.7888,12.36659919,9447636.61,0.024855506
宜春市,2013,162380,3746,20403,1.229,13.3,1.7143,284363.6829,12.55800927,10357687.89,0.027454359
宜春市,2014,173790,4356,20468,1.229,13.3,1.7143,306611.0024,12.63333513,11386815.29,0.026926844
宜春市,2015,194016,5799,20558,1.229,13.3,1.7143,350814.9434,12.76801414,12345562.65,0.028416278
宜春市,2016,215744,6457,19477,1.229,13.3,1.7143,384416.8971,12.85948291,13499308.09,0.028476785
宜春市,2017,1793373,8704,17424,1.229,13.3,1.7143,2349688.58,14.66979336,14858754.69,0.15813496
宜春市,2018,1937509,11748,16873,1.229,13.3,1.7143,2566372.345,14.75800392,15816407.76,0.162260128
宜春市,2019,2027884,12543,15466,1.229,13.3,1.7143,2685604.7,14.80341647,19370984.92,0.138640586
宜春市,2020,2131000,11132,14777,1.229,13.3,1.7143,2792386.811,14.84240728,20038082.41,0.139353994
宜春市,2021,2355900,14770,10070,1.229,13.3,1.7143,3109105.101,14.94984549,21496851.67,0.144630718
益阳市,2006,103982,102,8760,1.229,13.3,1.7143,144167.746,11.8787328,3362102,0.042880242
益阳市,2007,110007,102,9600,1.229,13.3,1.7143,153012.483,11.93827479,3847144.912,0.039772997
益阳市,2008,125633,1002,7600,1.229,13.3,1.7143,180758.237,12.10491571,4413029.077,0.040960128
益阳市,2009,145619,1596,7000,1.229,13.3,1.7143,212192.651,12.26524987,5148994.667,0.041210501
益阳市,2010,171642,2500,9700,1.229,13.3,1.7143,260826.728,12.47161159,5826271.024,0.044767352
益阳市,2011,189078,2821,11000,1.229,13.3,1.7143,288753.462,12.57332853,6713128.952,0.043013245
益阳市,2012,202374,4486,9500,1.229,13.3,1.7143,324667.296,12.69055623,7701597.557,0.042155838
益阳市,2013,215279,4876,15100,1.229,13.3,1.7143,355314.621,12.78075893,8407381.862,0.04226222
益阳市,2014,216124,6540,15700,1.229,13.3,1.7143,379512.906,12.84664388,9344656.315,0.040612827
益阳市,2015,214634,6118,7865,1.229,13.3,1.7143,358637.5555,12.79006756,9937913.533,0.036087812
益阳市,2016,228772,5677,6430,1.229,13.3,1.7143,367687.837,12.81498959,10944820.57,0.033594688
益阳市,2017,735665,6450,6531,1.229,13.3,1.7143,1001113.378,13.81662332,11626050.72,0.086109497
益阳市,2018,814561,6608,6437,1.229,13.3,1.7143,1100016.818,13.91083603,12743649.06,0.086318825
益阳市,2019,860321,8099,6269,1.229,13.3,1.7143,1175798.156,13.97745776,12725796.79,0.092394856
益阳市,2020,877200,8001,8874,1.229,13.3,1.7143,1199704.798,13.99758608,13042006.03,0.091987751
益阳市,2021,1013100,9880,8500,1.229,13.3,1.7143,1391075.45,14.14558771,13975170.41,0.099539069
银川市,2006,411901,71962,12307,1.229,13.3,1.7143,1484418.819,14.21053389,2916022.837,0.509055965
银川市,2007,430825,81474,8012,1.229,13.3,1.7143,1626823.097,14.30213965,3055118.98,0.532490913
银川市,2008,432259,87840,7867,1.229,13.3,1.7143,1713004.709,14.35375953,3833944.615,0.446799545
银川市,2009,410829,96823,7890,1.229,13.3,1.7143,1806180.568,14.40672499,3909150.97,0.462039093
银川市,2010,422831,86937,7684,1.229,13.3,1.7143,1689094.08,14.3397029,4744837.166,0.355985679
银川市,2011,507855,86937,7684,1.229,13.3,1.7143,1793588.576,14.39972896,6094974.82,0.294273337
银川市,2012,1000000,147354,11084,1.229,13.3,1.7143,3207809.501,14.98109886,7146717.939,0.448850721
银川市,2013,1500000,172394,12321,1.229,13.3,1.7143,4157462.09,15.24041537,8133628.596,0.511144816
银川市,2014,2000000,172394,14000,1.229,13.3,1.7143,4774840.4,15.37887111,9076045.876,0.526092581
银川市,2015,2500000,162000,6570,1.229,13.3,1.7143,5238362.951,15.47151959,9724808.172,0.538659772
银川市,2016,3000000,163000,5117,1.229,13.3,1.7143,5863672.073,15.5842866,9820730.715,0.597070854
银川市,2017,3089200,163000,5117,1.229,13.3,1.7143,5973298.873,15.60280991,10659378.22,0.560379672
银川市,2018,3701726,151376,4355,1.229,13.3,1.7143,6570187.831,15.69805298,11209603.79,0.586121326
银川市,2019,3910342,143566,7211,1.229,13.3,1.7143,6727599.935,15.72172902,11109560.47,0.605568506
银川市,2020,4118958,101227,9374,1.229,13.3,1.7143,6424588.33,15.67564311,19640000,0.327117532
银川市,2021,1628200,68993,12013,1.229,13.3,1.7143,2939258.586,14.89366793,12094404.22,0.243026323
鹰潭市,2006,37019,2,6000,1.229,13.3,1.7143,55808.751,10.92968596,1432082,0.03897036
鹰潭市,2007,40684,2,8300,1.229,13.3,1.7143,64255.926,11.07062923,2026385.483,0.031709626
鹰潭市,2008,47044,2,9000,1.229,13.3,1.7143,73272.376,11.20193895,2229336.303,0.03286735
鹰潭市,2009,51268,2,8000,1.229,13.3,1.7143,76749.372,11.24830048,2295084.634,0.033440759
鹰潭市,2010,57414,16,6850,1.229,13.3,1.7143,82517.561,11.32076641,2857293.758,0.028879621
鹰潭市,2011,63563,63,7900,1.229,13.3,1.7143,92499.797,11.43496173,3225167.256,0.02868062
鹰潭市,2012,67686,121,9630,1.229,13.3,1.7143,101304.103,11.52588219,3651339.651,0.027744366
鹰潭市,2013,70683,169,7005,1.229,13.3,1.7143,101125.7785,11.52412035,4132932.16,0.024468289
鹰潭市,2014,70268,257,7005,1.229,13.3,1.7143,101786.1435,11.53062926,4538161.381,0.022428939
鹰潭市,2015,73344,376,6314,1.229,13.3,1.7143,105964.6662,11.57086098,4868564.062,0.021765076
鹰潭市,2016,85271,857,6287,1.229,13.3,1.7143,126973.9631,11.75173733,5267666.597,0.024104404
鹰潭市,2017,447182,1202,2428,1.229,13.3,1.7143,569735.5984,13.25292767,5678052.386,0.100339969
鹰潭市,2018,479310,4117,2752,1.229,13.3,1.7143,648545.8436,13.38248797,5939553.356,0.109191012
鹰潭市,2019,519012,3941,2589,1.229,13.3,1.7143,694719.3707,13.45126326,6781286.014,0.102446552
鹰潭市,2020,542000,4899,2270,1.229,13.3,1.7143,735166.161,13.50785182,7060012.549,0.104130999
鹰潭市,2021,564100,6701,4240,1.229,13.3,1.7143,789670.832,13.57937147,7706799.846,0.102464168
营口市,2006,704443,938,25918,1.229,13.3,1.7143,922667.0744,13.73502375,4572440,0.201788777
营口市,2007,819210,953,25020,1.229,13.3,1.7143,1062375.776,13.87601826,5247104.143,0.202468971
营口市,2008,591391,1166,22200,1.229,13.3,1.7143,780384.799,13.56754241,6078394.782,0.128386659
营口市,2009,677019,953,20000,1.229,13.3,1.7143,879017.251,13.6865598,7221956.342,0.121714562
营口市,2010,889976,1404,20000,1.229,13.3,1.7143,1146739.704,13.95243343,9211427.12,0.124490992
营口市,2011,933067,1769,15005,1.229,13.3,1.7143,1195990.115,13.99448495,10536848.82,0.113505483
营口市,2012,871109,1793,6005,1.229,13.3,1.7143,1104734.233,13.91511535,11858220.53,0.09316189
营口市,2013,1005255,1913,6005,1.229,13.3,1.7143,1271195.667,14.05546849,13121219.53,0.096880908
营口市,2014,1073345,1913,6005,1.229,13.3,1.7143,1354878.277,14.11922218,13593215.95,0.099673122
营口市,2015,1448246,2441,6005,1.229,13.3,1.7143,1822654.006,14.41580424,13556645,0.134447277
营口市,2016,1633248,4341,10000,1.229,13.3,1.7143,2082140.092,14.54890681,10313764.75,0.201879735
营口市,2017,2427460,17724,6738,1.229,13.3,1.7143,3230628.493,14.98818726,11100935.86,0.291023075
营口市,2018,2693116,19278,6810,1.229,13.3,1.7143,3577911.347,15.09028977,11465266.92,0.312065247
营口市,2019,2887615,20460,7390,1.229,13.3,1.7143,3833665.512,15.15933196,11271666.34,0.340115241
营口市,2020,2600000,21924,5488,1.229,13.3,1.7143,3496397.278,15.06724365,11196692.34,0.31227055
营口市,2021,2842100,19558,4562,1.229,13.3,1.7143,3760882.937,15.14016431,11426717.46,0.329130649
永州市,2006,130784,132,14350,1.229,13.3,1.7143,187089.341,12.13934154,4145477,0.045130956
永州市,2007,154582,132,16597,1.229,13.3,1.7143,220189.1151,12.30224207,4664868.184,0.047201573
永州市,2008,170306,713,17037,1.229,13.3,1.7143,247995.5031,12.42116589,5115695.528,0.048477377
永州市,2009,166300,1294,17065,1.229,13.3,1.7143,250847.4295,12.43260018,5570387.229,0.045032314
永州市,2010,190885,1875,17164,1.229,13.3,1.7143,288959.4102,12.57404151,6274033.707,0.046056401
永州市,2011,246704,2456,2018,1.229,13.3,1.7143,339323.4734,12.73470913,7182367.868,0.047243956
永州市,2012,220376,3037,12600,1.229,13.3,1.7143,332834.384,12.7154003,7998389.294,0.041612676
永州市,2013,211286,3711,11200,1.229,13.3,1.7143,328226.954,12.70146058,8799009.077,0.037302718
永州市,2014,221346,3954,9900,1.229,13.3,1.7143,341594.004,12.74137819,9704869.545,0.035198207
永州市,2015,212806,938,10418,1.229,13.3,1.7143,291873.5514,12.58407594,10405780.14,0.028049175
永州市,2016,195929,2015,10652,1.229,13.3,1.7143,285856.9646,12.56324684,11477167.23,0.024906578
永州市,2017,829113,4986,6205,1.229,13.3,1.7143,1095930.909,13.9071147,11932402.24,0.091844952
永州市,2018,921233,2437,9822,1.229,13.3,1.7143,1181445.312,13.98224909,13086246.9,0.090281447
永州市,2019,1025483,3860,8918,1.229,13.3,1.7143,1326944.734,14.09838967,14323622.84,0.092640301
永州市,2020,1007200,4690,7258,1.229,13.3,1.7143,1312668.189,14.08757241,14836777.5,0.088473942
永州市,2021,1277200,4720,7697,1.229,13.3,1.7143,1645649.767,14.31364586,15650252.75,0.105151642
榆林市,2006,48467,2275,7000,1.229,13.3,1.7143,101823.543,11.53099662,4394720,0.023169518
榆林市,2007,51198,4032,4000,1.229,13.3,1.7143,123405.142,11.72322806,6215461.607,0.019854542
榆林市,2008,423365,4263,4110,1.229,13.3,1.7143,584059.258,13.27775773,8463178.294,0.069011811
榆林市,2009,101783,10165,3000,1.229,13.3,1.7143,265428.707,12.48910156,11007479.51,0.024113486
榆林市,2010,119017,12083,100,1.229,13.3,1.7143,307147.223,12.63508247,13738318.85,0.022356973
榆林市,2011,189578,9368,228.57143,1.229,13.3,1.7143,357977.602,12.7882257,16395377.9,0.021834056
榆林市,2012,217237,20800,357.14286,1.229,13.3,1.7143,544236.523,13.20713922,18445590.04,0.029504967
榆林市,2013,359146,21773,485.71429,1.229,13.3,1.7143,731803.994,13.50326799,19323728.23,0.037870746
榆林市,2014,4460800,22782,614.28571,1.229,13.3,1.7143,5786376.87,15.5710169,19858854.7,0.291375155
榆林市,2015,402184,24820,742.85714,1.229,13.3,1.7143,825663.616,13.62394272,18663951.33,0.044238415
榆林市,2016,402799,32273,871.42857,1.229,13.3,1.7143,925764.761,13.73837544,19947111.33,0.046410969
榆林市,2017,1800000,11654,1000,1.229,13.3,1.7143,2368912.5,14.67794155,23117604.6,0.10247223
榆林市,2018,3135084,30581,1200,1.229,13.3,1.7143,4261802.696,15.2652028,25663251.34,0.166066358
榆林市,2019,3227418,35696,3617,1.229,13.3,1.7143,4447454.145,15.30784239,27136043.23,0.163894718
榆林市,2020,3504600,34378,149632,1.229,13.3,1.7143,5020894.938,15.42911875,27017445.14,0.185838998
榆林市,2021,4068300,34971,89995,1.229,13.3,1.7143,5619333.429,15.54172361,33265909.18,0.168921685
玉林市,2006,140765,3,27200,1.229,13.3,1.7143,219669.045,12.29987735,3784684.948,0.058041567
玉林市,2007,174094,4,27815,1.229,13.3,1.7143,261697.9805,12.47494637,4316406.193,0.060628673
玉林市,2008,185459,5,29229,1.229,13.3,1.7143,278102.8857,12.53574642,5229992.937,0.05317462
玉林市,2009,187486,170,29020,1.229,13.3,1.7143,282430.28,12.551187,5480663.801,0.05153213
玉林市,2010,213848,309,29081,1.229,13.3,1.7143,316782.4503,12.66597054,6237892.33,0.050783571
玉林市,2011,245814,380,33361,1.229,13.3,1.7143,364350.1683,12.80587069,7596439.609,0.047963281
玉林市,2012,200314,500,38445,1.229,13.3,1.7143,318742.1695,12.67213781,8198653.078,0.038877382
玉林市,2013,214432,932,35958,1.229,13.3,1.7143,337575.3274,12.72954396,8845964.237,0.038161507
玉林市,2014,228961,1721,29797,1.229,13.3,1.7143,355363.3661,12.78089611,9812191.885,0.036216512
玉林市,2015,227119,2176,29351,1.229,13.3,1.7143,358386.4703,12.78936721,10389845.53,0.034493917
玉林市,2016,250761,2868,24001,1.229,13.3,1.7143,387474.5833,12.86740553,10831198.63,0.035773934
玉林市,2017,829311,3618,22800,1.229,13.3,1.7143,1106428.659,13.91664796,11468263.56,0.096477436
玉林市,2018,897515,3687,20800,1.229,13.3,1.7143,1187740.475,13.9875633,10679315.02,0.111218788
玉林市,2019,995194,3850,19000,1.229,13.3,1.7143,1306870.126,14.08314562,11038909.2,0.118387614
玉林市,2020,1069900,5791,15600,1.229,13.3,1.7143,1418670.48,14.16523071,17610000,0.080560504
玉林市,2021,1202200,6886,12000,1.229,13.3,1.7143,1589659.2,14.27903021,12905241.71,0.123179343
玉溪市,2006,179834,726,4825,1.229,13.3,1.7143,238943.2835,12.3839815,3759266.831,0.06356114
玉溪市,2007,180128,694,4512,1.229,13.3,1.7143,238342.4336,12.38146372,4184205.551,0.05696241
玉溪市,2008,233023,662,4740,1.229,13.3,1.7143,303315.649,12.62252929,5159555.274,0.058787169
玉溪市,2009,260470,630,4940,1.229,13.3,1.7143,336965.272,12.72773515,5323683.023,0.063295518
玉溪市,2010,364793,598,4824,1.229,13.3,1.7143,464553.7802,13.04883261,5618854.149,0.082677672
玉溪市,2011,318238,566,7956,1.229,13.3,1.7143,412281.2728,12.9294611,6427843.879,0.064139901
玉溪市,2012,318248,534,6694,1.229,13.3,1.7143,409704.5162,12.92319149,7120392.977,0.057539593
玉溪市,2013,399687,502,6980,1.229,13.3,1.7143,509857.737,13.14188702,7749509.535,0.065792259
玉溪市,2014,403260,470,6980,1.229,13.3,1.7143,513823.354,13.14963482,8496568.777,0.060474218
玉溪市,2015,339855,438,4575,1.229,13.3,1.7143,431350.1175,12.97467538,8866819.975,0.048647668
玉溪市,2016,419745,541,10650,1.229,13.3,1.7143,541319.2,13.2017644,9062606.816,0.05973107
玉溪市,2017,1211770,1012,10300,1.229,13.3,1.7143,1520382.22,14.23447232,9425091.026,0.161312205
玉溪市,2018,1338262,1279,10368,1.229,13.3,1.7143,1679508.56,14.33401179,9664791.176,0.17377598
玉溪市,2019,1450701,1823,7802,1.229,13.3,1.7143,1820532.398,14.41463954,12432791.2,0.146429902
玉溪市,2020,1535800,2945,6516,1.229,13.3,1.7143,1937837.079,14.477083,20580000,0.09416118
玉溪市,2021,1544700,5567,6588,1.229,13.3,1.7143,1983771.208,14.50051024,14526795.6,0.136559449
岳阳市,2006,281140,1175,28962,1.229,13.3,1.7143,410798.1166,12.92585717,7334020,0.05601268
岳阳市,2007,510053,2251,18121,1.229,13.3,1.7143,687858.2673,13.44133809,8436665.655,0.081532005
岳阳市,2008,517703,5072,21721,1.229,13.3,1.7143,740950.8973,13.51568964,9544034.094,0.07763498
岳阳市,2009,555338,5408,22829,1.229,13.3,1.7143,793572.5567,13.58430025,11071824.79,0.071674956
岳阳市,2010,549906,6759,23912,1.229,13.3,1.7143,806721.5156,13.6007338,12591649.43,0.064067978
岳阳市,2011,592257,7052,30485,1.229,13.3,1.7143,873935.8885,13.6807623,14430848.22,0.060560258
岳阳市,2012,622101,7138,31488,1.229,13.3,1.7143,913477.4074,13.72501392,16606147.56,0.055008388
岳阳市,2013,693143,12230,3610,1.229,13.3,1.7143,1020720.37,13.83601918,18231394.43,0.055986961
岳阳市,2014,677738,16086,4205,1.229,13.3,1.7143,1054092.434,13.8681907,19905125.21,0.05295583
岳阳市,2015,711974,16297,4125,1.229,13.3,1.7143,1098837.634,13.90976348,21177900.96,0.05188605
岳阳市,2016,731003,19187,4075,1.229,13.3,1.7143,1160575.56,13.96442661,22728996.58,0.051061452
岳阳市,2017,1362506,20727,4055,1.229,13.3,1.7143,1957140.461,14.48699502,22524958.84,0.086887638
岳阳市,2018,1490077,21591,9800,1.229,13.3,1.7143,2135265.073,14.57410135,24720892.55,0.086374918
岳阳市,2019,1567246,24963,23100,1.229,13.3,1.7143,2297753.564,14.64744249,26843477.6,0.085598207
岳阳市,2020,1604000,23428,28809,1.229,13.3,1.7143,2332295.669,14.66236361,28167354.63,0.082801374
岳阳市,2021,1767700,24398,17951,1.229,13.3,1.7143,2527770.099,14.74284809,30476807.99,0.082940776
云浮市,2006,63029,6,11000,1.229,13.3,1.7143,96399.741,11.47625879,2296808.887,0.041971163
云浮市,2007,78778,10,10800,1.229,13.3,1.7143,115465.602,11.65672795,2435876.245,0.047402081
云浮市,2008,87033,14,10785,1.229,13.3,1.7143,125638.4825,11.74116388,2938522.886,0.042755659
云浮市,2009,63029,18,11000,1.229,13.3,1.7143,96559.341,11.47791303,3058413.954,0.031571704
云浮市,2010,91291,22,5249,1.229,13.3,1.7143,121487.5997,11.70756748,3395947.873,0.035774283
云浮市,2011,116852,26,6420,1.229,13.3,1.7143,154962.714,11.95093981,4110437.254,0.037699813
云浮市,2012,100306,26,6582,1.229,13.3,1.7143,134905.3966,11.81232905,4566950.453,0.029539492
云浮市,2013,109541,33,6256,1.229,13.3,1.7143,145789.4498,11.88991874,5030294.147,0.028982291
云浮市,2014,122560,251,29221,1.229,13.3,1.7143,204058.1003,12.22616004,5463609.865,0.037348586
云浮市,2015,53731,469,5300,1.229,13.3,1.7143,81358.889,11.30662538,5737520.876,0.014180147
云浮市,2016,300000,604,6550,1.229,13.3,1.7143,387961.865,12.86866233,6034730.917,0.06428818
云浮市,2017,641557,644,6515,1.229,13.3,1.7143,808207.4175,13.60257401,6101855.95,0.13245272
云浮市,2018,685785,2893,9337,1.229,13.3,1.7143,897313.0841,13.70716011,6337710.37,0.141583164
云浮市,2019,744550,4741,5443,1.229,13.3,1.7143,987438.1849,13.80286918,6863571.771,0.14386652
云浮市,2020,785600,5108,5371,1.229,13.3,1.7143,1042646.305,13.85727256,10020000,0.104056517
云浮市,2021,851700,4907,4967,1.229,13.3,1.7143,1120517.328,13.92930104,8139932.281,0.137656837
运城市,2006,302344,1300,8315,1.229,13.3,1.7143,403125.1805,12.90700241,5502093,0.073267606
运城市,2007,284290,489,3650,1.229,13.3,1.7143,362153.305,12.7998229,5569029.986,0.065029872
运城市,2008,314144,592,3942,1.229,13.3,1.7143,400714.3466,12.9010041,5531816.506,0.072438113
运城市,2009,291380,945,1578,1.229,13.3,1.7143,373379.6854,12.8303511,6166840.866,0.060546347
运城市,2010,362119,356,2750,1.229,13.3,1.7143,454493.376,13.02693862,6277282.167,0.072402891
运城市,2011,370070,472,2025,1.229,13.3,1.7143,464565.0875,13.04885695,6935122.885,0.06698729
运城市,2012,487769,467,2947,1.229,13.3,1.7143,610731.2431,13.32241228,7421854.865,0.082288222
运城市,2013,501738,725,2851,1.229,13.3,1.7143,631165.9713,13.35532414,8411870.755,0.075032771
运城市,2014,249151,3315,2581,1.229,13.3,1.7143,354720.6873,12.77908596,9218165.064,0.038480618
运城市,2015,360009,8301,4104.8,1.229,13.3,1.7143,559891.2196,13.23549779,9478248.935,0.059071166
运城市,2016,362807,8865,5628.6,1.229,13.3,1.7143,573443.412,13.25941454,10178484.87,0.056338779
运城市,2017,3002206,10141,7152.4,1.229,13.3,1.7143,3836847.833,15.16016171,9801668.781,0.391448428
运城市,2018,3111527,10721,8676.2,1.229,13.3,1.7143,3981529.593,15.19717662,10713859.8,0.371624202
运城市,2019,3023427,12471,10200,1.229,13.3,1.7143,3899141.943,15.17626707,11072892.43,0.352134004
运城市,2020,2950000,10815,7550,1.229,13.3,1.7143,3782332.465,15.14585143,11594153.84,0.326227556
运城市,2021,3376600,10836,10750,1.229,13.3,1.7143,4312388.925,15.27700258,12214171.87,0.353064372
枣庄市,2006,471480,3420,7579,1.229,13.3,1.7143,637927.5997,13.36598008,7599500,0.083943365
枣庄市,2007,486118,4342,13369,1.229,13.3,1.7143,678106.0987,13.42705904,8647287.485,0.07841836
枣庄市,2008,476627,5715,11115,1.229,13.3,1.7143,680838.5275,13.43108045,9387234.347,0.072528127
枣庄市,2009,476911,5923,13106,1.229,13.3,1.7143,687367.1348,13.44062383,10350944.59,0.066406223
枣庄市,2010,536445,7120,11909,1.229,13.3,1.7143,774402.5037,13.55984705,11332503.14,0.068334638
枣庄市,2011,649032,6440,14682,1.229,13.3,1.7143,908481.6806,13.71953,12490460.28,0.072734043
枣庄市,2012,665473,7056,12721,1.229,13.3,1.7143,933518.7273,13.7467163,13587411.71,0.068704677
枣庄市,2013,700378,7570,11523,1.229,13.3,1.7143,981199.4409,13.79653102,14498715.48,0.067674922
枣庄市,2014,672781,10363,10310,1.229,13.3,1.7143,982350.182,13.79770312,15866166.65,0.061914778
枣庄市,2015,615879,9841,6045,1.229,13.3,1.7143,898163.5345,13.70810744,16110852.03,0.055748978
枣庄市,2016,641201,10437,8146,1.229,13.3,1.7143,940812.8168,13.75449948,17175012.7,0.054777998
枣庄市,2017,1352071,8241,7891,1.229,13.3,1.7143,1784828.1,14.39483267,18477596.88,0.096594168
枣庄市,2018,1538696,13945,8063,1.229,13.3,1.7143,2090348.285,14.55284125,19365608.22,0.107941267
枣庄市,2019,1559868,11869,9282,1.229,13.3,1.7143,2090847.605,14.55308009,13585814.55,0.153899319
枣庄市,2020,1744100,10536,8780,1.229,13.3,1.7143,2298679.254,14.64784528,13889271.81,0.165500343
枣庄市,2021,1864000,12664,8064,1.229,13.3,1.7143,2473111.315,14.72098756,14950448.84,0.16542054
湛江市,2006,212580,248,43000,1.229,13.3,1.7143,338274.12,12.73161185,7243866.957,0.046698003
湛江市,2007,241703,767,60000,1.229,13.3,1.7143,410112.087,12.92418578,8022450.718,0.051120549
湛江市,2008,316977,1739,50000,1.229,13.3,1.7143,498408.433,13.11917517,9634047.76,0.051734063
湛江市,2009,342635,2578,50000,1.229,13.3,1.7143,541100.815,13.20136089,10268553.18,0.052694942
湛江市,2010,400813,4926,96102,1.229,13.3,1.7143,722862.6356,13.49097449,11899822.72,0.060745664
湛江市,2011,572389,6221,45000,1.229,13.3,1.7143,863348.881,13.66857415,14518394.01,0.059465867
湛江市,2012,654000,7828,40120,1.229,13.3,1.7143,976656.116,13.79188989,15719390.77,0.06213066
湛江市,2013,564419,8024,40100,1.229,13.3,1.7143,869133.581,13.67525211,17204811.32,0.050516891
湛江市,2014,694419,8374,40100,1.229,13.3,1.7143,1033558.581,13.84851834,18587574.08,0.055604813
湛江市,2015,814419,9838,40100,1.229,13.3,1.7143,1200509.781,13.99825684,19148285.71,0.062695418
湛江市,2016,968421,10074,42000,1.229,13.3,1.7143,1396174.209,14.14924635,20038871.54,0.069673295
湛江市,2017,1814464,11338,50000,1.229,13.3,1.7143,2466486.656,14.71830529,21314123.93,0.115720762
湛江市,2018,1964299,11403,504000,1.229,13.3,1.7143,3429790.571,15.04800976,22453991.93,0.152747475
湛江市,2019,2126527,12403,50000,1.229,13.3,1.7143,2864176.583,14.86779146,22816537.4,0.125530729
湛江市,2020,2379700,10928,26719,1.229,13.3,1.7143,3115798.082,14.95199588,31000000,0.100509616
湛江市,2021,2807700,12754,30359,1.229,13.3,1.7143,3672335.934,15.11633851,25441754.98,0.14434287
张家界市,2006,25789,85,12000,1.229,13.3,1.7143,53396.781,10.88550574,1275435,0.041865545
张家界市,2007,51036,85,6650,1.229,13.3,1.7143,75253.839,11.2286222,1394032.211,0.053982855
张家界市,2008,50280,85,6650,1.229,13.3,1.7143,74324.715,11.21619881,1587979.932,0.046804568
张家界市,2009,104219,85,6650,1.229,13.3,1.7143,140615.746,11.85378624,1767597.406,0.079551908
张家界市,2010,73793,85,6650,1.229,13.3,1.7143,103222.192,11.54463915,1983427.546,0.052042331
张家界市,2011,72778,165,11619,1.229,13.3,1.7143,111557.1137,11.62229197,2264289.772,0.049268038
张家界市,2012,90573,301,10800,1.229,13.3,1.7143,133831.957,11.80434024,2558843.462,0.052301737
张家界市,2013,97527,416,11000,1.229,13.3,1.7143,144250.783,11.87930861,2737140.886,0.052701263
张家界市,2014,96667,726,8966,1.229,13.3,1.7143,143829.9568,11.87638703,3057489.288,0.047041851
张家界市,2015,104980,1059,10900,1.229,13.3,1.7143,161790.99,11.9940606,3284973.991,0.049251833
张家界市,2016,121144,1159,11900,1.229,13.3,1.7143,184700.846,12.12649275,3614352.829,0.051102052
张家界市,2017,246744,1127,7112,1.229,13.3,1.7143,330429.5776,12.70814884,3886180.485,0.085026822
张家界市,2018,267532,2645,9266,1.229,13.3,1.7143,379860.0318,12.84755813,4195625.723,0.090537159
张家界市,2019,284035,3428,8348,1.229,13.3,1.7143,408982.3914,12.92142738,3919999.903,0.104332245
张家界市,2020,284000,2692,7247,1.229,13.3,1.7143,397263.1321,12.89235414,3913305.64,0.101515999
张家界市,2021,305400,2607,7339,1.229,13.3,1.7143,422590.9477,12.95415996,4014660.148,0.105261948
张家口市,2006,496152,5349,14168,1.229,13.3,1.7143,705200.7104,13.46623774,4841665,0.14565252
张家口市,2007,548244,5392,13685,1.229,13.3,1.7143,768965.6715,13.55280161,5129268.026,0.149917233
张家口市,2008,624749,5959,11310,1.229,13.3,1.7143,866459.954,13.67217117,6030624.336,0.143676659
张家口市,2009,611354,5959,11310,1.229,13.3,1.7143,849997.499,13.65298869,6719100.071,0.126504664
张家口市,2010,690420,5918,5635,1.229,13.3,1.7143,936895.6605,13.7503272,7532701.711,0.124377109
张家口市,2011,734436,5931,5640,1.229,13.3,1.7143,991172.796,13.80664416,8096496.99,0.122419955
张家口市,2012,738572,5627,5640,1.229,13.3,1.7143,992212.74,13.80769282,8993322.553,0.110327716
张家口市,2013,732379,5627,5640,1.229,13.3,1.7143,984601.543,13.79999231,9882790.744,0.099627885
张家口市,2014,736234,5704,3134,1.229,13.3,1.7143,986067.4022,13.80147999,10374741.11,0.095045013
张家口市,2015,674483,5584,3134,1.229,13.3,1.7143,908579.4232,13.71963759,10695249.42,0.084951682
张家口市,2016,853021,5916,5576,1.229,13.3,1.7143,1136604.546,13.94355591,11374833.05,0.099922745
张家口市,2017,1468548,15264,880,1.229,13.3,1.7143,2009365.276,14.51332945,10968562.24,0.183193132
张家口市,2018,1654839,13743,24249,1.229,13.3,1.7143,2258149.092,14.63005605,11861124.62,0.190382376
张家口市,2019,1770974,9999,818,1.229,13.3,1.7143,2310916.043,14.65315456,11867092.24,0.194733132
张家口市,2020,1891600,9582,903,1.229,13.3,1.7143,2453765.013,14.71313414,12287940.86,0.199688869
张家口市,2021,2100000,11936,8343,1.229,13.3,1.7143,2753951.205,14.82854724,12667579.51,0.217401533
张掖市,2006,95700,9,2335,1.229,13.3,1.7143,121737.8905,11.70962557,1267042,0.096080391
张掖市,2007,131413,9,2650,1.229,13.3,1.7143,166169.172,12.02076166,1356119.941,0.122532799
张掖市,2008,139800,9,2600,1.229,13.3,1.7143,176391.08,12.08045885,1506202.617,0.117109795
张掖市,2009,152400,9,4840,1.229,13.3,1.7143,195716.512,12.18442252,1764064.933,0.11094632
张掖市,2010,205890,9,4450,1.229,13.3,1.7143,260787.145,12.47145982,1809966.957,0.144083926
张掖市,2011,238046,9,4068,1.229,13.3,1.7143,299652.0064,12.6103771,2025547.18,0.147936325
张掖市,2012,33892,170,4260,1.229,13.3,1.7143,51217.186,10.84383042,2298955.033,0.022278464
张掖市,2013,35349,543,4140,1.229,13.3,1.7143,57763.023,10.96410411,2640533.357,0.021875513
张掖市,2014,146762,906,3538,1.229,13.3,1.7143,198485.4914,12.19847129,2859663.373,0.069408691
张掖市,2015,274825,906,3800,1.229,13.3,1.7143,356324.065,12.78359589,3176061.612,0.112190539
张掖市,2016,308225,4462,2880,1.229,13.3,1.7143,443090.309,13.00152889,3473018.44,0.127580753
张掖市,2017,388636,1726,2747,1.229,13.3,1.7143,505298.6261,13.13290487,3190009.755,0.158400339
张掖市,2018,459497,3347,3200,1.229,13.3,1.7143,614722.673,13.32892651,3314005.071,0.185492376
张掖市,2019,463357,5229,2557,1.229,13.3,1.7143,643394.9181,13.374514,3602874.918,0.1785782
张掖市,2020,482000,5308,2657,1.229,13.3,1.7143,667529.2951,13.41133856,3764605.278,0.177317207
张掖市,2021,547800,5480,9307,1.229,13.3,1.7143,762085.1901,13.54381363,3996953.47,0.190666515
漳州市,2006,324692,305,14673,1.229,13.3,1.7143,428256.8919,12.96747851,7169115,0.059736368
漳州市,2007,381383,305,15439,1.229,13.3,1.7143,499243.2847,13.1208488,7879641.021,0.063358633
漳州市,2008,432637,305,16216,1.229,13.3,1.7143,563566.4618,13.24204055,8895938.344,0.063350986
漳州市,2009,455732,305,15816,1.229,13.3,1.7143,591264.4968,13.29001874,10339086.6,0.057187305
漳州市,2010,278378,877,16545,1.229,13.3,1.7143,382153.7555,12.85357831,11838586.07,0.032280355
漳州市,2011,326731,1298,16180,1.229,13.3,1.7143,446553.173,13.00931376,13757546.24,0.03245878
漳州市,2012,481200,1886,15274,1.229,13.3,1.7143,642662.8182,13.37337548,15534335.57,0.041370474
漳州市,2013,517997,2338,15068,1.229,13.3,1.7143,693544.7854,13.4495711,17143923.97,0.040454262
漳州市,2014,592124,3080,15288,1.229,13.3,1.7143,794892.6144,13.58596231,19054513.83,0.041716762
漳州市,2015,525200,3446,15495,1.229,13.3,1.7143,717865.6785,13.48403775,21307511,0.033690734
漳州市,2016,599985,3749,14721,1.229,13.3,1.7143,812479.4753,13.60784593,23627232.68,0.034387416
漳州市,2017,2220618,4698,14571,1.229,13.3,1.7143,2816601.987,14.85104175,25286073.04,0.111389459
漳州市,2018,2481094,7079,14451,1.229,13.3,1.7143,3168188.575,14.96867056,26740005.05,0.118481226
漳州市,2019,2571124,8706,14445,1.229,13.3,1.7143,3300464.26,15.0095737,31561322.38,0.104573066
漳州市,2020,2645800,6868,14324,1.229,13.3,1.7143,3367588.233,15.02970739,30132396.95,0.11175972
漳州市,2021,3066400,11761,18203,1.229,13.3,1.7143,3956232.303,15.19080269,31951196.03,0.123821102
长春市,2006,872989,35652,68397,1.229,13.3,1.7143,1664328.058,14.32493203,17411922,0.095585545
长春市,2007,938871,31813,71890,1.229,13.3,1.7143,1700226.386,14.34627197,18435718.99,0.092224577
长春市,2008,1007718,33116,92449,1.229,13.3,1.7143,1837413.543,14.42386946,21370086.17,0.085980633
长春市,2009,1088051,34788,83313,1.229,13.3,1.7143,1942718.555,14.47959887,23314794.86,0.083325569
长春市,2010,1286042,40609,79187,1.229,13.3,1.7143,2256395.592,14.62927923,25502611.75,0.08847704
长春市,2011,1333319,39810,72506,1.229,13.3,1.7143,2292419.087,14.64511819,28085159.6,0.081623858
长春市,2012,1137106,44615,68563,1.229,13.3,1.7143,2108420.325,14.56144956,30348482.43,0.069473666
长春市,2013,1294022,49370,32556,1.229,13.3,1.7143,2302784.789,14.64962973,34025899.15,0.067677412
长春市,2014,1428668,62368,43762,1.229,13.3,1.7143,2660348.569,14.79396771,36534863.29,0.072816711
长春市,2015,1421374,50075,37743,1.229,13.3,1.7143,2477568.971,14.72278838,39918463.62,0.06206574
长春市,2016,1551000,59306,48816,1.229,13.3,1.7143,2778634.069,14.83747002,44216508.31,0.062841553
长春市,2017,2247695,67871,49437,1.229,13.3,1.7143,3749851.304,15.13722674,48818724.78,0.076811742
长春市,2018,2431044,69986,46594,1.229,13.3,1.7143,3998442.97,15.20141559,53933506.24,0.074136529
长春市,2019,2541059,89875,42230,1.229,13.3,1.7143,4390693.9,15.29499784,43862858.73,0.100100496
长春市,2020,2632000,86620,38853,1.229,13.3,1.7143,4453379.698,15.30917385,48102027.89,0.092581953
长春市,2021,3006000,93263,42903,1.229,13.3,1.7143,5008320.513,15.42661119,51267269.73,0.097690408
长沙市,2006,602611,11947,85000,1.229,13.3,1.7143,1045219.519,13.85973749,17989572,0.058101411
长沙市,2007,637260,19254,84000,1.229,13.3,1.7143,1183271.94,13.98379399,20176554.72,0.058645887
长沙市,2008,683642,26607,82000,1.229,13.3,1.7143,1334641.718,14.10417344,25902612.07,0.051525372
长沙市,2009,817921,32948,63024,1.229,13.3,1.7143,1551475.352,14.25471688,32591577.44,0.047603567
长沙市,2010,943789,39300,83000,1.229,13.3,1.7143,1824893.581,14.41703223,37194055.14,0.04906412
长沙市,2011,1156205,50363,93000,1.229,13.3,1.7143,2250233.745,14.62654466,42691244.11,0.052709491
长沙市,2012,1268341,64298,76663,1.229,13.3,1.7143,2545377.87,14.74978967,48309933.89,0.052688498
长沙市,2013,1373249,70321,86492,1.229,13.3,1.7143,2771265.557,14.83481465,53546027.76,0.05175483
长沙市,2014,1382042,85657,101838,1.229,13.3,1.7143,3012348.601,14.9182306,58349204.09,0.051626216
长沙市,2015,1501794,91940,115838,1.229,13.3,1.7143,3267087.909,14.9994096,62442572.99,0.052321481
长沙市,2016,1759889,76757,61620,1.229,13.3,1.7143,3289406.847,15.00621782,68584949.04,0.04796106
长沙市,2017,3129032,84994,61570,1.229,13.3,1.7143,5081549.979,15.44112689,73718801.95,0.068931532
长沙市,2018,3636932,91676,68222,1.229,13.3,1.7143,5806033.203,15.57440814,79746002.21,0.072806574
长沙市,2019,3959312,88998,73572,1.229,13.3,1.7143,6175792.328,15.63614774,82192171.89,0.075138449
长沙市,2020,4116800,84475,69187,1.229,13.3,1.7143,6301671.974,15.65632555,85466313.65,0.073732816
长沙市,2021,4848100,101748,82835,1.229,13.3,1.7143,7453567.341,15.82420331,91859577.29,0.081140884
长治市,2006,393434,10401,3710,1.229,13.3,1.7143,628223.739,13.35065165,4603998,0.136451784
长治市,2007,407410,10407,3844,1.229,13.3,1.7143,645709.7592,13.37810539,4949833.762,0.130450797
长治市,2008,383501,10989,4161,1.229,13.3,1.7143,624609.6313,13.34488214,5457304.273,0.114453877
长治市,2009,352391,12589,5310,1.229,13.3,1.7143,609625.172,13.32059958,6612779.742,0.092188943
长治市,2010,400864,13338,5557,1.229,13.3,1.7143,679583.6211,13.42923557,6981321.437,0.097343122
长治市,2011,438059,14814,5607,1.229,13.3,1.7143,745012.7911,13.52115667,8311338.373,0.089638125
长治市,2012,410413,8071,10906,1.229,13.3,1.7143,630438.0328,13.35417015,9227297.013,0.068323154
长治市,2013,397400,3844,3774,1.229,13.3,1.7143,545999.5682,13.21037346,9840310.116,0.055486012
长治市,2014,366547,5491,3774,1.229,13.3,1.7143,529986.3312,13.1806065,10210952.26,0.051903713
长治市,2015,315461,5895,3774,1.229,13.3,1.7143,472574.8372,13.0659514,9650437.718,0.048969265
长治市,2016,296578,6569,3772,1.229,13.3,1.7143,458328.4016,13.03534124,10579247.09,0.043323348
长治市,2017,1449666,7588,4280,1.229,13.3,1.7143,1889897.118,14.45203295,10837659.69,0.174382401
长治市,2018,1672048,12987,4195,1.229,13.3,1.7143,2234865.581,14.61969164,11678995.98,0.19135768
长治市,2019,1783180,19386,4127,1.229,13.3,1.7143,2456436.936,14.71422246,11618390.01,0.211426621
长治市,2020,1790000,20950,2801,1.229,13.3,1.7143,2483346.754,14.72511771,12073717.38,0.205682034
长治市,2021,2007600,30219,4640,1.229,13.3,1.7143,2877207.452,14.87233075,13749123.81,0.209264786
昭通市,2006,47220,197,1374,1.229,13.3,1.7143,63008.9282,11.05103171,1768356.87,0.035631342
昭通市,2007,81287,105,1108,1.229,13.3,1.7143,103197.6674,11.54440153,1912641.336,0.053955577
昭通市,2008,85545,13,1023,1.229,13.3,1.7143,107061.4339,11.5811581,2356736.435,0.045427835
昭通市,2009,102907,45,1123,1.229,13.3,1.7143,128996.3619,11.76753948,2647380.751,0.048726033
昭通市,2010,116609,58,810,1.229,13.3,1.7143,145472.444,11.88774196,2896613.552,0.050221557
昭通市,2011,131313,91,610,1.229,13.3,1.7143,163639.7,12.00542234,3410135.444,0.047986276
昭通市,2012,158641,260,700,1.229,13.3,1.7143,199627.799,12.20420991,3955375.046,0.050470005
昭通市,2013,136969,265,560,1.229,13.3,1.7143,172819.409,12.06000245,4461477.307,0.038735916
昭通市,2014,165105,285,326,1.229,13.3,1.7143,207263.4068,12.24174576,4807500.173,0.043112512
昭通市,2015,135764,295,285,1.229,13.3,1.7143,171266.0315,12.05097337,5046948.392,0.033934572
昭通市,2016,144826,770,263.5,1.229,13.3,1.7143,188683.8721,12.14782826,5288358.369,0.035679101
昭通市,2017,684395,778,242,1.229,13.3,1.7143,851883.7156,13.65520531,5544269.136,0.15365122
昭通市,2018,831691,992,349,1.229,13.3,1.7143,1035940.13,13.85081991,5758206.074,0.179906748
昭通市,2019,1442514,996,350,1.229,13.3,1.7143,1786696.511,14.39587895,7612693.689,0.234699646
昭通市,2020,1604700,1875,370,1.229,13.3,1.7143,1997748.091,14.50753115,12890000,0.154984336
昭通市,2021,6456700,1953,381,1.229,13.3,1.7143,7961912.348,15.89017977,9029836.382,0.881733845
肇庆市,2006,173578,11114,34505,1.229,13.3,1.7143,420295.4835,12.94871328,4854106.721,0.086585547
肇庆市,2007,229919,5953,47379,1.229,13.3,1.7143,442967.1707,13.00125094,5322926.702,0.083218724
肇庆市,2008,252717,792,51859,1.229,13.3,1.7143,410024.6767,12.92397262,6576553.212,0.062346439
肇庆市,2009,275779,1311,34636,1.229,13.3,1.7143,415745.1858,12.93782782,7652622.584,0.054327151
肇庆市,2010,331382,2001,75737,1.229,13.3,1.7143,563717.7171,13.2423089,9196482.079,0.061297104
肇庆市,2011,369653,2979,74348,1.229,13.3,1.7143,621379.0134,13.3396965,11309292.78,0.054944109
肇庆市,2012,289730,4548,62206,1.229,13.3,1.7143,523206.3158,13.16773115,12357274.08,0.042339946
肇庆市,2013,419068,5729,16070,1.229,13.3,1.7143,618779.073,13.33550358,13864626.15,0.044630058
肇庆市,2014,331750,5469,15897,1.229,13.3,1.7143,507710.6771,13.13766703,15181687.99,0.033442307
肇庆市,2015,631750,12236.5,18048.5,1.229,13.3,1.7143,970106.7436,13.78516139,15849550.08,0.06120721
肇庆市,2016,935893,19004,20200,1.229,13.3,1.7143,1437594.557,14.17848183,16158822.41,0.088966542
肇庆市,2017,1687944,25597,17994,1.229,13.3,1.7143,2445770.39,14.70987072,16022421.56,0.152646738
肇庆市,2018,1718075,27309,18308,1.229,13.3,1.7143,2506109.279,14.73424202,16433767.02,0.152497554
肇庆市,2019,1804408,35285,18064,1.229,13.3,1.7143,2717875.047,14.8153609,16742053.05,0.162338217
肇庆市,2020,1822800,38486,18435,1.229,13.3,1.7143,2783688.121,14.83928727,23110000,0.120453835
肇庆市,2021,2106400,69951,22043,1.229,13.3,1.7143,3556902.215,15.08440056,18938385.03,0.187814442
镇江市,2006,626811,10654,45335,1.229,13.3,1.7143,989766.7095,13.80522455,10215200,0.096891564
镇江市,2007,708668,14549,45321,1.229,13.3,1.7143,1142148.462,13.94842166,11331980.4,0.100789837
镇江市,2008,742148,14922,31287,1.229,13.3,1.7143,1164197.796,13.96754282,12515887.56,0.093017598
镇江市,2009,785822,15761,31635,1.229,13.3,1.7143,1229628.419,14.02222258,14995970.47,0.081997255
镇江市,2010,848956,20497,31265,1.229,13.3,1.7143,1369574.614,14.13001075,16734445.87,0.081841647
镇江市,2011,963808,23540,37278,1.229,13.3,1.7143,1561507.707,14.26116239,18303914.59,0.085310041
镇江市,2012,1014686,27119,38269,1.229,13.3,1.7143,1673336.341,14.33033,20875893.58,0.080156394
镇江市,2013,1084280,30271,24830,1.229,13.3,1.7143,1777750.489,14.39085935,23060258.09,0.077091526
镇江市,2014,1044933,34146,25023,1.229,13.3,1.7143,1781261.386,14.39283232,25472758.45,0.069928092
镇江市,2015,1102841,34581,15916,1.229,13.3,1.7143,1842603.688,14.42669018,27103834.47,0.067983137
镇江市,2016,1165606,38058,19909,1.229,13.3,1.7143,1972831.173,14.49498021,29462070.38,0.066961729
镇江市,2017,2438595,39741,18660,1.229,13.3,1.7143,3557577.393,15.08459036,29759992.25,0.119542282
镇江市,2018,2552352,47341,18201,1.229,13.3,1.7143,3797677.882,15.14990035,29543200.84,0.128546595
镇江市,2019,2643900,71015,16480,1.229,13.3,1.7143,4222104.264,15.2558442,30120158.78,0.140175365
镇江市,2020,2735448,54214,14759,1.229,13.3,1.7143,4108213.146,15.22849873,30675399.61,0.133925334
镇江市,2021,2950600,55454,21502,1.229,13.3,1.7143,4400686.479,15.2972711,32991119.6,0.133390031
郑州市,2006,1149306,29025,50705,1.229,13.3,1.7143,1885453.156,14.44967875,20134777,0.093641621
郑州市,2007,1395221,33508,62000,1.229,13.3,1.7143,2266669.609,14.63382218,23025912.76,0.098439946
郑州市,2008,2675799,42010,63800,1.229,13.3,1.7143,3956662.311,15.19091138,26039278.84,0.151949765
郑州市,2009,2644973,48089,64800,1.229,13.3,1.7143,4001342.157,15.2021404,29435192.19,0.135937355
郑州市,2010,2887213,52171,65700,1.229,13.3,1.7143,4354888.587,15.28680959,34212582.54,0.127289093
郑州市,2011,3233661,65234,65800,1.229,13.3,1.7143,4954582.509,15.41582347,40648269.41,0.121889138
郑州市,2012,3413701,75742,67200,1.229,13.3,1.7143,5318008.089,15.48660937,45323892.48,0.117333437
郑州市,2013,3618523,86524,63024,1.229,13.3,1.7143,5705976.01,15.55702461,50547036.64,0.112884481
郑州市,2014,3639902,95319,62607,1.229,13.3,1.7143,5848509.438,15.58169739,55031259.54,0.106276133
郑州市,2015,3816596,106894,61615,1.229,13.3,1.7143,6217913.279,15.64294492,60004192.03,0.103624648
郑州市,2016,3739035,112386,60734,1.229,13.3,1.7143,6194124.111,15.63911168,66384051.4,0.093307413
郑州市,2017,5432187,130025,59808,1.229,13.3,1.7143,8508019.177,15.95651971,72808553.82,0.116854665
郑州市,2018,5603221,136187,43721.333,1.229,13.3,1.7143,8772597.19,15.98714347,77586657.72,0.113068373
郑州市,2019,4856500,63175,27634.667,1.229,13.3,1.7143,6856240.11,15.74066976,88014932.92,0.077898601
郑州市,2020,5541100,154021,11548,1.229,13.3,1.7143,8878287.936,15.9991193,90195899.57,0.098433388
郑州市,2021,5955100,163155,11285,1.229,13.3,1.7143,9508125.276,16.06765728,95728228.34,0.099324154
中山市,2006,1373855,2360,62372,1.229,13.3,1.7143,1826780.115,14.41806547,9747033.541,0.187419086
中山市,2007,1538810,2945,55903,1.229,13.3,1.7143,2026200.503,14.52167292,11127708.58,0.18208605
中山市,2008,1565977,1790,57847,1.229,13.3,1.7143,2047559.845,14.53215932,12940069.06,0.158234074
中山市,2009,1615772,3181,49854,1.229,13.3,1.7143,2113555.8,14.5638823,13906128.06,0.151987368
中山市,2010,1870513,5233,43488,1.229,13.3,1.7143,2443010.855,14.70874179,15673625.96,0.155867625
中山市,2011,1985484,6241,38977,1.229,13.3,1.7143,2589983.407,14.76716203,18727920.58,0.138295301
中山市,2012,2064930,7266,34095,1.229,13.3,1.7143,2692885.829,14.80612398,20627506.2,0.130548298
中山市,2013,2171019,7689,34231,1.229,13.3,1.7143,2829128.254,14.85547918,22039898.32,0.128363943
中山市,2014,2376382,8385,33927,1.229,13.3,1.7143,3090255.034,14.94376418,23228459.11,0.133037453
中山市,2015,2455075,10714,35926,1.229,13.3,1.7143,3221371.317,14.9853177,24216964.6,0.133021267
中山市,2016,2593290,9244,37606,1.229,13.3,1.7143,3374566.576,15.03177745,24833324.89,0.135888633
中山市,2017,2794307,7774,39286,1.229,13.3,1.7143,3604945.493,15.09781721,26048157.55,0.138395412
中山市,2018,2930124,6304,40966,1.229,13.3,1.7143,3755193.61,15.1386504,27113695.29,0.138498038
中山市,2019,3100500,4834,42646,1.229,13.3,1.7143,3947914.738,15.18869808,23084529.35,0.171019936
中山市,2020,3165800,3364,44326,1.229,13.3,1.7143,4011497.462,15.20467516,31520000,0.12726832
中山市,2021,3571700,1894,46006,1.229,13.3,1.7143,4493677.586,15.31818199,25484634.34,0.176328902
中卫市,2006,232250,15,1237,1.229,13.3,1.7143,287755.3391,12.56986588,652316.2598,0.44112857
中卫市,2007,323808,15,1094,1.229,13.3,1.7143,400034.9762,12.89930726,670420.6813,0.596692476
中卫市,2008,321186,15,1340,1.229,13.3,1.7143,397234.256,12.89228145,888181.2825,0.44724457
中卫市,2009,314329,15,1205,1.229,13.3,1.7143,388575.5725,12.87024295,966775.8041,0.401929352
中卫市,2010,87467,1259,1116,1.229,13.3,1.7143,126154.8018,11.74526502,1068014.439,0.118120877
中卫市,2011,546013,2551,949,1.229,13.3,1.7143,706605.1477,13.4682273,1368824.156,0.516213236
中卫市,2012,1010000,5978,931,1.229,13.3,1.7143,1322393.413,14.09495384,1556024.8,0.849853687
中卫市,2013,1678894,11361,1520,1.229,13.3,1.7143,2217067.762,14.61169605,1809846.397,1.225003274
中卫市,2014,1087365,9587,1541,1.229,13.3,1.7143,1466520.421,14.19840309,1944919.448,0.754026303
中卫市,2015,798306,9599,1411,1.229,13.3,1.7143,1111203.651,13.92095436,2062913.079,0.538657524
中卫市,2016,1148007,19670,1500,1.229,13.3,1.7143,1675083.053,14.33137331,2058774.178,0.813631272
中卫市,2017,2008943,22721,1591,1.229,13.3,1.7143,2773907.698,14.83576761,2211535.142,1.254290581
中卫市,2018,2273672,23504,1516,1.229,13.3,1.7143,3109544.967,14.94998696,2375731.122,1.308879165
中卫市,2019,2394701,21660,1670,1.229,13.3,1.7143,3234028.41,14.9892391,2565096.197,1.260782505
中卫市,2020,2515730,21780,1653,1.229,13.3,1.7143,3384339.908,15.03466944,4400000,0.769168161
中卫市,2021,2310600,20165,1820,1.229,13.3,1.7143,3111041.926,14.95046825,2698928.031,1.1526954
重庆市,2006,3118500,173926,73506,1.229,13.3,1.7143,6271863.636,15.6515841,34915700,0.179628753
重庆市,2007,3458917,175128,81623,1.229,13.3,1.7143,6720137.702,15.7206192,39096295.01,0.171886817
重庆市,2008,3741584,187936,68122,1.229,13.3,1.7143,7214737.081,15.79163631,44793094.74,0.161068065
重庆市,2009,3986079,205164,70066,1.229,13.3,1.7143,7747686.435,15.86290483,58590850.04,0.132233726
重庆市,2010,4680337,254021,92807,1.229,13.3,1.7143,9289712.513,16.04441816,68731227.67,0.135159997
重庆市,2011,5688373,268790,92861,1.229,13.3,1.7143,10725109.03,16.18809819,80213050.68,0.133707781
重庆市,2012,5476605,324965,93315,1.229,13.3,1.7143,11212751.95,16.23256226,91003803.15,0.123211905
重庆市,2013,6416839,324336,87922,1.229,13.3,1.7143,12350688.62,16.32922238,100904455.2,0.122399835
重庆市,2014,7109800,321485,95672,1.229,13.3,1.7143,13177705.21,16.39403696,112337470.2,0.117304629
重庆市,2015,7590866,349378,76435,1.229,13.3,1.7143,14106934.23,16.46217702,125276141.6,0.112606711
重庆市,2016,8260454,384521,81603,1.229,13.3,1.7143,15406119.29,16.55027534,139314960.7,0.110584816
重庆市,2017,9926346,466511,72988,1.229,13.3,1.7143,18529198.86,16.73485836,150331592.2,0.123255522
重庆市,2018,11144706,492502,64503,1.229,13.3,1.7143,20357697.77,16.82896967,154667872,0.13162202
重庆市,2019,11601939,538136,61187,1.229,13.3,1.7143,21520884.71,16.8845344,174308972.3,0.12346401
重庆市,2020,11865200,526164,57150,1.229,13.3,1.7143,21678284.25,16.89182159,181106931.8,0.11969881
重庆市,2021,11675500,579515,64141,1.229,13.3,1.7143,22166695.92,16.91410154,195036705.4,0.11365397
舟山市,2006,174938,871,25982,1.229,13.3,1.7143,271124.0446,12.51033172,3351979,0.080884768
舟山市,2007,196772,996,26875,1.229,13.3,1.7143,301151.4005,12.61536841,3838676.15,0.07845189
舟山市,2008,240521,1086,28049,1.229,13.3,1.7143,358128.5097,12.78864717,4443374.953,0.08059831
舟山市,2009,271355,1263,28930,1.229,13.3,1.7143,399887.894,12.89893952,4928973.512,0.081130055
舟山市,2010,315390,1625,29786,1.229,13.3,1.7143,460288.9498,13.03960972,5533094.382,0.083188342
舟山市,2011,326697,1922,27257,1.229,13.3,1.7143,473799.8881,13.06854033,6221714.074,0.07615263
舟山市,2012,324500,2224,23829,1.229,13.3,1.7143,469239.7547,13.05886912,6879746.536,0.068205965
舟山市,2013,339076,2639,28923,1.229,13.3,1.7143,501405.8029,13.12517104,7486278.229,0.066976645
舟山市,2014,352190,2811,29846,1.229,13.3,1.7143,521392.8078,13.16425899,8203035.94,0.063560956
舟山市,2015,348853,2923,27158,1.229,13.3,1.7143,514173.1964,13.15031545,8772641.201,0.058610991
舟山市,2016,363629,3119,27789,1.229,13.3,1.7143,536021.4237,13.19192941,9861632.717,0.054354227
舟山市,2017,525234,4676,27467,1.229,13.3,1.7143,754790.0641,13.53419493,9420833.235,0.080119247
舟山市,2018,239318,5749,28318,1.229,13.3,1.7143,419129.0694,12.94593419,9839922.297,0.042594754
舟山市,2019,654955,8090,28826,1.229,13.3,1.7143,961953.1068,13.77672098,10168660.43,0.094599787
舟山市,2020,1030000,8402,27615,1.229,13.3,1.7143,1424956.995,14.16965219,11223159.61,0.12696576
舟山市,2021,1348000,9660,28330,1.229,13.3,1.7143,1833736.119,14.42186604,11998122.74,0.152835252
周口市,2006,48711,274,3950,1.229,13.3,1.7143,70281.504,11.16026394,6777441,0.010369917
周口市,2007,70744,1000,4100,1.229,13.3,1.7143,107273.006,11.58313232,7394023.728,0.014508069
周口市,2008,89122,1003,4300,1.229,13.3,1.7143,130242.328,11.77715206,8530616.469,0.015267634
周口市,2009,108571,1032,3900,1.229,13.3,1.7143,153845.129,11.94370172,9478420.974,0.016231093
周口市,2010,121518,4241,4100,1.229,13.3,1.7143,212779.552,12.26801194,10399533.32,0.02046049
周口市,2011,106490,4423,4100,1.229,13.3,1.7143,196730.74,12.18959127,11488711.51,0.01712383
周口市,2012,124483,5633,4095,1.229,13.3,1.7143,234928.5655,12.36703677,12860377.37,0.018267626
周口市,2013,151183,6829,4000,1.229,13.3,1.7143,283486.807,12.55492086,14594284.62,0.019424509
周口市,2014,149136,6853,4000,1.229,13.3,1.7143,281290.244,12.54714231,16176321.68,0.017389012
周口市,2015,144663,7518,4000,1.229,13.3,1.7143,284637.427,12.55897146,17149729.87,0.016597196
周口市,2016,134414,8195,4200,1.229,13.3,1.7143,281388.366,12.54749108,18521680.65,0.015192378
周口市,2017,991604,8236,4700,1.229,13.3,1.7143,1336277.326,14.10539819,19479169.6,0.068600323
周口市,2018,1143339,9052,4700,1.229,13.3,1.7143,1533612.441,14.24313658,20554581.54,0.074611708
周口市,2019,1254231,8333,4600,1.229,13.3,1.7143,1660164.579,14.3224273,24285742.49,0.068359639
周口市,2020,1382300,7859,4200,1.229,13.3,1.7143,1810571.46,14.40915308,24547651.11,0.073757422
周口市,2021,1534500,10826,5546,1.229,13.3,1.7143,2039393.808,14.52816317,26370332.23,0.077336675
珠海市,2006,721434,1923,570168,1.229,13.3,1.7143,1889657.288,14.45190604,7032490.507,0.268703852
珠海市,2007,838865,1923,203000,1.229,13.3,1.7143,1404543.885,14.15522317,8052470.157,0.174423979
珠海市,2008,895993,1923,219300,1.229,13.3,1.7143,1502697.287,14.22277224,9114070.857,0.16487663
珠海市,2009,917187,1923,246100,1.229,13.3,1.7143,1574687.953,14.26956769,9220938.95,0.170773059
珠海市,2010,1022561,1923,266900,1.229,13.3,1.7143,1739850.039,14.36930948,10235893.88,0.169975389
珠海市,2011,1125587,1923,300500,1.229,13.3,1.7143,1924069.473,14.46995302,11996828.75,0.160381507
珠海市,2012,1174724,1923,326200,1.229,13.3,1.7143,2028516.356,14.52281522,12707233.26,0.159634778
珠海市,2013,1247341,4973,309900,1.229,13.3,1.7143,2130384.559,14.57181307,13883866.24,0.153443178
珠海市,2014,1343224,8023,213800,1.229,13.3,1.7143,2124045.536,14.5688331,15363929.33,0.138248848
珠海市,2015,1453705,12275,210900,1.229,13.3,1.7143,2311406.815,14.65336691,16295274.98,0.141845217
珠海市,2016,1529000,12711,173800,1.229,13.3,1.7143,2346142.64,14.66828311,17262573.12,0.135909208
珠海市,2017,1626700,15135,158043,1.229,13.3,1.7143,2471442.915,14.72031271,20314056.2,0.121661715
珠海市,2018,1759926,16668,157188,1.229,13.3,1.7143,2654100.842,14.79161649,21754950.41,0.121999857
珠海市,2019,1899061,19765,128615,1.229,13.3,1.7143,2817305.164,14.85129137,25578343.39,0.110144161
珠海市,2020,1932000,16964,100080,1.229,13.3,1.7143,2771616.344,14.83494123,34820000,0.079598402
珠海市,2021,2182200,23744,94237,1.229,13.3,1.7143,3159269.489,14.96585138,27742947.42,0.113876491
株洲市,2006,438786,5660,15037,1.229,13.3,1.7143,640323.9231,13.36972946,6052653,0.105792274
株洲市,2007,489079,7897,15037,1.229,13.3,1.7143,731886.1201,13.50338021,6920605.281,0.10575464
株洲市,2008,524870,11724,15238,1.229,13.3,1.7143,827116.9334,13.62570136,7850828.937,0.105354089
株洲市,2009,585141,10518,13897,1.229,13.3,1.7143,882851.3161,13.69091208,8919896.693,0.098975509
株洲市,2010,648163,13524,10865,1.229,13.3,1.7143,995087.3965,13.81058585,10433185.45,0.095377141
株洲市,2011,655319,22319,9030,1.229,13.3,1.7143,1117709.88,13.9267924,11884057.54,0.094051201
株洲市,2012,702653,23544,4900,1.229,13.3,1.7143,1185095.807,13.98533418,13295399.94,0.089135777
株洲市,2013,798579,23602,3000,1.229,13.3,1.7143,1300503.091,14.07826174,14592808.57,0.089119451
株洲市,2014,785926,27240,3593,1.229,13.3,1.7143,1334354.534,14.10395824,16114580.37,0.082804175
株洲市,2015,802654,22102,4200,1.229,13.3,1.7143,1287618.426,14.06830489,17133706.83,0.075151188
株洲市,2016,671605,21495,7446,1.229,13.3,1.7143,1124050.723,13.93244944,18240052.89,0.061625409
株洲市,2017,1112056,23614,5240,1.229,13.3,1.7143,1689765.956,14.34010059,18267084.37,0.09250332
株洲市,2018,1191239,25499,5240,1.229,13.3,1.7143,1812152.363,14.41002585,19071810.24,0.095017323
株洲市,2019,1129502,26598,5112,1.229,13.3,1.7143,1750674.86,14.37551191,21325651.65,0.082092444
株洲市,2020,1139000,25928,5733,1.229,13.3,1.7143,1754501.482,14.37769532,21861020.36,0.080257072
株洲市,2021,1288900,28573,7862,1.229,13.3,1.7143,1977556.827,14.49737271,23672651.22,0.083537615
驻马店市,2006,156146,737,2650,1.229,13.3,1.7143,206248.429,12.23683669,5719231,0.036062266
驻马店市,2007,167386,1102,2680,1.229,13.3,1.7143,224968.318,12.32371486,6180472.632,0.036399857
驻马店市,2008,180766,1145,2697,1.229,13.3,1.7143,242013.3811,12.3967483,7047053.458,0.034342493
驻马店市,2009,225519,1239,2967,1.229,13.3,1.7143,298727.8791,12.60728833,8011810.535,0.037285939
驻马店市,2010,250092,2027,3250,1.229,13.3,1.7143,339893.643,12.73638803,8921346.222,0.038098919
驻马店市,2011,290843,2260,3270,1.229,13.3,1.7143,393109.808,12.88184426,10160530.55,0.03868989
驻马店市,2012,379454,2497,3270,1.229,13.3,1.7143,505164.827,13.13264005,11217451.4,0.045033832
驻马店市,2013,422494,2600,3270,1.229,13.3,1.7143,559430.887,13.23467527,12567856.95,0.044512831
驻马店市,2014,440183,5029,3270,1.229,13.3,1.7143,613476.368,13.32689702,13733853.07,0.044668919
驻马店市,2015,438899,6016,3270,1.229,13.3,1.7143,625025.432,13.34554762,14830475.82,0.042144665
驻马店市,2016,395539,6389,3570,1.229,13.3,1.7143,577211.182,13.26596348,16141913.06,0.035758536
驻马店市,2017,1244102,6783,3560,1.229,13.3,1.7143,1625318.166,14.30121415,17224853.86,0.094358894
驻马店市,2018,1401023,8020,3560,1.229,13.3,1.7143,1834626.175,14.4223513,18130753.18,0.101188636
驻马店市,2019,1510794,7510,3959,1.229,13.3,1.7143,1963435.74,14.49020643,20822859.89,0.094292319
驻马店市,2020,1497100,7937,1985,1.229,13.3,1.7143,1948900.886,14.48277612,21482012.4,0.090722454
驻马店市,2021,1449000,8196,2135,1.229,13.3,1.7143,1893487.831,14.4539311,23255072.73,0.081422572
资阳市,2006,59066,5290,2342,1.229,13.3,1.7143,146964.0046,11.89794297,2763595.349,0.053178554
资阳市,2007,69581,6561,2344,1.229,13.3,1.7143,176794.6682,12.08274427,3165106.571,0.055857414
资阳市,2008,74240,6623,30000,1.229,13.3,1.7143,230755.86,12.34911555,4073605.311,0.056646592
资阳市,2009,80026,6476,3357,1.229,13.3,1.7143,190237.6591,12.15602941,4415302.992,0.043085981
资阳市,2010,90709,6485,3010,1.229,13.3,1.7143,202891.904,12.22042862,5113820.891,0.039675207
资阳市,2011,103547,6569,3625,1.229,13.3,1.7143,220841.3005,12.30519963,6390580.361,0.034557315
资阳市,2012,94223,6630,3498,1.229,13.3,1.7143,209975.6884,12.25474703,7465737.851,0.028125243
资阳市,2013,110198,5134,3487,1.229,13.3,1.7143,209693.3061,12.2534013,8247647.726,0.02542462
资阳市,2014,102712,5171,3622,1.229,13.3,1.7143,201216.5426,12.21213693,9274588.167,0.021695469
资阳市,2015,99584,4867,3909,1.229,13.3,1.7143,193821.0347,12.17469051,9726847.916,0.019926397
资阳市,2016,109460,4516,3745,1.229,13.3,1.7143,201009.1935,12.21110592,6826746.685,0.029444361
资阳市,2017,229828,4810,3895,1.229,13.3,1.7143,353108.8105,12.77453153,7058005.369,0.050029547
资阳市,2018,262215,5028,3000,1.229,13.3,1.7143,394277.535,12.88481034,7318465.839,0.053874342
资阳市,2019,279156,5851,2700,1.229,13.3,1.7143,425529.634,12.96108987,5286595.66,0.080492185
资阳市,2020,275900,7701,335,1.229,13.3,1.7143,442078.6905,12.99924318,5151638.61,0.085813219
资阳市,2021,339000,8814,290,1.229,13.3,1.7143,534354.347,13.18881447,5886079.044,0.090782734
淄博市,2006,2320491,52418,122238,1.229,13.3,1.7143,3758595.442,15.13955589,16451600,0.228463824
淄博市,2007,2114098,46858,115206,1.229,13.3,1.7143,3418935.488,15.0448398,18171848.61,0.188144616
淄博市,2008,2322496,56773,125999,1.229,13.3,1.7143,3825428.57,15.15718106,19900768.46,0.192225169
淄博市,2009,2358563,48638,123613,1.229,13.3,1.7143,3757469.093,15.13925618,21162275.64,0.177555059
淄博市,2010,2570255,70866,59928,1.229,13.3,1.7143,4204095.765,15.25156979,23852123.57,0.176256665
淄博市,2011,2681258,95693,52313,1.229,13.3,1.7143,4657663.158,15.35402441,26235556.06,0.177532473
淄博市,2012,2640467,91613,31257,1.229,13.3,1.7143,4517170.718,15.32339641,28382579.69,0.15915293
淄博市,2013,2600268,93780,46648,1.229,13.3,1.7143,4522972.038,15.32467987,30106082.19,0.150234494
淄博市,2014,2464849,93576,37909,1.229,13.3,1.7143,4338847.62,15.28311935,32289259.92,0.134374328
淄博市,2015,2412079,84547,36495,1.229,13.3,1.7143,4151483.57,15.23897631,32762970.82,0.126712672
淄博市,2016,2376578,88107,13494,1.229,13.3,1.7143,4115770.226,15.23033655,35365977.32,0.116376544
淄博市,2017,3245681,103254,17797,1.229,13.3,1.7143,5392729.546,15.50056222,38270788.19,0.140909811
淄博市,2018,3384953,106812,8829,1.229,13.3,1.7143,5595842.392,15.53753445,40856017.95,0.136964948
淄博市,2019,3405656,114817,9139,1.229,13.3,1.7143,5728284.312,15.56092662,29208699.28,0.196115693
淄博市,2020,3989200,162142,14487,1.229,13.3,1.7143,7084050.464,15.7733564,29437562.23,0.240646641
淄博市,2021,4252700,207987,20650,1.229,13.3,1.7143,8028195.695,15.89847037,32175632.97,0.249511663
自贡市,2006,219978,43240,250,1.229,13.3,1.7143,845873.537,13.64812514,2946808.196,0.287047368
自贡市,2007,285281,46968,267,1.229,13.3,1.7143,975742.4671,13.79095396,3335960.435,0.292492218
自贡市,2008,298322,62870,501,1.229,13.3,1.7143,1203667.602,14.00088379,4241088.093,0.283811035
自贡市,2009,301768,67888,489,1.229,13.3,1.7143,1274621.565,14.05815988,4469299.83,0.28519491
自贡市,2010,275748,57645,485,1.229,13.3,1.7143,1106404.228,13.91662588,5034718.938,0.219754914
自贡市,2011,307216,58271,398,1.229,13.3,1.7143,1153255.055,13.95809899,5962083.926,0.193431537
自贡市,2012,324712,22933,404,1.229,13.3,1.7143,704772.5252,13.46563037,6708168.033,0.105061847
自贡市,2013,306400,22654,1153,1.229,13.3,1.7143,679840.3879,13.42961333,7562392.394,0.089897529
自贡市,2014,223555,14601,1027,1.229,13.3,1.7143,470702.9811,13.06198256,8326671.921,0.056529546
自贡市,2015,208588,27461,1070,1.229,13.3,1.7143,623420.253,13.34297613,8752389.158,0.07122858
自贡市,2016,217721,21526,1100,1.229,13.3,1.7143,555760.639,13.22809298,8933311.944,0.062212161
自贡市,2017,359050,17800,3113.3333,1.229,13.3,1.7143,683349.6373,13.43476192,9059388.094,0.075429999
自贡市,2018,408469,24212,5126.6667,1.229,13.3,1.7143,832816.6457,13.63256878,9652753.208,0.086277628
自贡市,2019,426902,45100,7140,1.229,13.3,1.7143,1136732.66,13.94366862,9703417.227,0.117147664
自贡市,2020,445335,25887,935,1.229,13.3,1.7143,893216.6855,13.70258448,14580000,0.061263147
自贡市,2021,506300,25894,935,1.229,13.3,1.7143,968235.7705,13.7832309,10576445.06,0.091546428
遵义市,2006,336151,60,8200,1.229,13.3,1.7143,427984.839,12.96684305,4645307,0.092132735
遵义市,2007,391006,60,10000,1.229,13.3,1.7143,498487.374,13.11933354,4933984.765,0.101031397
遵义市,2008,314665,300,12000,1.229,13.3,1.7143,411284.885,12.9270414,5412900.586,0.075982346
遵义市,2009,532330,1035,10010,1.229,13.3,1.7143,685159.213,13.43740652,6498020.865,0.105441215
遵义市,2010,358504,1850,8400,1.229,13.3,1.7143,479606.536,13.08072133,7310252.447,0.065607384
遵义市,2011,456041,1321,10280,1.229,13.3,1.7143,595666.693,13.29743655,8377638.538,0.071101981
遵义市,2012,475099,2400,10090,1.229,13.3,1.7143,633113.958,13.35840571,9448973.893,0.067003461
遵义市,2013,456494,3019,10192,1.229,13.3,1.7143,618655.9716,13.33530462,10589833.55,0.058419801
遵义市,2014,352005,3663,11075,1.229,13.3,1.7143,500317.9175,13.12299901,12062967.15,0.041475527
遵义市,2015,437513,1722,1200,1.229,13.3,1.7143,562663.237,13.24043657,13443441.5,0.041854107
遵义市,2016,820631,8141,1876,1.229,13.3,1.7143,1120046.826,13.92888105,14721382.01,0.076082994
遵义市,2017,2232791,8228,17407,1.229,13.3,1.7143,2883373.359,14.87447147,16077088.42,0.179346738
遵义市,2018,2400000,17956,16993.5,1.229,13.3,1.7143,3217546.757,14.98412975,17619901.39,0.18260867
遵义市,2019,2498882,27684,16580,1.229,13.3,1.7143,3467746.272,15.05901545,19529922.67,0.177560676
遵义市,2020,2632800,29132,16818,1.229,13.3,1.7143,3651997.897,15.11078494,20504665,0.178105709
遵义市,2021,2742800,56358,20873,1.229,13.3,1.7143,4156245.184,15.24012262,22762943.52,0.182588213
,,,,,,,,,,,
更多数据请关注公众号,,,,,,,,,,,
【众鲤数据网】,,,,,,,,,,,
官网https://zldatas.com,,,,,,,,,,,
